{
  "resourceType": "Condition",
  "id": "Lyme-TC-Condition",
  "meta": {
    "profile": [
      "http://cbsig.chai.gatech.edu/StructureDefinition/cbs-condition"
    ]
  },
  "extension": [
    {
      "url": "http://cbsig.chai.gatech.edu/StructureDefinition/cbs-case-class-status",
      "valueCodeableConcept": {
        "coding": [
          {
            "code": "410605003",
            "system": "http://snomed.info/sct",
            "display": "Confirmed present"
          }
        ]
      }
    },
    {
      "url": "http://cbsig.chai.gatech.edu/StructureDefinition/cbs-diagnosis-date",
      "valueDateTime": "2018-07-05"
    },
    {
      "url": "http://cbsig.chai.gatech.edu/StructureDefinition/cbs-illness-duration",
      "valueQuantity": {
        "value": 15,
        "system": "http://unitsofmeasure.org",
        "code": "d"
      }
    }
  ],
  "code": {
    "coding": [
      {
        "code": "11080",
        "system": "urn:oid:2.16.840.1.114222.4.5.277",
        "display": "Lyme disease"
      }
    ]
  },
  "subject": {
    "reference": "Patient/Lyme-TC-Patient",
    "display": "Lyme-TC Example Patient"
  },
  "onsetDateTime": "2018-06-25",
  "abatementDateTime": "2018-07-10",
  "clinicalStatus": {
    "coding": [
      {
        "code": "inactive",
        "system": "http://terminology.hl7.org/CodeSystem/condition-clinical"
      }
    ]
  },
  "evidence": [
    {
      "code": [
        {
          "coding": [
            {
              "code": "69588003",
              "system": "http://snomed.info/sct",
              "display": "Erythema Migrans"
            }
          ]
        }
      ]
    },
    {
      "code": [
        {
          "coding": [
            {
              "code": "233917008",
              "system": "http://snomed.info/sct",
              "display": "Atrioventricular block"
            }
          ]
        }
      ]
    }
  ]
}
