{
  "resourceType": "Condition",
  "id": "GenV2-TC-Condition",
  "meta": {
    "profile": [
      "http://cbsig.chai.gatech.edu/StructureDefinition/cbs-condition"
    ]
  },
  "extension": [
    {
      "url": "http://cbsig.chai.gatech.edu/StructureDefinition/cbs-case-class-status",
      "valueCodeableConcept": {
        "coding": [
          {
            "code": "410605003",
            "system": "http://snomed.info/sct",
            "display": "Confirmed present"
          }
        ]
      }
    },
    {
      "url": "http://cbsig.chai.gatech.edu/StructureDefinition/cbs-diagnosis-date",
      "valueDateTime": "2014-02-02"
    },
    {
      "url": "http://cbsig.chai.gatech.edu/StructureDefinition/cbs-illness-duration",
      "valueQuantity": {
        "value": 6,
        "system": "http://unitsofmeasure.org",
        "code": "d"
      }
    }
  ],
  "code": {
    "coding": [
      {
        "code": "11550",
        "system": "urn:oid:2.16.840.1.114222.4.5.277",
        "display": "Hemolytic Uremic Syndrome"
      }
    ]
  },
  "subject": {
    "reference": "Patient/GenV2-TC-Patient",
    "display": "GenV2-TC Example Patient"
  },
  "onsetDateTime": "2014-02-24",
  "abatementDateTime": "2014-03-02",
  "clinicalStatus": {
    "coding": [
      {
        "code": "inactive",
        "system": "http://terminology.hl7.org/CodeSystem/condition-clinical"
      }
    ]
  }
}
