{
  "resourceType": "Condition",
  "id": "STD-TC-Complication",
  "subject": {
    "reference": "Patient/STD-TC-Patient",
    "display": "STD-TC Example Patient"
  },
  "code": {
    "coding": [
      {
        "code": "198130006",
        "system": "http://snomed.info/sct",
        "display": "Female pelvic inflammatory disease"
      }
    ]
  },
  "clinicalStatus": {
    "coding": [
      {
        "code": "inactive",
        "system": "http://terminology.hl7.org/CodeSystem/condition-clinical"
      }
    ]
  }
}
