{
  "resourceType": "Encounter",
  "id": "HAICA-TC-Hospitalization",
  "meta": {
    "profile": [
      "http://cbsig.chai.gatech.edu/StructureDefinition/us-cbs-hospitalization"
    ]
  },
  "class": {
    "code": "IMP",
    "system": "http://terminology.hl7.org/CodeSystem/v3-ActCode",
    "display": "inpatient encounter"
  },
  "type": [
    {
      "coding": [
        {
          "code": "42628595",
          "system": "http://www.ama-assn.org/go/cpt",
          "display": "Inpatient Hospital"
        }
      ]
    }
  ],
  "location": [
    {
      "location": {
        "extension": [
          {
            "url": "http://hl7.org/fhir/StructureDefinition/data-absent-reason",
            "valueCode": "masked"
          }
        ],
        "display": "Masked Location"
      }
    }
  ],
  "subject": {
    "reference": "Patient/HAICA-TC-Patient",
    "display": "HAI-CA TC Example Patient"
  },
  "period": {
    "start": "2018-11-24"
  },
  "reasonReference": [
    {
      "reference": "Condition/HAICA-TC-Condition"
    }
  ],
  "status": "unknown"
}
