{
  "resourceType": "Encounter",
  "id": "GenV2-TC-Hospitalization",
  "meta": {
    "profile": [
      "http://cbsig.chai.gatech.edu/StructureDefinition/cbs-hospitalization"
    ]
  },
  "status": "unknown",
  "class": {
    "code": "IMP",
    "system": "http://terminology.hl7.org/CodeSystem/v3-ActCode"
  },
  "subject": {
    "reference": "Patient/GenV2-TC-Patient",
    "display": "GenV2-TC Example Patient"
  },
  "period": {
    "start": "2014-02-26",
    "end": "2014-03-02"
  },
  "length": {
    "value": 4,
    "unit": "days",
    "system": "http://unitsofmeasure.org",
    "code": "d"
  },
  "diagnosis": [
    {
      "condition": {
        "reference": "Condition/GenV2-TC-Condition",
        "display": "GenV2-TC Condition of Interest"
      }
    }
  ]
}
