{
  "resourceType": "Encounter",
  "id": "Lyme-TC-Hospitalization",
  "meta": {
    "profile": [
      "http://cbsig.chai.gatech.edu/StructureDefinition/cbs-hospitalization"
    ]
  },
  "status": "unknown",
  "class": {
    "code": "IMP",
    "system": "http://terminology.hl7.org/CodeSystem/v3-ActCode"
  },
  "subject": {
    "reference": "Patient/Lyme-TC-Patient",
    "display": "Lyme-TC Example Patient"
  },
  "period": {
    "start": "2018-07-05",
    "end": "2018-07-10"
  },
  "length": {
    "value": 5,
    "unit": "days",
    "system": "http://unitsofmeasure.org",
    "code": "d"
  },
  "diagnosis": [
    {
      "condition": {
        "reference": "Condition/Lyme-TC-Condition",
        "display": "Lyme-TC Condition of Interest"
      }
    }
  ]
}
