{
  "resourceType": "Observation",
  "id": "HAICA-TC-Lab-Observation",
  "meta": {
    "profile": [
      "http://cbsig.chai.gatech.edu/StructureDefinition/cbs-lab-observation"
    ]
  },
  "status": "final",
  "category": [
    {
      "coding": [
        {
          "code": "laboratory",
          "system": "http://terminology.hl7.org/CodeSystem/observation-category"
        }
      ]
    }
  ],
  "code": {
    "coding": [
      {
        "code": "LAB723",
        "system": "urn:oid:2.16.840.1.114222.4.5.232",
        "display": "DNA Sequencing"
      }
    ]
  },
  "subject": {
    "reference": "Patient/HAICA-TC-Patient",
    "display": "HAICA-TC Example Patient"
  },
  "valueCodeableConcept": {
    "coding": [
      {
        "code": "10828004",
        "system": "http://snomed.info/sct",
        "display": "Positive"
      }
    ]
  },
  "method": {
    "coding": [
      {
        "code": "D1D2",
        "display": "D1/D2"
      }
    ]
  }
}
