{
  "resourceType": "Observation",
  "id": "Lyme-TC-ODH-Example",
  "meta": {
    "profile": [
      "http://hl7.org/fhir/us/odh/StructureDefinition/odh-PastOrPresentJob"
    ]
  },
  "code": {
    "coding": [
      {
        "system": "http://loinc.org",
        "code": "11341-5"
      }
    ]
  },
  "component": [
    {
      "code": {
        "coding": [
          {
            "system": "http://loinc.org",
            "code": "86188-0"
          }
        ]
      },
      "valueCodeableConcept": {
        "coding": [
          {
            "code": "4090",
            "system": "http://terminology.hl7.org/CodeSystem/PHIndustryCDCCensus2010"
          }
        ]
      }
    }
  ],
  "status": "final",
  "subject": {
    "reference": "Patient/Lyme-TC-Patient",
    "display": "Lyme-TC Example Patient"
  },
  "effectivePeriod": {
    "extension": [
      {
        "url": "http://hl7.org/fhir/StructureDefinition/data-absent-reason",
        "valueCode": "masked"
      }
    ]
  },
  "valueCodeableConcept": {
    "coding": [
      {
        "code": "6230",
        "system": "http://terminology.hl7.org/CodeSystem/PHOccupationCDCCensus2010",
        "display": "Carpenters"
      }
    ]
  }
}
