{
  "resourceType": "Observation",
  "id": "Lyme-TC-CNP",
  "meta": {
    "profile": [
      "http://cbsig.chai.gatech.edu/StructureDefinition/cbs-case-notification-panel"
    ]
  },
  "status": "final",
  "category": [
    {
      "coding": [
        {
          "code": "78000-7",
          "system": "http://loinc.org",
          "display": "Case notification panel [CDC.PHIN]"
        }
      ]
    }
  ],
  "code": {
    "coding": [
      {
        "code": "78000-7",
        "system": "http://loinc.org",
        "display": "Case notification panel [CDC.PHIN]"
      }
    ]
  },
  "subject": {
    "reference": "Patient/Lyme-TC-Patient",
    "display": "Lyme-TC Example Patient"
  },
  "hasMember": [
    {
      "reference": "Observation/Lyme-TC-MMWR"
    },
    {
      "reference": "Observation/Lyme-TC-Exposure"
    },
    {
      "reference": "Observation/Lyme-TC-CNP-Member1"
    },
    {
      "reference": "Observation/Lyme-TC-CNP-Member2"
    },
    {
      "reference": "Observation/Lyme-TC-CNP-Member3"
    },
    {
      "reference": "Observation/Lyme-TC-CNP-Member4"
    },
    {
      "reference": "Observation/Lyme-TC-CNP-Member5"
    },
    {
      "reference": "Observation/Lyme-TC-CNP-Member6"
    },
    {
      "reference": "Observation/Lyme-TC-CNP-Member7"
    },
    {
      "reference": "Observation/Lyme-TC-CNP-Member8"
    },
    {
      "reference": "Observation/Lyme-TC-CNP-Member9"
    },
    {
      "reference": "Observation/Lyme-TC-CNP-Member10"
    },
    {
      "reference": "Observation/Lyme-TC-CNP-Member11"
    },
    {
      "reference": "Observation/Lyme-TC-CNP-Member12"
    },
    {
      "reference": "Observation/Lyme-TC-CNP-Member13"
    }
  ]
}
