{
  "resourceType": "Observation",
  "id": "STD-TC-CNP-Member8",
  "meta": {
    "profile": [
      "http://cbsig.chai.gatech.edu/StructureDefinition/cbs-cnp-member"
    ]
  },
  "status": "final",
  "category": [
    {
      "coding": [
        {
          "code": "78000-7",
          "system": "http://loinc.org",
          "display": "Case notification panel [CDC.PHIN]"
        }
      ]
    }
  ],
  "code": {
    "coding": [
      {
        "code": "77973-6",
        "system": "http://loinc.org",
        "display": "Earliest date reported to state"
      }
    ]
  },
  "subject": {
    "reference": "Patient/STD-TC-Patient",
    "display": "STD-TC Example Patient"
  },
  "valueDateTime": "2014-01-17"
}
