{
  "resourceType": "Observation",
  "id": "Lyme-TC-CNP-Member10",
  "meta": {
    "profile": [
      "http://cbsig.chai.gatech.edu/StructureDefinition/cbs-case-outbreak"
    ]
  },
  "status": "final",
  "category": [
    {
      "coding": [
        {
          "code": "78000-7",
          "system": "http://loinc.org",
          "display": "Case notification panel [CDC.PHIN]"
        }
      ]
    }
  ],
  "code": {
    "coding": [
      {
        "code": "case-outbreak",
        "system": "http://cbsig.chai.gatech.edu/CodeSystem/cbs-temp-code-system",
        "display": "Case Outbreak Name and Indicator"
      }
    ]
  },
  "component": [
    {
      "code": {
        "coding": [
          {
            "code": "77980-1",
            "system": "http://loinc.org",
            "display": "Case is associated with a known outbreak"
          }
        ]
      },
      "valueCodeableConcept": {
        "coding": [
          {
            "code": "N",
            "system": "http://terminology.hl7.org/CodeSystem/v2-0005",
            "display": "No"
          }
        ]
      }
    }
  ],
  "subject": {
    "reference": "Patient/Lyme-TC-Patient",
    "display": "Lyme-TC Example Patient"
  }
}
