{
  "resourceType": "Observation",
  "id": "GenV2-TC-Exposure",
  "meta": {
    "profile": [
      "http://cbsig.chai.gatech.edu/StructureDefinition/cbs-exposure-observation"
    ]
  },
  "status": "final",
  "category": [
    {
      "coding": [
        {
          "code": "78000-7",
          "system": "http://loinc.org",
          "display": "Case notification panel [CDC.PHIN]"
        }
      ]
    }
  ],
  "code": {
    "coding": [
      {
        "code": "Location-of-Exposure",
        "system": "http://cbsig.chai.gatech.edu/CodeSystem/cbs-temp-code-system"
      }
    ]
  },
  "component": [
    {
      "code": {
        "coding": [
          {
            "code": "77984-3",
            "system": "http://loinc.org"
          }
        ]
      },
      "valueCodeableConcept": {
        "coding": [
          {
            "code": "USA",
            "system": "urn:iso:std:iso:3166",
            "display": "United States of America"
          }
        ]
      }
    },
    {
      "code": {
        "coding": [
          {
            "code": "77985-0",
            "system": "http://loinc.org"
          }
        ]
      },
      "valueCodeableConcept": {
        "coding": [
          {
            "code": "48",
            "system": "urn:oid:2.16.840.1.113883.6.92",
            "display": "Texas"
          }
        ]
      }
    },
    {
      "code": {
        "coding": [
          {
            "code": "77986-8",
            "system": "http://loinc.org"
          }
        ]
      },
      "valueString": "Houston"
    },
    {
      "code": {
        "coding": [
          {
            "code": "77987-6",
            "system": "http://loinc.org"
          }
        ]
      },
      "valueString": "Harris"
    }
  ],
  "subject": {
    "reference": "Patient/GenV2-TC-Patient",
    "display": "GenV2-TC Example Patient"
  },
  "focus": [
    {
      "reference": "Condition/GenV2-TC-Condition",
      "display": "GenV2-TC Example Condition of Interest"
    }
  ]
}
