{
  "resourceType": "Observation",
  "id": "STD-TC-EQ12",
  "meta": {
    "profile": [
      "http://cbsig.chai.gatech.edu/StructureDefinition/cbs-epi-questionnaire-panel"
    ]
  },
  "category": [
    {
      "coding": [
        {
          "system": "http://cbsig.chai.gatech.edu/CodeSystem/cbs-temp-code-system",
          "code": "epi-questionnaire"
        }
      ]
    }
  ],
  "status": "final",
  "code": {
    "coding": [
      {
        "code": "STD120",
        "system": "urn:oid:2.16.840.1.114222.4.5.232",
        "display": "Total Number of Sex Partners in the Last 12 months"
      }
    ]
  },
  "subject": {
    "reference": "Patient/STD-TC-Patient",
    "display": "STD-TC Example Patient"
  },
  "valueInteger": 2
}
