{
  "resourceType": "Observation",
  "id": "GenV2-TC-CNP-Member11",
  "meta": {
    "profile": [
      "http://cbsig.chai.gatech.edu/StructureDefinition/cbs-cnp-member"
    ]
  },
  "status": "final",
  "category": [
    {
      "coding": [
        {
          "code": "78000-7",
          "system": "http://loinc.org",
          "display": "Case notification panel [CDC.PHIN]"
        }
      ]
    }
  ],
  "code": {
    "coding": [
      {
        "code": "77988-4",
        "system": "http://loinc.org",
        "display": "Binational reporting criteria [CDC.PHIN]"
      }
    ]
  },
  "subject": {
    "reference": "Patient/GenV2-TC-Patient",
    "display": "GenV2-TC Example Patient"
  },
  "valueCodeableConcept": {
    "coding": [
      {
        "code": "PHC1140",
        "system": "urn:oid:2.16.840.1.114222.4.5.274",
        "display": "Exposure to suspected product from Canada or Mexico"
      }
    ]
  }
}
