{
  "resourceType": "Observation",
  "id": "HAICA-TC-CNP-Member4",
  "meta": {
    "profile": [
      "http://cbsig.chai.gatech.edu/StructureDefinition/cbs-cnp-member"
    ]
  },
  "status": "final",
  "category": [
    {
      "coding": [
        {
          "code": "78000-7",
          "system": "http://loinc.org",
          "display": "Case notification panel [CDC.PHIN]"
        }
      ]
    }
  ],
  "code": {
    "coding": [
      {
        "code": "77989-2",
        "system": "http://loinc.org",
        "display": "Disease transmission mode"
      }
    ]
  },
  "subject": {
    "reference": "Patient/HAICA-TC-Patient",
    "display": "HAICA-TC Example Patient"
  },
  "valueCodeableConcept": {
    "coding": [
      {
        "code": "418375005",
        "system": "http://snomed.info/sct",
        "display": "Indeterminate disease transmission mode"
      }
    ]
  }
}
