{
  "resourceType": "Observation",
  "id": "STD-TC-CNP-Member10",
  "meta": {
    "profile": [
      "http://cbsig.chai.gatech.edu/StructureDefinition/cbs-cnp-member"
    ]
  },
  "status": "final",
  "category": [
    {
      "coding": [
        {
          "code": "78000-7",
          "system": "http://loinc.org",
          "display": "Case notification panel [CDC.PHIN]"
        }
      ]
    }
  ],
  "code": {
    "coding": [
      {
        "code": "case-outbreak",
        "system": "http://cbsig.chai.gatech.edu/CodeSystem/cbs-temp-code-system",
        "display": "Case Outbreak Name and Indicator"
      }
    ]
  },
  "subject": {
    "reference": "Patient/STD-TC-Patient",
    "display": "STD-TC Example Patient"
  },
  "component": [
    {
      "code": {
        "coding": [
          {
            "code": "77980-1",
            "system": "http://loinc.org"
          }
        ]
      },
      "valueCodeableConcept": {
        "coding": [
          {
            "code": "N",
            "system": "http://terminology.hl7.org/CodeSystem/v2-0005",
            "display": "No"
          }
        ]
      }
    }
  ]
}
