{
  "resourceType": "Observation",
  "id": "Lyme-TC-Lab-Observation-1",
  "meta": {
    "profile": [
      "http://cbsig.chai.gatech.edu/StructureDefinition/cbs-lab-observation"
    ]
  },
  "status": "final",
  "category": [
    {
      "coding": [
        {
          "code": "laboratory",
          "system": "http://terminology.hl7.org/CodeSystem/observation-category"
        }
      ]
    }
  ],
  "code": {
    "coding": [
      {
        "code": "20449-5",
        "system": "http://loinc.org",
        "display": "Borrelia burgdorferi Ab [Presence] in Serum by Immunoassay"
      }
    ]
  },
  "subject": {
    "reference": "Patient/Lyme-TC-Patient",
    "display": "Lyme-TC Example Patient"
  },
  "valueCodeableConcept": {
    "coding": [
      {
        "code": "10828004",
        "system": "http://snomed.info/sct",
        "display": "Positive"
      }
    ]
  }
}
