{
  "resourceType": "Observation",
  "id": "GenV2-TC-CNP-Member14",
  "meta": {
    "profile": [
      "http://cbsig.chai.gatech.edu/StructureDefinition/cbs-pregnancy-status"
    ]
  },
  "status": "final",
  "category": [
    {
      "coding": [
        {
          "code": "78000-7",
          "system": "http://loinc.org",
          "display": "Case notification panel [CDC.PHIN]"
        }
      ]
    }
  ],
  "code": {
    "coding": [
      {
        "code": "77996-7",
        "system": "http://loinc.org",
        "display": "Pregnancy status at time of illness or condition"
      }
    ]
  },
  "subject": {
    "reference": "Patient/GenV2-TC-Patient",
    "display": "GenV2-TC Example Patient"
  },
  "valueCodeableConcept": {
    "coding": [
      {
        "code": "N",
        "system": "http://terminology.hl7.org/CodeSystem/v2-0532",
        "display": "No"
      }
    ]
  }
}
