{
  "resourceType": "Observation",
  "id": "GenV2-TC-CNP-Member10",
  "meta": {
    "profile": [
      "http://cbsig.chai.gatech.edu/StructureDefinition/cbs-cnp-member"
    ]
  },
  "status": "final",
  "category": [
    {
      "coding": [
        {
          "code": "78000-7",
          "system": "http://loinc.org",
          "display": "Case notification panel [CDC.PHIN]"
        }
      ]
    }
  ],
  "code": {
    "coding": [
      {
        "code": "case-outbreak",
        "system": "http://cbsig.chai.gatech.edu/CodeSystem/cbs-temp-code-system",
        "display": "Case Outbreak Name and Indicator"
      }
    ]
  },
  "subject": {
    "reference": "Patient/GenV2-TC-Patient",
    "display": "GenV2-TC Example Patient"
  },
  "component": [
    {
      "code": {
        "coding": [
          {
            "code": "77980-1",
            "system": "http://loinc.org"
          }
        ]
      },
      "valueCodeableConcept": {
        "coding": [
          {
            "code": "Y",
            "system": "http://terminology.hl7.org/CodeSystem/v2-0005",
            "display": "Yes"
          }
        ]
      }
    },
    {
      "code": {
        "coding": [
          {
            "code": "77981-9",
            "system": "http://loinc.org"
          }
        ]
      },
      "valueString": "HANSENOUTB1"
    }
  ]
}
