{
  "resourceType": "Observation",
  "id": "STD-TC-CaseSampled",
  "status": "final",
  "code": {
    "coding": [
      {
        "code": "INV892",
        "system": "urn:oid:2.16.840.1.114222.4.5.232",
        "display": "HIV Status Documented Through eHARS Record Search"
      }
    ]
  },
  "subject": {
    "reference": "Patient/STD-TC-Patient",
    "display": "STD-TC Example Patient"
  },
  "valueCodeableConcept": {
    "coding": [
      {
        "code": "N",
        "system": "http://terminology.hl7.org/CodeSystem/v2-0532",
        "display": "No"
      }
    ]
  }
}
