{
  "resourceType": "Observation",
  "id": "GenV2-TC-CNP-Member15",
  "meta": {
    "profile": [
      "http://cbsig.chai.gatech.edu/StructureDefinition/cbs-age-at-investigation"
    ]
  },
  "status": "final",
  "category": [
    {
      "coding": [
        {
          "code": "78000-7",
          "system": "http://loinc.org",
          "display": "Case notification panel [CDC.PHIN]"
        }
      ]
    }
  ],
  "code": {
    "coding": [
      {
        "code": "77998-3",
        "system": "http://loinc.org",
        "display": "Age at time of case investigation"
      }
    ]
  },
  "subject": {
    "reference": "Patient/GenV2-TC-Patient",
    "display": "GenV2-TC Example Patient"
  },
  "valueQuantity": {
    "value": 49,
    "unit": "year",
    "system": "http://unitsofmeasure.org",
    "code": "a"
  }
}
