{
  "resourceType": "Observation",
  "id": "STD-TC-EpiQuestionnaire",
  "meta": {
    "profile": [
      "http://cbsig.chai.gatech.edu/StructureDefinition/cbs-epi-questionnaire-panel"
    ]
  },
  "category": [
    {
      "coding": [
        {
          "system": "http://cbsig.chai.gatech.edu/CodeSystem/cbs-temp-code-system",
          "code": "epi-questionnaire"
        }
      ]
    }
  ],
  "status": "final",
  "code": {
    "coding": [
      {
        "code": "std-program-questionnaire-panel",
        "system": "http://cbsig.chai.gatech.edu/CodeSystem/cbs-temp-code-system"
      }
    ]
  },
  "subject": {
    "reference": "Patient/STD-TC-Patient",
    "display": "STD-TC Example Patient"
  },
  "hasMember": [
    {
      "reference": "Observation/STD-TC-EQ1"
    },
    {
      "reference": "Observation/STD-TC-EQ2"
    },
    {
      "reference": "Observation/STD-TC-EQ3"
    },
    {
      "reference": "Observation/STD-TC-EQ4"
    },
    {
      "reference": "Observation/STD-TC-EQ5"
    },
    {
      "reference": "Observation/STD-TC-EQ6"
    },
    {
      "reference": "Observation/STD-TC-EQ7"
    },
    {
      "reference": "Observation/STD-TC-EQ8"
    },
    {
      "reference": "Observation/STD-TC-EQ9"
    },
    {
      "reference": "Observation/STD-TC-EQ10"
    },
    {
      "reference": "Observation/STD-TC-EQ11"
    },
    {
      "reference": "Observation/STD-TC-EQ12"
    },
    {
      "reference": "Observation/STD-TC-EQ13"
    }
  ]
}
