{
  "resourceType": "Observation",
  "id": "STD-TC-HIVStatus",
  "status": "final",
  "code": {
    "coding": [
      {
        "code": "55277-8",
        "system": "http://loinc.org",
        "display": "HIV status"
      }
    ]
  },
  "subject": {
    "reference": "Patient/STD-TC-Patient",
    "display": "STD-TC Example Patient"
  },
  "valueCodeableConcept": {
    "coding": [
      {
        "code": "165816005",
        "system": "http://snomed.info/sct",
        "display": "HIV positive"
      }
    ]
  }
}
