{
  "resourceType": "Observation",
  "id": "STD-TC-EQ10",
  "meta": {
    "profile": [
      "http://cbsig.chai.gatech.edu/StructureDefinition/cbs-epi-questionnaire-panel"
    ]
  },
  "category": [
    {
      "coding": [
        {
          "system": "http://cbsig.chai.gatech.edu/CodeSystem/cbs-temp-code-system",
          "code": "epi-questionnaire"
        }
      ]
    }
  ],
  "status": "final",
  "code": {
    "coding": [
      {
        "code": "STD118",
        "system": "urn:oid:2.16.840.1.114222.4.5.232",
        "display": "Been Incarcerated within the Past 12 Months"
      }
    ]
  },
  "subject": {
    "reference": "Patient/STD-TC-Patient",
    "display": "STD-TC Example Patient"
  },
  "valueCodeableConcept": {
    "coding": [
      {
        "code": "NASK",
        "system": "http://terminology.hl7.org/CodeSystem/v3-NullFlavor",
        "display": "not asked"
      }
    ]
  }
}
