{
  "resourceType": "Observation",
  "id": "GenV2-TC-CNP-Member12",
  "meta": {
    "profile": [
      "http://cbsig.chai.gatech.edu/StructureDefinition/cbs-transmission-mode"
    ]
  },
  "status": "final",
  "category": [
    {
      "coding": [
        {
          "code": "78000-7",
          "system": "http://loinc.org",
          "display": "Case notification panel [CDC.PHIN]"
        }
      ]
    }
  ],
  "code": {
    "coding": [
      {
        "code": "77989-2",
        "system": "http://loinc.org",
        "display": "Disease transmission mode"
      }
    ]
  },
  "subject": {
    "reference": "Patient/GenV2-TC-Patient",
    "display": "GenV2-TC Example Patient"
  },
  "valueCodeableConcept": {
    "coding": [
      {
        "code": "416086007",
        "system": "http://snomed.info/sct",
        "display": "Food-borne transmission"
      }
    ]
  }
}
