{
  "resourceType": "Observation",
  "id": "STD-TC-Lab-Observation",
  "meta": {
    "profile": [
      "http://cbsig.chai.gatech.edu/StructureDefinition/cbs-lab-observation"
    ]
  },
  "status": "final",
  "category": [
    {
      "coding": [
        {
          "code": "laboratory",
          "system": "http://terminology.hl7.org/CodeSystem/observation-category"
        }
      ]
    }
  ],
  "code": {
    "coding": [
      {
        "code": "698-1",
        "system": "http://loinc.org",
        "display": "Neisseria gonorrhoeae [Presence] in Specimen by Organism specific culture"
      }
    ]
  },
  "subject": {
    "reference": "Patient/STD-TC-Patient",
    "display": "STD-TC Example Patient"
  },
  "valueCodeableConcept": {
    "coding": [
      {
        "code": "10828004",
        "system": "http://snomed.info/sct",
        "display": "Positive"
      }
    ]
  },
  "effectiveDateTime": "2014-02-26"
}
