{
  "resourceType": "Organization",
  "id": "STD-TC-Reporting-Source",
  "meta": {
    "profile": [
      "http://cbsig.chai.gatech.edu/StructureDefinition/cbs-reporting-source-organization"
    ]
  },
  "name": "Reporting Source",
  "contact": [
    {
      "telecom": [
        {
          "system": "phone",
          "value": "877-721-7725"
        },
        {
          "system": "email",
          "value": "Green@you.org"
        }
      ],
      "name": {
        "text": "Green, Marta",
        "family": "Green",
        "given": [
          "Marta"
        ]
      }
    }
  ],
  "type": [
    {
      "coding": [
        {
          "code": "1",
          "system": "http://terminology.hl7.org/CodeSystem/v2-0406",
          "display": "Hospital"
        }
      ]
    }
  ],
  "address": [
    {
      "postalCode": "23218"
    }
  ]
}
