{
  "resourceType": "Organization",
  "id": "Lyme-TC-Reporting-Source",
  "meta": {
    "profile": [
      "http://cbsig.chai.gatech.edu/StructureDefinition/cbs-reporting-source-organization"
    ]
  },
  "name": "Reporting Source",
  "contact": [
    {
      "telecom": [
        {
          "system": "phone",
          "value": "456-987-8888"
        },
        {
          "system": "email",
          "value": "john.doe@email.com"
        }
      ],
      "name": {
        "text": "Doe, John",
        "family": "Doe",
        "given": [
          "John"
        ]
      }
    }
  ],
  "type": [
    {
      "coding": [
        {
          "code": "PHC247",
          "system": "urn:oid:2.16.840.1.114222.4.5.274",
          "display": "Laboratory"
        }
      ]
    }
  ],
  "address": [
    {
      "postalCode": "37243"
    }
  ]
}
