{
  "resourceType": "Organization",
  "id": "GenV2-TC-Reporting-Source",
  "meta": {
    "profile": [
      "http://cbsig.chai.gatech.edu/StructureDefinition/cbs-reporting-source-organization"
    ]
  },
  "name": "Reporting Source",
  "contact": [
    {
      "telecom": [
        {
          "system": "phone",
          "value": "444-321-1234"
        },
        {
          "system": "email",
          "value": "jsmith@txdoh.org"
        }
      ],
      "name": {
        "text": "Smith, John",
        "family": "Smith",
        "given": [
          "John"
        ]
      }
    }
  ],
  "type": [
    {
      "coding": [
        {
          "code": "1",
          "system": "http://terminology.hl7.org/CodeSystem/v2-0406",
          "display": "Hospital"
        }
      ]
    }
  ],
  "address": [
    {
      "postalCode": "77018"
    }
  ]
}
