{
  "resourceType": "Organization",
  "id": "HAICA-TC-Reporting-Source",
  "meta": {
    "profile": [
      "http://cbsig.chai.gatech.edu/StructureDefinition/cbs-reporting-source-organization"
    ]
  },
  "name": "Reporting Source",
  "contact": [
    {
      "telecom": [
        {
          "system": "email",
          "value": "count_voncount@gadph.gov"
        }
      ],
      "name": {
        "text": "von Count, Count",
        "family": "von Count",
        "given": [
          "Count"
        ]
      }
    }
  ],
  "type": [
    {
      "coding": [
        {
          "code": "UNK",
          "system": "http://terminology.hl7.org/CodeSystem/v3-NullFlavor",
          "display": "Unknown"
        }
      ]
    }
  ]
}
