{
  "resourceType": "Patient",
  "id": "HAICA-TC-Patient",
  "meta": {
    "profile": [
      "http://cbsig.chai.gatech.edu/StructureDefinition/us-cbs-patient"
    ]
  },
  "extension": [
    {
      "extension": [
        {
          "url": "ombCategory",
          "valueCoding": {
            "code": "2106-3",
            "system": "urn:oid:2.16.840.1.113883.6.238",
            "display": "White"
          }
        },
        {
          "url": "text",
          "valueString": "Mixed"
        }
      ],
      "url": "http://hl7.org/fhir/us/core/StructureDefinition/us-core-race"
    },
    {
      "extension": [
        {
          "url": "ombCategory",
          "valueCoding": {
            "code": "2135-2",
            "system": "urn:oid:2.16.840.1.113883.6.238",
            "display": "Hispanic or Latino"
          }
        },
        {
          "url": "text",
          "valueString": "Hispanic or Latino"
        }
      ],
      "url": "http://hl7.org/fhir/us/core/StructureDefinition/us-core-ethnicity"
    },
    {
      "url": "http://hl7.org/fhir/us/core/StructureDefinition/us-core-birthsex",
      "valueCode": "F"
    },
    {
      "url": "http://hl7.org/fhir/StructureDefinition/patient-birthPlace",
      "valueAddress": {
        "country": "USA"
      }
    },
    {
      "url": "http://hl7.org/fhir/StructureDefinition/patient-genderIdentity",
      "valueCodeableConcept": {
        "coding": [
          {
            "code": "female",
            "system": "http://hl7.org/fhir/gender-identity"
          }
        ]
      }
    }
  ],
  "address": [
    {
      "district": "Cobb",
      "state": "Georgia",
      "postalCode": "30126",
      "use": "home"
    },
    {
      "extension": [
        {
          "url": "http://cbsig.chai.gatech.edu/StructureDefinition/cbs-cdc-address-use",
          "valueCoding": {
            "code": "Usual-Residence",
            "system": "http://cbsig.chai.gatech.edu/CodeSystem/cbs-temp-code-system"
          }
        }
      ],
      "country": "USA"
    }
  ],
  "identifier": [
    {
      "type": {
        "coding": [
          {
            "code": "Local-Record-ID",
            "system": "http://cbsig.chai.gatech.edu/CodeSystem/cbs-temp-code-system",
            "display": "Local Record ID"
          }
        ],
        "text": "Local Record ID"
      },
      "system": "urn:temp:national-reporting-jurisdiction:48",
      "value": "C_auris_02"
    },
    {
      "type": {
        "coding": [
          {
            "code": "Local-Subject-ID",
            "system": "http://cbsig.chai.gatech.edu/CodeSystem/cbs-temp-code-system",
            "display": "Local Subject ID"
          }
        ],
        "text": "Local Subject ID"
      },
      "system": "urn:temp:national-reporting-jurisdiction:48",
      "value": "C_auris_PAT_02"
    }
  ],
  "gender": "female",
  "birthDate": "1940-01-01",
  "name": [
    {
      "text": "Yyyyy, Bbbbb",
      "family": "Yyyyy",
      "given": [
        "Bbbbb"
      ]
    }
  ],
  "telecom": [
    {
      "system": "phone",
      "value": "111-111-1111"
    }
  ]
}
