{
  "resourceType": "QuestionnaireResponse",
  "id": "STD-Demo-QuestionnaireResponse",
  "questionnaire": "http://cbsig.chai.gatech.edu/Questionnaire/STD-Demo-Questionnaire",
  "status": "completed",
  "subject": {
    "reference": "Patient/STD-TC-Patient",
    "display": "STD-TC Example Patient"
  },
  "item": [
    {
      "linkId": "STD107",
      "text": "Had Sex with a Male within the Past 12 Months",
      "answer": [
        {
          "valueCoding": {
            "code": "Y",
            "system": "http://terminology.hl7.org/CodeSystem/v2-0532",
            "display": "Yes"
          }
        }
      ]
    },
    {
      "linkId": "STD108",
      "text": "Had Sex with a Female within the Past 12 Months",
      "answer": [
        {
          "valueCoding": {
            "code": "NASK",
            "system": "http://terminology.hl7.org/CodeSystem/v3-NullFlavor",
            "display": "not asked"
          }
        }
      ]
    },
    {
      "linkId": "STD109",
      "text": "Had Sex with an Anonymous Partner within the Past 12 Months",
      "answer": [
        {
          "valueCoding": {
            "code": "Y",
            "system": "http://terminology.hl7.org/CodeSystem/v2-0532",
            "display": "Yes"
          }
        }
      ]
    },
    {
      "linkId": "STD110",
      "text": "Had Sex with a Person Known to Him/Her to be an \"Intravenous Drug User (IDU)\" within the Past 12 Months",
      "answer": [
        {
          "valueCoding": {
            "code": "NASK",
            "system": "http://terminology.hl7.org/CodeSystem/v3-NullFlavor",
            "display": "not asked"
          }
        }
      ]
    },
    {
      "linkId": "STD111",
      "text": "Had Sex while Intoxicated and/or High on Drugs within the Past 12 Months",
      "answer": [
        {
          "valueCoding": {
            "code": "N",
            "system": "http://terminology.hl7.org/CodeSystem/v2-0532",
            "display": "No"
          }
        }
      ]
    },
    {
      "linkId": "STD112",
      "text": "Exchanged Drugs/Money for Sex within the Past 12 Months",
      "answer": [
        {
          "valueCoding": {
            "code": "Y",
            "system": "http://terminology.hl7.org/CodeSystem/v2-0532",
            "display": "Yes"
          }
        }
      ]
    },
    {
      "linkId": "STD113",
      "text": "Had Sex with a Person Who is Known to Her to Be an MSM within Past 12 Months",
      "answer": [
        {
          "valueCoding": {
            "code": "Y",
            "system": "http://terminology.hl7.org/CodeSystem/v2-0532",
            "display": "Yes"
          }
        }
      ]
    },
    {
      "linkId": "STD114",
      "text": "Engaged in Injection Drug use Within Past 12 Months",
      "answer": [
        {
          "valueCoding": {
            "code": "N",
            "system": "http://terminology.hl7.org/CodeSystem/v2-0532",
            "display": "No"
          }
        }
      ]
    },
    {
      "linkId": "STD117",
      "text": "Previous STD History",
      "answer": [
        {
          "valueCoding": {
            "code": "N",
            "system": "http://terminology.hl7.org/CodeSystem/v2-0532",
            "display": "No"
          }
        }
      ]
    },
    {
      "linkId": "STD118",
      "text": "Been Incarcerated within the Past 12 Months",
      "answer": [
        {
          "valueCoding": {
            "code": "NASK",
            "system": "http://terminology.hl7.org/CodeSystem/v3-NullFlavor",
            "display": "not asked"
          }
        }
      ]
    },
    {
      "linkId": "STD119",
      "text": "Have You Met Sex Partners through the Internet in the Last 12 Months",
      "answer": [
        {
          "valueCoding": {
            "code": "Y",
            "system": "http://terminology.hl7.org/CodeSystem/v2-0532",
            "display": "Yes"
          }
        }
      ]
    },
    {
      "linkId": "STD120",
      "text": "Total Number of Sex Partners in the Last 12 months",
      "answer": [
        {
          "valueInteger": 2
        }
      ]
    },
    {
      "linkId": "STD999",
      "text": "Unknown Number of Sex Partners in Last 12 Months",
      "answer": [
        {
          "valueCoding": {
            "code": "N",
            "system": "http://terminology.hl7.org/CodeSystem/v2-0136",
            "display": "No"
          }
        }
      ]
    }
  ]
}
