{
  "resourceType": "Specimen",
  "id": "STD-TC-Specimen",
  "meta": {
    "profile": [
      "http://cbsig.chai.gatech.edu/StructureDefinition/cbs-specimen"
    ]
  },
  "subject": {
    "reference": "Patient/STD-TC-Patient",
    "display": "STD-TC Example Patient"
  },
  "collection": {
    "collectedDateTime": "2014-02-25",
    "bodySite": {
      "coding": [
        {
          "code": "76784001",
          "system": "http://snomed.info/sct",
          "display": "Vagina"
        }
      ]
    }
  }
}
