{
  "resourceType": "Specimen",
  "id": "STD-TC-Specimen-AST",
  "meta": {
    "profile": [
      "http://cbsig.chai.gatech.edu/StructureDefinition/cbs-specimen"
    ]
  },
  "subject": {
    "reference": "Patient/STD-TC-Patient",
    "display": "STD-TC Example Patient"
  },
  "collection": {
    "collectedDateTime": "2014-02-26",
    "bodySite": {
      "coding": [
        {
          "code": "76784001",
          "system": "http://snomed.info/sct",
          "display": "Vagina"
        }
      ]
    }
  },
  "type": {
    "coding": [
      {
        "code": "119394009",
        "system": "http://snomed.info/sct",
        "display": "Specimen from vagina"
      }
    ]
  },
  "identifier": [
    {
      "value": "SLT-12466"
    }
  ]
}
