{
  "resourceType" : "Bundle",
  "id" : "56720c45-02b4-49db-979b-b88998ff86b5",
  "meta" : {
    "lastUpdated" : "2021-07-09T14:32:25.807-04:00"
  },
  "type" : "collection",
  "entry" : [{
    "fullUrl" : "http://cbsig.chai.gatech.edu/ValueSet/CBSAddressUseVS",
    "resource" : {
      "resourceType" : "ValueSet",
      "id" : "CBSAddressUseVS",
      "text" : {
        "status" : "generated",
        "div" : "<div xmlns=\"http://www.w3.org/1999/xhtml\"><p>This value set contains 7 concepts</p><div style=\"border: black 1px dotted; background-color: #EEEEEE; padding: 8px; margin-bottom: 8px\"><p>Expansion based on: </p><ul><li><a href=\"CodeSystem-cbs-temp-code-system.html\">Case Based Surveillance temporary/placeholder code system. v0.1.0 (CodeSystem)</a></li><li><a href=\"http://hl7.org/fhir/R4/codesystem-address-use.html\">AddressUse v4.0.1 (CodeSystem)</a></li></ul></div><table class=\"codes\"><tr><td style=\"white-space:nowrap\"><b>Code</b></td><td><b>System</b></td><td><b>Display</b></td><td><b>Definition</b></td></tr><tr><td style=\"white-space:nowrap\"><a name=\"http---hl7.org-fhir-address-use-home\"> </a><a href=\"http://hl7.org/fhir/R4/codesystem-address-use.html#address-use-home\">home</a></td><td>http://hl7.org/fhir/address-use</td><td>Home</td><td>A communication address at a home.</td></tr><tr><td style=\"white-space:nowrap\"><a name=\"http---hl7.org-fhir-address-use-work\"> </a><a href=\"http://hl7.org/fhir/R4/codesystem-address-use.html#address-use-work\">work</a></td><td>http://hl7.org/fhir/address-use</td><td>Work</td><td>An office address. First choice for business related contacts during business hours.</td></tr><tr><td style=\"white-space:nowrap\"><a name=\"http---hl7.org-fhir-address-use-temp\"> </a><a href=\"http://hl7.org/fhir/R4/codesystem-address-use.html#address-use-temp\">temp</a></td><td>http://hl7.org/fhir/address-use</td><td>Temporary</td><td>A temporary address. The period can provide more detailed information.</td></tr><tr><td style=\"white-space:nowrap\"><a name=\"http---hl7.org-fhir-address-use-old\"> </a><a href=\"http://hl7.org/fhir/R4/codesystem-address-use.html#address-use-old\">old</a></td><td>http://hl7.org/fhir/address-use</td><td>Old / Incorrect</td><td>This address is no longer in use (or was never correct but retained for records).</td></tr><tr><td style=\"white-space:nowrap\"><a name=\"http---hl7.org-fhir-address-use-billing\"> </a><a href=\"http://hl7.org/fhir/R4/codesystem-address-use.html#address-use-billing\">billing</a></td><td>http://hl7.org/fhir/address-use</td><td>Billing</td><td>An address to be used to send bills, invoices, receipts etc.</td></tr><tr><td style=\"white-space:nowrap\"><a name=\"http---cbsig.chai.gatech.edu-CodeSystem-cbs-temp-code-system-At-Diagnosis\"> </a><a href=\"CodeSystem-cbs-temp-code-system.html#cbs-temp-code-system-At-Diagnosis\">At-Diagnosis</a></td><td>http://cbsig.chai.gatech.edu/CodeSystem/cbs-temp-code-system</td><td>Address at Diagnosis of Condition of Interest</td><td/></tr><tr><td style=\"white-space:nowrap\"><a name=\"http---cbsig.chai.gatech.edu-CodeSystem-cbs-temp-code-system-Usual-Residence\"> </a><a href=\"CodeSystem-cbs-temp-code-system.html#cbs-temp-code-system-Usual-Residence\">Usual-Residence</a></td><td>http://cbsig.chai.gatech.edu/CodeSystem/cbs-temp-code-system</td><td>Address of Usual Residence</td><td>Subject's location of usual residence. This is a broader location representation of the LOINC Code 77983-5 (https://loinc.org/77983-5/), 'Country of Usual Residence'. The meaning of 'usual residence' is defined as per surveillance programs.</td></tr></table></div>"
      },
      "url" : "http://cbsig.chai.gatech.edu/ValueSet/CBSAddressUseVS",
      "version" : "0.1.0",
      "name" : "CBSAddressUseVS",
      "title" : "Additional codes for Address.use.",
      "status" : "active",
      "date" : "2021-07-09T14:32:25-04:00",
      "description" : "Codes for Address.use which are used as slice discriminators to capture address history at relevant points in time to case surveillance.",
      "expansion" : {
        "identifier" : "urn:uuid:66c99184-5383-4092-80a7-364eb01a4974",
        "timestamp" : "2021-07-09T14:33:11-04:00",
        "total" : 7,
        "parameter" : [{
          "name" : "excludeNested",
          "valueBoolean" : false
        },
        {
          "name" : "version",
          "valueUri" : "http://hl7.org/fhir/address-use|4.0.1"
        },
        {
          "name" : "version",
          "valueUri" : "http://cbsig.chai.gatech.edu/CodeSystem/cbs-temp-code-system|0.1.0"
        }],
        "contains" : [{
          "system" : "http://hl7.org/fhir/address-use",
          "code" : "home",
          "display" : "Home"
        },
        {
          "system" : "http://hl7.org/fhir/address-use",
          "code" : "work",
          "display" : "Work"
        },
        {
          "system" : "http://hl7.org/fhir/address-use",
          "code" : "temp",
          "display" : "Temporary"
        },
        {
          "system" : "http://hl7.org/fhir/address-use",
          "code" : "old",
          "display" : "Old / Incorrect"
        },
        {
          "system" : "http://hl7.org/fhir/address-use",
          "code" : "billing",
          "display" : "Billing"
        },
        {
          "system" : "http://cbsig.chai.gatech.edu/CodeSystem/cbs-temp-code-system",
          "code" : "At-Diagnosis",
          "display" : "Address at Diagnosis of Condition of Interest"
        },
        {
          "system" : "http://cbsig.chai.gatech.edu/CodeSystem/cbs-temp-code-system",
          "code" : "Usual-Residence",
          "display" : "Address of Usual Residence"
        }]
      }
    }
  }]
}