{
  "resourceType" : "Bundle",
  "id" : "7f8a5cbe-b146-4f84-bd86-1f4debc7fdd7",
  "meta" : {
    "lastUpdated" : "2022-01-25T10:18:17.980-05:00"
  },
  "type" : "collection",
  "entry" : [{
    "fullUrl" : "http://cbsig.chai.gatech.edu/ValueSet/CBSCDCAddressUseVS",
    "resource" : {
      "resourceType" : "ValueSet",
      "id" : "CBSCDCAddressUseVS",
      "text" : {
        "status" : "generated",
        "div" : "<div xmlns=\"http://www.w3.org/1999/xhtml\"><p>This value set contains 2 concepts</p><p style=\"border: black 1px dotted; background-color: #EEEEEE; padding: 8px; margin-bottom: 8px\">Expansion based on <a href=\"CodeSystem-cbs-temp-code-system.html\">Case Based Surveillance temporary/placeholder code system. v0.1.0 (CodeSystem)</a></p><p>All codes in this table are from the system <a href=\"CodeSystem-cbs-temp-code-system.html\"><code>http://cbsig.chai.gatech.edu/CodeSystem/cbs-temp-code-system</code></a></p><table class=\"codes\"><tr><td style=\"white-space:nowrap\"><b>Code</b></td><td><b>Display</b></td><td><b>Definition</b></td></tr><tr><td style=\"white-space:nowrap\"><a name=\"http---cbsig.chai.gatech.edu-CodeSystem-cbs-temp-code-system-Address-at-Diagnosis\"> </a><a href=\"CodeSystem-cbs-temp-code-system.html#cbs-temp-code-system-Address-at-Diagnosis\">Address-at-Diagnosis</a></td><td>Address at Diagnosis of Condition of Interest</td><td>Subject's address at the time of the diagnosis for the condition of interest.</td></tr><tr><td style=\"white-space:nowrap\"><a name=\"http---cbsig.chai.gatech.edu-CodeSystem-cbs-temp-code-system-Usual-Residence\"> </a><a href=\"CodeSystem-cbs-temp-code-system.html#cbs-temp-code-system-Usual-Residence\">Usual-Residence</a></td><td>Address of Usual Residence</td><td>Subject's location of usual residence. This is a broader location representation of the LOINC Code 77983-5 (https://loinc.org/77983-5/), 'Country of Usual Residence'. The meaning of 'usual residence' is defined as per surveillance programs.</td></tr></table></div>"
      },
      "url" : "http://cbsig.chai.gatech.edu/ValueSet/CBSCDCAddressUseVS",
      "version" : "0.1.0",
      "name" : "CBSCDCAddressUseVS",
      "title" : "Additional codes for Address.use.",
      "status" : "active",
      "date" : "2022-01-25T10:18:17-05:00",
      "publisher" : "Georgia Tech Research Institute (GTRI)",
      "contact" : [{
        "name" : "Georgia Tech Research Institute (GTRI)",
        "telecom" : [{
          "system" : "url",
          "value" : "http://gtri.gatech.edu/"
        }]
      }],
      "description" : "Codes for Address.use which are used as slice discriminators to capture address history at relevant points in time to case surveillance.",
      "expansion" : {
        "identifier" : "urn:uuid:653f80e9-b1d0-4928-a742-d69261d05521",
        "timestamp" : "2022-01-25T10:20:55-05:00",
        "total" : 2,
        "parameter" : [{
          "name" : "excludeNested",
          "valueBoolean" : false
        },
        {
          "name" : "version",
          "valueUri" : "http://cbsig.chai.gatech.edu/CodeSystem/cbs-temp-code-system|0.1.0"
        }],
        "contains" : [{
          "system" : "http://cbsig.chai.gatech.edu/CodeSystem/cbs-temp-code-system",
          "code" : "Address-at-Diagnosis",
          "display" : "Address at Diagnosis of Condition of Interest"
        },
        {
          "system" : "http://cbsig.chai.gatech.edu/CodeSystem/cbs-temp-code-system",
          "code" : "Usual-Residence",
          "display" : "Address of Usual Residence"
        }]
      }
    }
  },
  {
    "fullUrl" : "http://cbsig.chai.gatech.edu/ValueSet/CBSRelatedCaseTypeVS",
    "resource" : {
      "resourceType" : "ValueSet",
      "id" : "CBSRelatedCaseTypeVS",
      "text" : {
        "status" : "generated",
        "div" : "<div xmlns=\"http://www.w3.org/1999/xhtml\"><p>This value set contains 3 concepts</p><p style=\"border: black 1px dotted; background-color: #EEEEEE; padding: 8px; margin-bottom: 8px\">Expansion based on <a href=\"CodeSystem-cbs-temp-code-system.html\">Case Based Surveillance temporary/placeholder code system. v0.1.0 (CodeSystem)</a></p><p>All codes in this table are from the system <a href=\"CodeSystem-cbs-temp-code-system.html\"><code>http://cbsig.chai.gatech.edu/CodeSystem/cbs-temp-code-system</code></a></p><table class=\"codes\"><tr><td style=\"white-space:nowrap\"><b>Code</b></td><td><b>Display</b></td></tr><tr><td style=\"white-space:nowrap\"><a name=\"http---cbsig.chai.gatech.edu-CodeSystem-cbs-temp-code-system-previously-reported\"> </a><a href=\"CodeSystem-cbs-temp-code-system.html#cbs-temp-code-system-previously-reported\">previously-reported</a></td><td>Previously Reported Case</td></tr><tr><td style=\"white-space:nowrap\"><a name=\"http---cbsig.chai.gatech.edu-CodeSystem-cbs-temp-code-system-connected-outbreak\"> </a><a href=\"CodeSystem-cbs-temp-code-system.html#cbs-temp-code-system-connected-outbreak\">connected-outbreak</a></td><td>Connected Outbreak Case</td></tr><tr><td style=\"white-space:nowrap\"><a name=\"http---cbsig.chai.gatech.edu-CodeSystem-cbs-temp-code-system-parent-congential-syphilis\"> </a><a href=\"CodeSystem-cbs-temp-code-system.html#cbs-temp-code-system-parent-congential-syphilis\">parent-congential-syphilis</a></td><td>Parent in Congenital Syphilis</td></tr></table></div>"
      },
      "url" : "http://cbsig.chai.gatech.edu/ValueSet/CBSRelatedCaseTypeVS",
      "version" : "0.1.0",
      "name" : "CBSRelatedCaseTypeVS",
      "title" : "CBS Related Case Type Value Set",
      "status" : "active",
      "date" : "2022-01-25T10:18:17-05:00",
      "publisher" : "Georgia Tech Research Institute (GTRI)",
      "contact" : [{
        "name" : "Georgia Tech Research Institute (GTRI)",
        "telecom" : [{
          "system" : "url",
          "value" : "http://gtri.gatech.edu/"
        }]
      }],
      "description" : "Codes found in the case notification panel that are otherwise not captured in other CBS profiles.",
      "expansion" : {
        "identifier" : "urn:uuid:bc8f7de5-cbbb-4b6a-8258-bf5d68c1bd5f",
        "timestamp" : "2022-01-25T10:21:44-05:00",
        "total" : 3,
        "parameter" : [{
          "name" : "excludeNested",
          "valueBoolean" : false
        },
        {
          "name" : "version",
          "valueUri" : "http://cbsig.chai.gatech.edu/CodeSystem/cbs-temp-code-system|0.1.0"
        }],
        "contains" : [{
          "system" : "http://cbsig.chai.gatech.edu/CodeSystem/cbs-temp-code-system",
          "code" : "previously-reported",
          "display" : "Previously Reported Case"
        },
        {
          "system" : "http://cbsig.chai.gatech.edu/CodeSystem/cbs-temp-code-system",
          "code" : "connected-outbreak",
          "display" : "Connected Outbreak Case"
        },
        {
          "system" : "http://cbsig.chai.gatech.edu/CodeSystem/cbs-temp-code-system",
          "code" : "parent-congential-syphilis",
          "display" : "Parent in Congenital Syphilis"
        }]
      }
    }
  },
  {
    "fullUrl" : "http://cbsig.chai.gatech.edu/ValueSet/CBSSocialDeterminantsOfHealthCategoryVS",
    "resource" : {
      "resourceType" : "ValueSet",
      "id" : "CBSSocialDeterminantsOfHealthCategoryVS",
      "text" : {
        "status" : "generated",
        "div" : "<div xmlns=\"http://www.w3.org/1999/xhtml\"><p>This value set contains 4 concepts</p><p style=\"border: black 1px dotted; background-color: #EEEEEE; padding: 8px; margin-bottom: 8px\">Expansion based on <a href=\"CodeSystem-cbs-temp-code-system.html\">Case Based Surveillance temporary/placeholder code system. v0.1.0 (CodeSystem)</a></p><p>All codes in this table are from the system <a href=\"CodeSystem-cbs-temp-code-system.html\"><code>http://cbsig.chai.gatech.edu/CodeSystem/cbs-temp-code-system</code></a></p><table class=\"codes\"><tr><td style=\"white-space:nowrap\"><b>Code</b></td><td><b>Display</b></td></tr><tr><td style=\"white-space:nowrap\"><a name=\"http---cbsig.chai.gatech.edu-CodeSystem-cbs-temp-code-system-sogi\"> </a><a href=\"CodeSystem-cbs-temp-code-system.html#cbs-temp-code-system-sogi\">sogi</a></td><td>Sexual Orientation and Gender Identity</td></tr><tr><td style=\"white-space:nowrap\"><a name=\"http---cbsig.chai.gatech.edu-CodeSystem-cbs-temp-code-system-housing-or-residence\"> </a><a href=\"CodeSystem-cbs-temp-code-system.html#cbs-temp-code-system-housing-or-residence\">housing-or-residence</a></td><td>Housing Insecurity or Residence Characteristics</td></tr><tr><td style=\"white-space:nowrap\"><a name=\"http---cbsig.chai.gatech.edu-CodeSystem-cbs-temp-code-system-education\"> </a><a href=\"CodeSystem-cbs-temp-code-system.html#cbs-temp-code-system-education\">education</a></td><td>Education Level</td></tr><tr><td style=\"white-space:nowrap\"><a name=\"http---cbsig.chai.gatech.edu-CodeSystem-cbs-temp-code-system-food-insecurity\"> </a><a href=\"CodeSystem-cbs-temp-code-system.html#cbs-temp-code-system-food-insecurity\">food-insecurity</a></td><td>Food Insecurity</td></tr></table></div>"
      },
      "url" : "http://cbsig.chai.gatech.edu/ValueSet/CBSSocialDeterminantsOfHealthCategoryVS",
      "version" : "0.1.0",
      "name" : "CBSSocialDeterminantsOfHealthCategoryVS",
      "title" : "CBS Case Social Determinants of Health Category Value Set",
      "status" : "active",
      "date" : "2022-01-25T10:18:17-05:00",
      "publisher" : "Georgia Tech Research Institute (GTRI)",
      "contact" : [{
        "name" : "Georgia Tech Research Institute (GTRI)",
        "telecom" : [{
          "system" : "url",
          "value" : "http://gtri.gatech.edu/"
        }]
      }],
      "description" : "Categories for social determinants of health and related elements of social history which may be captured in the SDOH profile.",
      "expansion" : {
        "identifier" : "urn:uuid:0d5af8e9-fcb0-4fc0-a896-b3a5b47a4ff6",
        "timestamp" : "2022-01-25T10:21:44-05:00",
        "total" : 4,
        "parameter" : [{
          "name" : "excludeNested",
          "valueBoolean" : false
        },
        {
          "name" : "version",
          "valueUri" : "http://cbsig.chai.gatech.edu/CodeSystem/cbs-temp-code-system|0.1.0"
        }],
        "contains" : [{
          "system" : "http://cbsig.chai.gatech.edu/CodeSystem/cbs-temp-code-system",
          "code" : "sogi",
          "display" : "Sexual Orientation and Gender Identity"
        },
        {
          "system" : "http://cbsig.chai.gatech.edu/CodeSystem/cbs-temp-code-system",
          "code" : "housing-or-residence",
          "display" : "Housing Insecurity or Residence Characteristics"
        },
        {
          "system" : "http://cbsig.chai.gatech.edu/CodeSystem/cbs-temp-code-system",
          "code" : "education",
          "display" : "Education Level"
        },
        {
          "system" : "http://cbsig.chai.gatech.edu/CodeSystem/cbs-temp-code-system",
          "code" : "food-insecurity",
          "display" : "Food Insecurity"
        }]
      }
    }
  },
  {
    "fullUrl" : "http://cbsig.chai.gatech.edu/ValueSet/CBSSocialDeterminantsOfHealthVS",
    "resource" : {
      "resourceType" : "ValueSet",
      "id" : "CBSSocialDeterminantsOfHealthVS",
      "text" : {
        "status" : "generated",
        "div" : "<div xmlns=\"http://www.w3.org/1999/xhtml\"><p>This value set contains 4 concepts</p><div style=\"border: black 1px dotted; background-color: #EEEEEE; padding: 8px; margin-bottom: 8px\"><p>Expansion based on: </p><ul><li>Loinc v2.71</li><li>SNOMED CT International edition 31-Jul 2021</li></ul></div><table class=\"codes\"><tr><td style=\"white-space:nowrap\"><b>Code</b></td><td><b>System</b></td><td><b>Display</b></td></tr><tr><td style=\"white-space:nowrap\"><a name=\"http---loinc.org-76690-7\"> </a><a href=\"http://details.loinc.org/LOINC/76690-7.html\">76690-7</a></td><td>http://loinc.org</td><td>Sexual orientation</td></tr><tr><td style=\"white-space:nowrap\"><a name=\"http---loinc.org-76691-5\"> </a><a href=\"http://details.loinc.org/LOINC/76691-5.html\">76691-5</a></td><td>http://loinc.org</td><td>Gender identity</td></tr><tr><td style=\"white-space:nowrap\"><a name=\"http---loinc.org-75274-1\"> </a><a href=\"http://details.loinc.org/LOINC/75274-1.html\">75274-1</a></td><td>http://loinc.org</td><td>Characteristics of residence</td></tr><tr><td style=\"white-space:nowrap\"><a name=\"http---snomed.info-sct-45361006\"> </a><a href=\"http://snomed.info/id/45361006\">45361006</a></td><td>http://snomed.info/sct</td><td>Incarceration</td></tr></table></div>"
      },
      "url" : "http://cbsig.chai.gatech.edu/ValueSet/CBSSocialDeterminantsOfHealthVS",
      "version" : "0.1.0",
      "name" : "CBSSocialDeterminantsOfHealthVS",
      "title" : "CBS Case Social Determinants of Health Codes Value Set",
      "status" : "active",
      "date" : "2022-01-25T10:18:17-05:00",
      "publisher" : "Georgia Tech Research Institute (GTRI)",
      "contact" : [{
        "name" : "Georgia Tech Research Institute (GTRI)",
        "telecom" : [{
          "system" : "url",
          "value" : "http://gtri.gatech.edu/"
        }]
      }],
      "description" : "Codes for social determinants of health and related elements of social history which may be captured in the SDOH profile.",
      "expansion" : {
        "identifier" : "urn:uuid:075db241-58cd-415e-b8bc-0f3c3605f49e",
        "timestamp" : "2022-01-25T10:21:44-05:00",
        "total" : 4,
        "parameter" : [{
          "name" : "excludeNested",
          "valueBoolean" : false
        },
        {
          "name" : "limitedExpansion",
          "valueBoolean" : true
        },
        {
          "name" : "version",
          "valueUri" : "http://loinc.org|2.71"
        },
        {
          "name" : "excludeNested",
          "valueBoolean" : true
        },
        {
          "name" : "version",
          "valueUri" : "http://snomed.info/sct|http://snomed.info/sct/900000000000207008/version/20210731"
        }],
        "contains" : [{
          "system" : "http://loinc.org",
          "code" : "76690-7",
          "display" : "Sexual orientation"
        },
        {
          "system" : "http://loinc.org",
          "code" : "76691-5",
          "display" : "Gender identity"
        },
        {
          "system" : "http://loinc.org",
          "code" : "75274-1",
          "display" : "Characteristics of residence"
        },
        {
          "system" : "http://snomed.info/sct",
          "code" : "45361006",
          "display" : "Incarceration"
        }]
      }
    }
  },
  {
    "fullUrl" : "http://cbsig.chai.gatech.edu/ValueSet/CBSTimeWindowRelativeToVS",
    "resource" : {
      "resourceType" : "ValueSet",
      "id" : "CBSTimeWindowRelativeToVS",
      "text" : {
        "status" : "generated",
        "div" : "<div xmlns=\"http://www.w3.org/1999/xhtml\"><p>This value set contains 2 concepts</p><p style=\"border: black 1px dotted; background-color: #EEEEEE; padding: 8px; margin-bottom: 8px\">Expansion based on <a href=\"CodeSystem-cbs-temp-code-system.html\">Case Based Surveillance temporary/placeholder code system. v0.1.0 (CodeSystem)</a></p><p>All codes in this table are from the system <a href=\"CodeSystem-cbs-temp-code-system.html\"><code>http://cbsig.chai.gatech.edu/CodeSystem/cbs-temp-code-system</code></a></p><table class=\"codes\"><tr><td style=\"white-space:nowrap\"><b>Code</b></td><td><b>Display</b></td></tr><tr><td style=\"white-space:nowrap\"><a name=\"http---cbsig.chai.gatech.edu-CodeSystem-cbs-temp-code-system-conditionOnsetDatePeriodStart\"> </a><a href=\"CodeSystem-cbs-temp-code-system.html#cbs-temp-code-system-conditionOnsetDatePeriodStart\">conditionOnsetDatePeriodStart</a></td><td>Condition.onsetDatePeriod.start</td></tr><tr><td style=\"white-space:nowrap\"><a name=\"http---cbsig.chai.gatech.edu-CodeSystem-cbs-temp-code-system-conditionOnsetDateTime\"> </a><a href=\"CodeSystem-cbs-temp-code-system.html#cbs-temp-code-system-conditionOnsetDateTime\">conditionOnsetDateTime</a></td><td>Condition.onsetDateTime</td></tr></table></div>"
      },
      "url" : "http://cbsig.chai.gatech.edu/ValueSet/CBSTimeWindowRelativeToVS",
      "version" : "0.1.0",
      "name" : "CBSTimeWindowRelativeToVS",
      "title" : "CBS Time Window Relative To Value Set",
      "status" : "active",
      "date" : "2022-01-25T10:18:17-05:00",
      "publisher" : "Georgia Tech Research Institute (GTRI)",
      "contact" : [{
        "name" : "Georgia Tech Research Institute (GTRI)",
        "telecom" : [{
          "system" : "url",
          "value" : "http://gtri.gatech.edu/"
        }]
      }],
      "description" : "Codes for specific resource elements referenced by the CBS Program Specific Time Window extension, to convey to which element in the referenced resource a time window is relative.",
      "expansion" : {
        "identifier" : "urn:uuid:02322636-b719-4b63-9371-78b2e254bdcd",
        "timestamp" : "2022-01-25T10:21:44-05:00",
        "total" : 2,
        "parameter" : [{
          "name" : "excludeNested",
          "valueBoolean" : false
        },
        {
          "name" : "version",
          "valueUri" : "http://cbsig.chai.gatech.edu/CodeSystem/cbs-temp-code-system|0.1.0"
        }],
        "contains" : [{
          "system" : "http://cbsig.chai.gatech.edu/CodeSystem/cbs-temp-code-system",
          "code" : "conditionOnsetDatePeriodStart",
          "display" : "Condition.onsetDatePeriod.start"
        },
        {
          "system" : "http://cbsig.chai.gatech.edu/CodeSystem/cbs-temp-code-system",
          "code" : "conditionOnsetDateTime",
          "display" : "Condition.onsetDateTime"
        }]
      }
    }
  }]
}