<?xml version="1.0" encoding="UTF-8"?>

<Bundle xmlns="http://hl7.org/fhir">
  <id value="7f2266c5-f21a-4d67-892a-1dafb2a6830b"/>
  <meta>
    <lastUpdated value="2021-11-03T10:06:32.582-04:00"/>
  </meta>
  <type value="collection"/>
  <entry>
    <fullUrl value="http://cbsig.chai.gatech.edu/ValueSet/CBSCDCAddressUseVS"/>
    <resource>
      <ValueSet>
        <id value="CBSCDCAddressUseVS"/>
        <text>
          <status value="generated"/>
          <div xmlns="http://www.w3.org/1999/xhtml">
            <p>This value set contains 2 concepts</p>
            <p style="border: black 1px dotted; background-color: #EEEEEE; padding: 8px; margin-bottom: 8px">Expansion based on 
              <a href="CodeSystem-cbs-temp-code-system.html">Case Based Surveillance temporary/placeholder code system. v0.1.0 (CodeSystem)</a>
            </p>
            <p>All codes in this table are from the system 
              <a href="CodeSystem-cbs-temp-code-system.html">
                <code>http://cbsig.chai.gatech.edu/CodeSystem/cbs-temp-code-system</code>
              </a>
            </p>
            <table class="codes">
              <tr>
                <td style="white-space:nowrap">
                  <b>Code</b>
                </td>
                <td>
                  <b>Display</b>
                </td>
                <td>
                  <b>Definition</b>
                </td>
              </tr>
              <tr>
                <td style="white-space:nowrap">
                  <a name="http---cbsig.chai.gatech.edu-CodeSystem-cbs-temp-code-system-Address-at-Diagnosis"> </a>
                  <a href="CodeSystem-cbs-temp-code-system.html#cbs-temp-code-system-Address-at-Diagnosis">Address-at-Diagnosis</a>
                </td>
                <td>Address at Diagnosis of Condition of Interest</td>
                <td>Subject&#39;s address at the time of the diagnosis for the condition of interest.</td>
              </tr>
              <tr>
                <td style="white-space:nowrap">
                  <a name="http---cbsig.chai.gatech.edu-CodeSystem-cbs-temp-code-system-Usual-Residence"> </a>
                  <a href="CodeSystem-cbs-temp-code-system.html#cbs-temp-code-system-Usual-Residence">Usual-Residence</a>
                </td>
                <td>Address of Usual Residence</td>
                <td>Subject&#39;s location of usual residence. This is a broader location representation of the LOINC Code 77983-5 (https://loinc.org/77983-5/), &#39;Country of Usual Residence&#39;. The meaning of &#39;usual residence&#39; is defined as per surveillance programs.</td>
              </tr>
            </table>
          </div>
        </text>
        <url value="http://cbsig.chai.gatech.edu/ValueSet/CBSCDCAddressUseVS"/>
        <version value="0.1.0"/>
        <name value="CBSCDCAddressUseVS"/>
        <title value="Additional codes for Address.use."/>
        <status value="active"/>
        <date value="2021-11-03T10:06:32-04:00"/>
        <publisher value="Georgia Tech Research Institute (GTRI)"/>
        <contact>
          <name value="Georgia Tech Research Institute (GTRI)"/>
          <telecom>
            <system value="url"/>
            <value value="http://gtri.gatech.edu/"/>
          </telecom>
        </contact>
        <description value="Codes for Address.use which are used as slice discriminators to capture address history at relevant points in time to case surveillance."/>
        <expansion>
          <identifier value="urn:uuid:ba2f588d-9b77-4632-b5d8-c203971661f1"/>
          <timestamp value="2021-11-03T10:08:06-04:00"/>
          <total value="2"/>
          <parameter>
            <name value="excludeNested"/>
            <valueBoolean value="false"/>
          </parameter>
          <parameter>
            <name value="version"/>
            <valueUri value="http://cbsig.chai.gatech.edu/CodeSystem/cbs-temp-code-system|0.1.0"/>
          </parameter>
          <contains>
            <system value="http://cbsig.chai.gatech.edu/CodeSystem/cbs-temp-code-system"/>
            <code value="Address-at-Diagnosis"/>
            <display value="Address at Diagnosis of Condition of Interest"/>
          </contains>
          <contains>
            <system value="http://cbsig.chai.gatech.edu/CodeSystem/cbs-temp-code-system"/>
            <code value="Usual-Residence"/>
            <display value="Address of Usual Residence"/>
          </contains>
        </expansion>
      </ValueSet>
    </resource>
  </entry>
  <entry>
    <fullUrl value="http://cbsig.chai.gatech.edu/ValueSet/CBSRelatedCaseTypeVS"/>
    <resource>
      <ValueSet>
        <id value="CBSRelatedCaseTypeVS"/>
        <text>
          <status value="generated"/>
          <div xmlns="http://www.w3.org/1999/xhtml">
            <p>This value set contains 3 concepts</p>
            <p style="border: black 1px dotted; background-color: #EEEEEE; padding: 8px; margin-bottom: 8px">Expansion based on 
              <a href="CodeSystem-cbs-temp-code-system.html">Case Based Surveillance temporary/placeholder code system. v0.1.0 (CodeSystem)</a>
            </p>
            <p>All codes in this table are from the system 
              <a href="CodeSystem-cbs-temp-code-system.html">
                <code>http://cbsig.chai.gatech.edu/CodeSystem/cbs-temp-code-system</code>
              </a>
            </p>
            <table class="codes">
              <tr>
                <td style="white-space:nowrap">
                  <b>Code</b>
                </td>
                <td>
                  <b>Display</b>
                </td>
                <td>
                  <b>Definition</b>
                </td>
              </tr>
              <tr>
                <td style="white-space:nowrap">
                  <a name="http---cbsig.chai.gatech.edu-CodeSystem-cbs-temp-code-system-previously-reported"> </a>
                  <a href="CodeSystem-cbs-temp-code-system.html#cbs-temp-code-system-previously-reported">previously-reported</a>
                </td>
                <td>Previously Reported Case</td>
                <td/>
              </tr>
              <tr>
                <td style="white-space:nowrap">
                  <a name="http---cbsig.chai.gatech.edu-CodeSystem-cbs-temp-code-system-connected-outbreak"> </a>
                  <a href="CodeSystem-cbs-temp-code-system.html#cbs-temp-code-system-connected-outbreak">connected-outbreak</a>
                </td>
                <td>Connected Outbreak Case</td>
                <td/>
              </tr>
              <tr>
                <td style="white-space:nowrap">
                  <a name="http---cbsig.chai.gatech.edu-CodeSystem-cbs-temp-code-system-parent-congential-syphilis"> </a>
                  <a href="CodeSystem-cbs-temp-code-system.html#cbs-temp-code-system-parent-congential-syphilis">parent-congential-syphilis</a>
                </td>
                <td>Parent in Congenital Syphilis</td>
                <td/>
              </tr>
            </table>
          </div>
        </text>
        <url value="http://cbsig.chai.gatech.edu/ValueSet/CBSRelatedCaseTypeVS"/>
        <version value="0.1.0"/>
        <name value="CBSRelatedCaseTypeVS"/>
        <title value="CBS Related Case Type Value Set"/>
        <status value="active"/>
        <date value="2021-11-03T10:06:32-04:00"/>
        <publisher value="Georgia Tech Research Institute (GTRI)"/>
        <contact>
          <name value="Georgia Tech Research Institute (GTRI)"/>
          <telecom>
            <system value="url"/>
            <value value="http://gtri.gatech.edu/"/>
          </telecom>
        </contact>
        <description value="Codes found in the case notification panel that are otherwise not captured in other CBS profiles."/>
        <expansion>
          <identifier value="urn:uuid:5578707b-c2ab-4b22-b969-c15f6977b8ab"/>
          <timestamp value="2021-11-03T10:08:15-04:00"/>
          <total value="3"/>
          <parameter>
            <name value="excludeNested"/>
            <valueBoolean value="false"/>
          </parameter>
          <parameter>
            <name value="version"/>
            <valueUri value="http://cbsig.chai.gatech.edu/CodeSystem/cbs-temp-code-system|0.1.0"/>
          </parameter>
          <contains>
            <system value="http://cbsig.chai.gatech.edu/CodeSystem/cbs-temp-code-system"/>
            <code value="previously-reported"/>
            <display value="Previously Reported Case"/>
          </contains>
          <contains>
            <system value="http://cbsig.chai.gatech.edu/CodeSystem/cbs-temp-code-system"/>
            <code value="connected-outbreak"/>
            <display value="Connected Outbreak Case"/>
          </contains>
          <contains>
            <system value="http://cbsig.chai.gatech.edu/CodeSystem/cbs-temp-code-system"/>
            <code value="parent-congential-syphilis"/>
            <display value="Parent in Congenital Syphilis"/>
          </contains>
        </expansion>
      </ValueSet>
    </resource>
  </entry>
  <entry>
    <fullUrl value="http://cbsig.chai.gatech.edu/ValueSet/CBSSocialDeterminantsOfHealthCategoryVS"/>
    <resource>
      <ValueSet>
        <id value="CBSSocialDeterminantsOfHealthCategoryVS"/>
        <text>
          <status value="generated"/>
          <div xmlns="http://www.w3.org/1999/xhtml">
            <p>This value set contains 4 concepts</p>
            <p style="border: black 1px dotted; background-color: #EEEEEE; padding: 8px; margin-bottom: 8px">Expansion based on 
              <a href="CodeSystem-cbs-temp-code-system.html">Case Based Surveillance temporary/placeholder code system. v0.1.0 (CodeSystem)</a>
            </p>
            <p>All codes in this table are from the system 
              <a href="CodeSystem-cbs-temp-code-system.html">
                <code>http://cbsig.chai.gatech.edu/CodeSystem/cbs-temp-code-system</code>
              </a>
            </p>
            <table class="codes">
              <tr>
                <td style="white-space:nowrap">
                  <b>Code</b>
                </td>
                <td>
                  <b>Display</b>
                </td>
                <td>
                  <b>Definition</b>
                </td>
              </tr>
              <tr>
                <td style="white-space:nowrap">
                  <a name="http---cbsig.chai.gatech.edu-CodeSystem-cbs-temp-code-system-sogi"> </a>
                  <a href="CodeSystem-cbs-temp-code-system.html#cbs-temp-code-system-sogi">sogi</a>
                </td>
                <td>Sexual Orientation and Gender Identity</td>
                <td/>
              </tr>
              <tr>
                <td style="white-space:nowrap">
                  <a name="http---cbsig.chai.gatech.edu-CodeSystem-cbs-temp-code-system-housing-or-residence"> </a>
                  <a href="CodeSystem-cbs-temp-code-system.html#cbs-temp-code-system-housing-or-residence">housing-or-residence</a>
                </td>
                <td>Housing Insecurity or Residence Characteristics</td>
                <td/>
              </tr>
              <tr>
                <td style="white-space:nowrap">
                  <a name="http---cbsig.chai.gatech.edu-CodeSystem-cbs-temp-code-system-education"> </a>
                  <a href="CodeSystem-cbs-temp-code-system.html#cbs-temp-code-system-education">education</a>
                </td>
                <td>Education Level</td>
                <td/>
              </tr>
              <tr>
                <td style="white-space:nowrap">
                  <a name="http---cbsig.chai.gatech.edu-CodeSystem-cbs-temp-code-system-food-insecurity"> </a>
                  <a href="CodeSystem-cbs-temp-code-system.html#cbs-temp-code-system-food-insecurity">food-insecurity</a>
                </td>
                <td>Food Insecurity</td>
                <td/>
              </tr>
            </table>
          </div>
        </text>
        <url value="http://cbsig.chai.gatech.edu/ValueSet/CBSSocialDeterminantsOfHealthCategoryVS"/>
        <version value="0.1.0"/>
        <name value="CBSSocialDeterminantsOfHealthCategoryVS"/>
        <title value="CBS Case Social Determinants of Health Category Value Set"/>
        <status value="active"/>
        <date value="2021-11-03T10:06:32-04:00"/>
        <publisher value="Georgia Tech Research Institute (GTRI)"/>
        <contact>
          <name value="Georgia Tech Research Institute (GTRI)"/>
          <telecom>
            <system value="url"/>
            <value value="http://gtri.gatech.edu/"/>
          </telecom>
        </contact>
        <description value="Categories for social determinants of health and related elements of social history which may be captured in the SDOH profile."/>
        <expansion>
          <identifier value="urn:uuid:d5d06a67-69f5-42f5-84ee-b74c425db535"/>
          <timestamp value="2021-11-03T10:08:16-04:00"/>
          <total value="4"/>
          <parameter>
            <name value="excludeNested"/>
            <valueBoolean value="false"/>
          </parameter>
          <parameter>
            <name value="version"/>
            <valueUri value="http://cbsig.chai.gatech.edu/CodeSystem/cbs-temp-code-system|0.1.0"/>
          </parameter>
          <contains>
            <system value="http://cbsig.chai.gatech.edu/CodeSystem/cbs-temp-code-system"/>
            <code value="sogi"/>
            <display value="Sexual Orientation and Gender Identity"/>
          </contains>
          <contains>
            <system value="http://cbsig.chai.gatech.edu/CodeSystem/cbs-temp-code-system"/>
            <code value="housing-or-residence"/>
            <display value="Housing Insecurity or Residence Characteristics"/>
          </contains>
          <contains>
            <system value="http://cbsig.chai.gatech.edu/CodeSystem/cbs-temp-code-system"/>
            <code value="education"/>
            <display value="Education Level"/>
          </contains>
          <contains>
            <system value="http://cbsig.chai.gatech.edu/CodeSystem/cbs-temp-code-system"/>
            <code value="food-insecurity"/>
            <display value="Food Insecurity"/>
          </contains>
        </expansion>
      </ValueSet>
    </resource>
  </entry>
  <entry>
    <fullUrl value="http://cbsig.chai.gatech.edu/ValueSet/CBSSocialDeterminantsOfHealthVS"/>
    <resource>
      <ValueSet>
        <id value="CBSSocialDeterminantsOfHealthVS"/>
        <text>
          <status value="generated"/>
          <div xmlns="http://www.w3.org/1999/xhtml">
            <p>This value set contains 4 concepts</p>
            <div style="border: black 1px dotted; background-color: #EEEEEE; padding: 8px; margin-bottom: 8px">
              <p>Expansion based on: </p>
              <ul>
                <li>Loinc v2.71</li>
                <li>SNOMED CT International edition 31-Jul 2021</li>
              </ul>
            </div>
            <table class="codes">
              <tr>
                <td style="white-space:nowrap">
                  <b>Code</b>
                </td>
                <td>
                  <b>System</b>
                </td>
                <td>
                  <b>Display</b>
                </td>
                <td>
                  <b>Definition</b>
                </td>
              </tr>
              <tr>
                <td style="white-space:nowrap">
                  <a name="http---loinc.org-76690-7"> </a>
                  <a href="http://details.loinc.org/LOINC/76690-7.html">76690-7</a>
                </td>
                <td>http://loinc.org</td>
                <td>Sexual orientation</td>
                <td/>
              </tr>
              <tr>
                <td style="white-space:nowrap">
                  <a name="http---loinc.org-76691-5"> </a>
                  <a href="http://details.loinc.org/LOINC/76691-5.html">76691-5</a>
                </td>
                <td>http://loinc.org</td>
                <td>Gender identity</td>
                <td/>
              </tr>
              <tr>
                <td style="white-space:nowrap">
                  <a name="http---loinc.org-75274-1"> </a>
                  <a href="http://details.loinc.org/LOINC/75274-1.html">75274-1</a>
                </td>
                <td>http://loinc.org</td>
                <td>Characteristics of residence</td>
                <td/>
              </tr>
              <tr>
                <td style="white-space:nowrap">
                  <a name="http---snomed.info-sct-45361006"> </a>
                  <a href="http://browser.ihtsdotools.org/?perspective=full&amp;conceptId1=45361006">45361006</a>
                </td>
                <td>http://snomed.info/sct</td>
                <td>Imprisonment</td>
                <td/>
              </tr>
            </table>
          </div>
        </text>
        <url value="http://cbsig.chai.gatech.edu/ValueSet/CBSSocialDeterminantsOfHealthVS"/>
        <version value="0.1.0"/>
        <name value="CBSSocialDeterminantsOfHealthVS"/>
        <title value="CBS Case Social Determinants of Health Codes Value Set"/>
        <status value="active"/>
        <date value="2021-11-03T10:06:32-04:00"/>
        <publisher value="Georgia Tech Research Institute (GTRI)"/>
        <contact>
          <name value="Georgia Tech Research Institute (GTRI)"/>
          <telecom>
            <system value="url"/>
            <value value="http://gtri.gatech.edu/"/>
          </telecom>
        </contact>
        <description value="Codes for social determinants of health and related elements of social history which may be captured in the SDOH profile."/>
        <expansion>
          <identifier value="urn:uuid:90f23c0e-bef6-4d63-8293-88e4153c3366"/>
          <timestamp value="2021-11-03T10:08:16-04:00"/>
          <total value="4"/>
          <parameter>
            <name value="excludeNested"/>
            <valueBoolean value="false"/>
          </parameter>
          <parameter>
            <name value="limitedExpansion"/>
            <valueBoolean value="true"/>
          </parameter>
          <parameter>
            <name value="version"/>
            <valueString value="http://loinc.org|2.71"/>
          </parameter>
          <parameter>
            <name value="excludeNested"/>
            <valueBoolean value="true"/>
          </parameter>
          <parameter>
            <name value="version"/>
            <valueString value="http://snomed.info/sct|http://snomed.info/sct/900000000000207008/version/20210731"/>
          </parameter>
          <contains>
            <system value="http://loinc.org"/>
            <code value="76690-7"/>
            <display value="Sexual orientation"/>
          </contains>
          <contains>
            <system value="http://loinc.org"/>
            <code value="76691-5"/>
            <display value="Gender identity"/>
          </contains>
          <contains>
            <system value="http://loinc.org"/>
            <code value="75274-1"/>
            <display value="Characteristics of residence"/>
          </contains>
          <contains>
            <system value="http://snomed.info/sct"/>
            <code value="45361006"/>
            <display value="Imprisonment"/>
          </contains>
        </expansion>
      </ValueSet>
    </resource>
  </entry>
  <entry>
    <fullUrl value="http://cbsig.chai.gatech.edu/ValueSet/CBSTimeWindowRelativeToVS"/>
    <resource>
      <ValueSet>
        <id value="CBSTimeWindowRelativeToVS"/>
        <text>
          <status value="generated"/>
          <div xmlns="http://www.w3.org/1999/xhtml">
            <p>This value set contains 2 concepts</p>
            <p style="border: black 1px dotted; background-color: #EEEEEE; padding: 8px; margin-bottom: 8px">Expansion based on 
              <a href="CodeSystem-cbs-temp-code-system.html">Case Based Surveillance temporary/placeholder code system. v0.1.0 (CodeSystem)</a>
            </p>
            <p>All codes in this table are from the system 
              <a href="CodeSystem-cbs-temp-code-system.html">
                <code>http://cbsig.chai.gatech.edu/CodeSystem/cbs-temp-code-system</code>
              </a>
            </p>
            <table class="codes">
              <tr>
                <td style="white-space:nowrap">
                  <b>Code</b>
                </td>
                <td>
                  <b>Display</b>
                </td>
                <td>
                  <b>Definition</b>
                </td>
              </tr>
              <tr>
                <td style="white-space:nowrap">
                  <a name="http---cbsig.chai.gatech.edu-CodeSystem-cbs-temp-code-system-conditionOnsetDatePeriodStart"> </a>
                  <a href="CodeSystem-cbs-temp-code-system.html#cbs-temp-code-system-conditionOnsetDatePeriodStart">conditionOnsetDatePeriodStart</a>
                </td>
                <td>Condition.onsetDatePeriod.start</td>
                <td/>
              </tr>
              <tr>
                <td style="white-space:nowrap">
                  <a name="http---cbsig.chai.gatech.edu-CodeSystem-cbs-temp-code-system-conditionOnsetDateTime"> </a>
                  <a href="CodeSystem-cbs-temp-code-system.html#cbs-temp-code-system-conditionOnsetDateTime">conditionOnsetDateTime</a>
                </td>
                <td>Condition.onsetDateTime</td>
                <td/>
              </tr>
            </table>
          </div>
        </text>
        <url value="http://cbsig.chai.gatech.edu/ValueSet/CBSTimeWindowRelativeToVS"/>
        <version value="0.1.0"/>
        <name value="CBSTimeWindowRelativeToVS"/>
        <title value="CBS Time Window Relative To Value Set"/>
        <status value="active"/>
        <date value="2021-11-03T10:06:32-04:00"/>
        <publisher value="Georgia Tech Research Institute (GTRI)"/>
        <contact>
          <name value="Georgia Tech Research Institute (GTRI)"/>
          <telecom>
            <system value="url"/>
            <value value="http://gtri.gatech.edu/"/>
          </telecom>
        </contact>
        <description value="Codes for specific resource elements referenced by the CBS Program Specific Time Window extension, to convey to which element in the referenced resource a time window is relative."/>
        <expansion>
          <identifier value="urn:uuid:2cacb3de-74e5-4d94-ae16-f3ac6b0db1f3"/>
          <timestamp value="2021-11-03T10:08:16-04:00"/>
          <total value="2"/>
          <parameter>
            <name value="excludeNested"/>
            <valueBoolean value="false"/>
          </parameter>
          <parameter>
            <name value="version"/>
            <valueUri value="http://cbsig.chai.gatech.edu/CodeSystem/cbs-temp-code-system|0.1.0"/>
          </parameter>
          <contains>
            <system value="http://cbsig.chai.gatech.edu/CodeSystem/cbs-temp-code-system"/>
            <code value="conditionOnsetDatePeriodStart"/>
            <display value="Condition.onsetDatePeriod.start"/>
          </contains>
          <contains>
            <system value="http://cbsig.chai.gatech.edu/CodeSystem/cbs-temp-code-system"/>
            <code value="conditionOnsetDateTime"/>
            <display value="Condition.onsetDateTime"/>
          </contains>
        </expansion>
      </ValueSet>
    </resource>
  </entry>
</Bundle>