<?xml version="1.0" encoding="UTF-8"?>

<Bundle xmlns="http://hl7.org/fhir">
  <id value="7456716b-5812-4586-8d57-66c3261cca6a"/>
  <meta>
    <lastUpdated value="2021-08-18T09:33:53.888-04:00"/>
  </meta>
  <type value="collection"/>
  <entry>
    <fullUrl value="http://cbsig.chai.gatech.edu/ValueSet/CBSAddressUseVS"/>
    <resource>
      <ValueSet>
        <id value="CBSAddressUseVS"/>
        <text>
          <status value="generated"/>
          <div xmlns="http://www.w3.org/1999/xhtml">
            <p>This value set contains 7 concepts</p>
            <div style="border: black 1px dotted; background-color: #EEEEEE; padding: 8px; margin-bottom: 8px">
              <p>Expansion based on: </p>
              <ul>
                <li>
                  <a href="CodeSystem-cbs-temp-code-system.html">Case Based Surveillance temporary/placeholder code system. v0.1.0 (CodeSystem)</a>
                </li>
                <li>
                  <a href="http://hl7.org/fhir/R4/codesystem-address-use.html">AddressUse v4.0.1 (CodeSystem)</a>
                </li>
              </ul>
            </div>
            <table class="codes">
              <tr>
                <td style="white-space:nowrap">
                  <b>Code</b>
                </td>
                <td>
                  <b>System</b>
                </td>
                <td>
                  <b>Display</b>
                </td>
                <td>
                  <b>Definition</b>
                </td>
              </tr>
              <tr>
                <td style="white-space:nowrap">
                  <a name="http---hl7.org-fhir-address-use-home"> </a>
                  <a href="http://hl7.org/fhir/R4/codesystem-address-use.html#address-use-home">home</a>
                </td>
                <td>http://hl7.org/fhir/address-use</td>
                <td>Home</td>
                <td>A communication address at a home.</td>
              </tr>
              <tr>
                <td style="white-space:nowrap">
                  <a name="http---hl7.org-fhir-address-use-work"> </a>
                  <a href="http://hl7.org/fhir/R4/codesystem-address-use.html#address-use-work">work</a>
                </td>
                <td>http://hl7.org/fhir/address-use</td>
                <td>Work</td>
                <td>An office address. First choice for business related contacts during business hours.</td>
              </tr>
              <tr>
                <td style="white-space:nowrap">
                  <a name="http---hl7.org-fhir-address-use-temp"> </a>
                  <a href="http://hl7.org/fhir/R4/codesystem-address-use.html#address-use-temp">temp</a>
                </td>
                <td>http://hl7.org/fhir/address-use</td>
                <td>Temporary</td>
                <td>A temporary address. The period can provide more detailed information.</td>
              </tr>
              <tr>
                <td style="white-space:nowrap">
                  <a name="http---hl7.org-fhir-address-use-old"> </a>
                  <a href="http://hl7.org/fhir/R4/codesystem-address-use.html#address-use-old">old</a>
                </td>
                <td>http://hl7.org/fhir/address-use</td>
                <td>Old / Incorrect</td>
                <td>This address is no longer in use (or was never correct but retained for records).</td>
              </tr>
              <tr>
                <td style="white-space:nowrap">
                  <a name="http---hl7.org-fhir-address-use-billing"> </a>
                  <a href="http://hl7.org/fhir/R4/codesystem-address-use.html#address-use-billing">billing</a>
                </td>
                <td>http://hl7.org/fhir/address-use</td>
                <td>Billing</td>
                <td>An address to be used to send bills, invoices, receipts etc.</td>
              </tr>
              <tr>
                <td style="white-space:nowrap">
                  <a name="http---cbsig.chai.gatech.edu-CodeSystem-cbs-temp-code-system-Address-at-Diagnosis"> </a>
                  <a href="CodeSystem-cbs-temp-code-system.html#cbs-temp-code-system-Address-at-Diagnosis">Address-at-Diagnosis</a>
                </td>
                <td>http://cbsig.chai.gatech.edu/CodeSystem/cbs-temp-code-system</td>
                <td>Address at Diagnosis of Condition of Interest</td>
                <td>Subject&#39;s address at the time of the diagnosis for the condition of interest.</td>
              </tr>
              <tr>
                <td style="white-space:nowrap">
                  <a name="http---cbsig.chai.gatech.edu-CodeSystem-cbs-temp-code-system-Usual-Residence"> </a>
                  <a href="CodeSystem-cbs-temp-code-system.html#cbs-temp-code-system-Usual-Residence">Usual-Residence</a>
                </td>
                <td>http://cbsig.chai.gatech.edu/CodeSystem/cbs-temp-code-system</td>
                <td>Address of Usual Residence</td>
                <td>Subject&#39;s location of usual residence. This is a broader location representation of the LOINC Code 77983-5 (https://loinc.org/77983-5/), &#39;Country of Usual Residence&#39;. The meaning of &#39;usual residence&#39; is defined as per surveillance programs.</td>
              </tr>
            </table>
          </div>
        </text>
        <url value="http://cbsig.chai.gatech.edu/ValueSet/CBSAddressUseVS"/>
        <version value="0.1.0"/>
        <name value="CBSAddressUseVS"/>
        <title value="Additional codes for Address.use."/>
        <status value="active"/>
        <date value="2021-08-18T09:33:53-04:00"/>
        <publisher value="Georgia Tech Research Institute (GTRI)"/>
        <contact>
          <name value="Georgia Tech Research Institute (GTRI)"/>
          <telecom>
            <system value="url"/>
            <value value="http://gtri.gatech.edu/"/>
          </telecom>
        </contact>
        <description value="Codes for Address.use which are used as slice discriminators to capture address history at relevant points in time to case surveillance."/>
        <expansion>
          <identifier value="urn:uuid:e9779edf-c123-468d-bad3-3ef840b1064b"/>
          <timestamp value="2021-08-18T09:37:20-04:00"/>
          <total value="7"/>
          <parameter>
            <name value="excludeNested"/>
            <valueBoolean value="false"/>
          </parameter>
          <parameter>
            <name value="version"/>
            <valueUri value="http://hl7.org/fhir/address-use|4.0.1"/>
          </parameter>
          <parameter>
            <name value="version"/>
            <valueUri value="http://cbsig.chai.gatech.edu/CodeSystem/cbs-temp-code-system|0.1.0"/>
          </parameter>
          <contains>
            <system value="http://hl7.org/fhir/address-use"/>
            <code value="home"/>
            <display value="Home"/>
          </contains>
          <contains>
            <system value="http://hl7.org/fhir/address-use"/>
            <code value="work"/>
            <display value="Work"/>
          </contains>
          <contains>
            <system value="http://hl7.org/fhir/address-use"/>
            <code value="temp"/>
            <display value="Temporary"/>
          </contains>
          <contains>
            <system value="http://hl7.org/fhir/address-use"/>
            <code value="old"/>
            <display value="Old / Incorrect"/>
          </contains>
          <contains>
            <system value="http://hl7.org/fhir/address-use"/>
            <code value="billing"/>
            <display value="Billing"/>
          </contains>
          <contains>
            <system value="http://cbsig.chai.gatech.edu/CodeSystem/cbs-temp-code-system"/>
            <code value="Address-at-Diagnosis"/>
            <display value="Address at Diagnosis of Condition of Interest"/>
          </contains>
          <contains>
            <system value="http://cbsig.chai.gatech.edu/CodeSystem/cbs-temp-code-system"/>
            <code value="Usual-Residence"/>
            <display value="Address of Usual Residence"/>
          </contains>
        </expansion>
      </ValueSet>
    </resource>
  </entry>
  <entry>
    <fullUrl value="http://cbsig.chai.gatech.edu/ValueSet/CBSRelatedCaseTypeVS"/>
    <resource>
      <ValueSet>
        <id value="CBSRelatedCaseTypeVS"/>
        <text>
          <status value="generated"/>
          <div xmlns="http://www.w3.org/1999/xhtml">
            <p>This value set contains 3 concepts</p>
            <p style="border: black 1px dotted; background-color: #EEEEEE; padding: 8px; margin-bottom: 8px">Expansion based on 
              <a href="CodeSystem-cbs-temp-code-system.html">Case Based Surveillance temporary/placeholder code system. v0.1.0 (CodeSystem)</a>
            </p>
            <p>All codes from system 
              <a href="CodeSystem-cbs-temp-code-system.html">
                <code>http://cbsig.chai.gatech.edu/CodeSystem/cbs-temp-code-system</code>
              </a>
            </p>
            <table class="codes">
              <tr>
                <td style="white-space:nowrap">
                  <b>Code</b>
                </td>
                <td>
                  <b>Display</b>
                </td>
                <td>
                  <b>Definition</b>
                </td>
              </tr>
              <tr>
                <td style="white-space:nowrap">
                  <a name="http---cbsig.chai.gatech.edu-CodeSystem-cbs-temp-code-system-previously-reported"> </a>
                  <a href="CodeSystem-cbs-temp-code-system.html#cbs-temp-code-system-previously-reported">previously-reported</a>
                </td>
                <td>Previously Reported Case</td>
                <td/>
              </tr>
              <tr>
                <td style="white-space:nowrap">
                  <a name="http---cbsig.chai.gatech.edu-CodeSystem-cbs-temp-code-system-connected-outbreak"> </a>
                  <a href="CodeSystem-cbs-temp-code-system.html#cbs-temp-code-system-connected-outbreak">connected-outbreak</a>
                </td>
                <td>Connected Outbreak Case</td>
                <td/>
              </tr>
              <tr>
                <td style="white-space:nowrap">
                  <a name="http---cbsig.chai.gatech.edu-CodeSystem-cbs-temp-code-system-parent-congential-syphilis"> </a>
                  <a href="CodeSystem-cbs-temp-code-system.html#cbs-temp-code-system-parent-congential-syphilis">parent-congential-syphilis</a>
                </td>
                <td>Parent in Congenital Syphilis</td>
                <td/>
              </tr>
            </table>
          </div>
        </text>
        <url value="http://cbsig.chai.gatech.edu/ValueSet/CBSRelatedCaseTypeVS"/>
        <version value="0.1.0"/>
        <name value="CBSRelatedCaseTypeVS"/>
        <title value="CBS Related Case Type Value Set"/>
        <status value="active"/>
        <date value="2021-08-18T09:33:53-04:00"/>
        <publisher value="Georgia Tech Research Institute (GTRI)"/>
        <contact>
          <name value="Georgia Tech Research Institute (GTRI)"/>
          <telecom>
            <system value="url"/>
            <value value="http://gtri.gatech.edu/"/>
          </telecom>
        </contact>
        <description value="Codes found in the case notification panel that are otherwise not captured in other CBS profiles."/>
        <expansion>
          <identifier value="urn:uuid:8c79c06d-8650-4e21-a966-0feaa0e43566"/>
          <timestamp value="2021-08-18T09:37:33-04:00"/>
          <total value="3"/>
          <parameter>
            <name value="excludeNested"/>
            <valueBoolean value="false"/>
          </parameter>
          <parameter>
            <name value="version"/>
            <valueUri value="http://cbsig.chai.gatech.edu/CodeSystem/cbs-temp-code-system|0.1.0"/>
          </parameter>
          <contains>
            <system value="http://cbsig.chai.gatech.edu/CodeSystem/cbs-temp-code-system"/>
            <code value="previously-reported"/>
            <display value="Previously Reported Case"/>
          </contains>
          <contains>
            <system value="http://cbsig.chai.gatech.edu/CodeSystem/cbs-temp-code-system"/>
            <code value="connected-outbreak"/>
            <display value="Connected Outbreak Case"/>
          </contains>
          <contains>
            <system value="http://cbsig.chai.gatech.edu/CodeSystem/cbs-temp-code-system"/>
            <code value="parent-congential-syphilis"/>
            <display value="Parent in Congenital Syphilis"/>
          </contains>
        </expansion>
      </ValueSet>
    </resource>
  </entry>
</Bundle>