<?xml version="1.0" encoding="UTF-8"?>

<Composition xmlns="http://hl7.org/fhir">
  <id value="Lyme-TC-Composition"/>
  <meta>
    <profile value="http://cbsig.chai.gatech.edu/StructureDefinition/cbs-composition"/>
  </meta>
  <text>
    <status value="generated"/><div xmlns="http://www.w3.org/1999/xhtml"><p><b>Generated Narrative</b></p><p><b>status</b>: final</p><p><b>type</b>: <span title="Codes: {http://loinc.org 55751-2}">Public health Case report</span></p><p><b>date</b>: 2018-09-12</p><p><b>author</b>: <a href="Organization-Lyme-TC-Reporting-Source.html">Generated Summary: <span title="Codes: {urn:oid:2.16.840.1.114222.4.5.274 PHC247}">Laboratory</span>; name: Reporting Source</a></p><p><b>title</b>: Case Based Surveillance Composition</p></div>
  </text>
  <status value="final"/>
  <type>
    <coding>
      <system value="http://loinc.org"/>
      <code value="55751-2"/>
    </coding>
  </type>
  <subject>
    <reference value="Patient/Lyme-TC-Patient"/>
  </subject>
  <date value="2018-09-12"/>
  <author>
    <reference value="Organization/Lyme-TC-Reporting-Source"/>
  </author>
  <title value="Case Based Surveillance Composition"/>
  <section>
    <title value="Condition of Interest"/>
    <entry>
      <reference value="Condition/Lyme-TC-Condition"/>
    </entry>
  </section>
  <section>
    <title value="Case Notification Panel"/>
    <entry>
      <reference value="Observation/Lyme-TC-CNP"/>
    </entry>
    <section>
      <entry>
        <reference value="Observation/Lyme-TC-MMWR"/>
      </entry>
      <entry>
        <reference value="Observation/Lyme-TC-Exposure"/>
      </entry>
      <entry>
        <reference value="Observation/Lyme-TC-CNP-Member1"/>
      </entry>
      <entry>
        <reference value="Observation/Lyme-TC-CNP-Member2"/>
      </entry>
      <entry>
        <reference value="Observation/Lyme-TC-CNP-Member3"/>
      </entry>
      <entry>
        <reference value="Observation/Lyme-TC-CNP-Member4"/>
      </entry>
      <entry>
        <reference value="Observation/Lyme-TC-CNP-Member5"/>
      </entry>
      <entry>
        <reference value="Observation/Lyme-TC-CNP-Member6"/>
      </entry>
      <entry>
        <reference value="Observation/Lyme-TC-CNP-Member7"/>
      </entry>
      <entry>
        <reference value="Observation/Lyme-TC-CNP-Member8"/>
      </entry>
      <entry>
        <reference value="Observation/Lyme-TC-CNP-Member9"/>
      </entry>
      <entry>
        <reference value="Observation/Lyme-TC-CNP-Member10"/>
      </entry>
      <entry>
        <reference value="Observation/Lyme-TC-CNP-Member11"/>
      </entry>
      <entry>
        <reference value="Observation/Lyme-TC-CNP-Member12"/>
      </entry>
      <entry>
        <reference value="Observation/Lyme-TC-CNP-Member13"/>
      </entry>
    </section>
  </section>
  <section>
    <title value="History of Encounters (Hospitalizations)"/>
    <entry>
      <reference value="Encounter/Lyme-TC-Hospitalization"/>
    </entry>
  </section>
  <section>
    <title value="Reporting Entities"/>
    <entry>
      <reference value="Practitioner/Lyme-TC-Person-Reporting"/>
    </entry>
    <entry>
      <reference value="Organization/Lyme-TC-Reporting-Source"/>
    </entry>
  </section>
  <section>
    <title value="Laboratory Related Resources"/>
    <entry>
      <reference value="DiagnosticReport/Lyme-TC-Lab-DiagnosticReport"/>
    </entry>
    <entry>
      <reference value="Observation/Lyme-TC-Lab-Observation-1"/>
    </entry>
    <entry>
      <reference value="Observation/Lyme-TC-Lab-Observation-2"/>
    </entry>
    <entry>
      <reference value="Specimen/Lyme-TC-Specimen"/>
    </entry>
  </section>
  <section>
    <title value="Medication Administered"/>
    <entry>
      <reference value="MedicationStatement/Lyme-TC-Medication-Statement"/>
    </entry>
  </section>
  <section>
    <title value="Occupational Data"/>
    <entry>
      <reference value="Observation/Lyme-TC-ODH-Example"/>
    </entry>
  </section>
</Composition>