<?xml version="1.0" encoding="UTF-8"?>

<Condition xmlns="http://hl7.org/fhir">
  <id value="STD-TC-Condition"/>
  <meta>
    <profile value="http://cbsig.chai.gatech.edu/StructureDefinition/cbs-condition"/>
  </meta>
  <text>
    <status value="extensions"/><div xmlns="http://www.w3.org/1999/xhtml"><p><b>Generated Narrative</b></p><div style="display: inline-block; background-color: #d9e0e7; padding: 6px; margin: 4px; border: 1px solid #8da1b4; border-radius: 5px; line-height: 60%"><p style="margin-bottom: 0px">Resource "STD-TC-Condition" </p><p style="margin-bottom: 0px">Profile: <a href="StructureDefinition-cbs-condition.html">Case Based Surveillance Condition of Interest Profile</a></p></div><p><b>Case Based Surveillance Case Class Status</b>: Confirmed present <span style="background: LightGoldenRodYellow; margin: 4px; border: 1px solid khaki"> (<a href="https://browser.ihtsdotools.org/">SNOMED CT</a>#410605003)</span></p><p><b>Case Based Surveillance Diagnosis Date Extension</b>: 2014-01-17</p><p><b>Case Based Surveillance Illness Duration</b>: 12 d<span style="background: LightGoldenRodYellow"> (Details: UCUM code d = 'd')</span></p><p><b>clinicalStatus</b>: Inactive <span style="background: LightGoldenRodYellow; margin: 4px; border: 1px solid khaki"> (<a href="http://terminology.hl7.org/3.0.0/CodeSystem-condition-clinical.html">Condition Clinical Status Codes</a>#inactive)</span></p><p><b>code</b>: Gonorrhea <span style="background: LightGoldenRodYellow; margin: 4px; border: 1px solid khaki"> (unknown#10280)</span></p><p><b>subject</b>: <a href="Patient-STD-TC-Patient.html">Patient/STD-TC-Patient: STD-TC Example Patient</a> " WWWWW"</p><p><b>onset</b>: 2014-01-15</p><p><b>abatement</b>: 2014-01-27</p><blockquote><p><b>evidence</b></p><p><b>code</b>: Erythema Migrans <span style="background: LightGoldenRodYellow; margin: 4px; border: 1px solid khaki"> (<a href="https://browser.ihtsdotools.org/">SNOMED CT</a>#69588003)</span></p></blockquote><blockquote><p><b>evidence</b></p><p><b>code</b>: Atrioventricular block <span style="background: LightGoldenRodYellow; margin: 4px; border: 1px solid khaki"> (<a href="https://browser.ihtsdotools.org/">SNOMED CT</a>#233917008)</span></p></blockquote></div>
  </text>
  <extension url="http://cbsig.chai.gatech.edu/StructureDefinition/cbs-case-class-status">
    <valueCodeableConcept>
      <coding>
        <system value="http://snomed.info/sct"/>
        <code value="410605003"/>
        <display value="Confirmed present"/>
      </coding>
    </valueCodeableConcept>
  </extension>
  <extension url="http://cbsig.chai.gatech.edu/StructureDefinition/cbs-diagnosis-date">
    <valueDateTime value="2014-01-17"/>
  </extension>
  <extension url="http://cbsig.chai.gatech.edu/StructureDefinition/cbs-illness-duration">
    <valueQuantity>
      <value value="12"/>
      <system value="http://unitsofmeasure.org"/>
      <code value="d"/>
    </valueQuantity>
  </extension>
  <clinicalStatus>
    <coding>
      <system value="http://terminology.hl7.org/CodeSystem/condition-clinical"/>
      <code value="inactive"/>
    </coding>
  </clinicalStatus>
  <code>
    <coding>
      <system value="urn:oid:2.16.840.1.114222.4.5.277"/>
      <code value="10280"/>
      <display value="Gonorrhea"/>
    </coding>
  </code>
  <subject>
    <reference value="Patient/STD-TC-Patient"/>
    <display value="STD-TC Example Patient"/>
  </subject>
  <onsetDateTime value="2014-01-15"/>
  <abatementDateTime value="2014-01-27"/>
  <evidence>
    <code>
      <coding>
        <system value="http://snomed.info/sct"/>
        <code value="69588003"/>
        <display value="Erythema Migrans"/>
      </coding>
    </code>
  </evidence>
  <evidence>
    <code>
      <coding>
        <system value="http://snomed.info/sct"/>
        <code value="233917008"/>
        <display value="Atrioventricular block"/>
      </coding>
    </code>
  </evidence>
</Condition>