<?xml version="1.0" encoding="UTF-8"?>

<Condition xmlns="http://hl7.org/fhir">
  <id value="STD-TC-Complication"/>
  <text>
    <status value="generated"/><div xmlns="http://www.w3.org/1999/xhtml"><p><b>Generated Narrative</b></p><p><b>clinicalStatus</b>: <span title="Codes: {http://terminology.hl7.org/CodeSystem/condition-clinical inactive}">Inactive</span></p><p><b>code</b>: <span title="Codes: {http://snomed.info/sct 198130006}">Female pelvic inflammatory disease</span></p><p><b>subject</b>: <a href="Patient-STD-TC-Patient.html">STD-TC Example Patient. Generated Summary: Local Record ID: STD_TC05, Local Subject ID: STD_TC05; Wwwww, Ddddd; gender: female; birthDate: 1994-03-02</a></p></div>
  </text>
  <clinicalStatus>
    <coding>
      <system value="http://terminology.hl7.org/CodeSystem/condition-clinical"/>
      <code value="inactive"/>
    </coding>
  </clinicalStatus>
  <code>
    <coding>
      <system value="http://snomed.info/sct"/>
      <code value="198130006"/>
      <display value="Female pelvic inflammatory disease"/>
    </coding>
  </code>
  <subject>
    <reference value="Patient/STD-TC-Patient"/>
    <display value="STD-TC Example Patient"/>
  </subject>
</Condition>