<?xml version="1.0" encoding="UTF-8"?>

<Encounter xmlns="http://hl7.org/fhir">
  <id value="HAICA-TC-Hospitalization"/>
  <meta>
    <profile value="http://cbsig.chai.gatech.edu/StructureDefinition/cbs-hospitalization"/>
  </meta>
  <text>
    <status value="generated"/><div xmlns="http://www.w3.org/1999/xhtml"><p><b>Generated Narrative</b></p><div style="display: inline-block; background-color: #d9e0e7; padding: 6px; margin: 4px; border: 1px solid #8da1b4; border-radius: 5px; line-height: 60%"><p style="margin-bottom: 0px">Resource "HAICA-TC-Hospitalization" </p><p style="margin-bottom: 0px">Profile: <a href="StructureDefinition-cbs-hospitalization.html">Case Based Surveillance Hospitalization Encounter Profile</a></p></div><p><b>status</b>: unknown</p><p><b>class</b>: inpatient encounter (Details: http://terminology.hl7.org/CodeSystem/v3-ActCode code IMP = 'inpatient encounter', stated as 'null')</p><p><b>subject</b>: <a href="Patient-HAICA-TC-Patient.html">Patient/HAICA-TC-Patient: HAI-CA TC Example Patient</a> " YYYYY"</p><p><b>period</b>: 2018-11-24 --&gt; (ongoing)</p><h3>Diagnoses</h3><table class="grid"><tr><td>-</td><td><b>Condition</b></td></tr><tr><td>*</td><td><a href="Condition-HAICA-TC-Condition.html">Condition/HAICA-TC-Condition: HAI-CA TC Condition of Interest</a></td></tr></table></div>
  </text>
  <status value="unknown"/>
  <class>
    <system value="http://terminology.hl7.org/CodeSystem/v3-ActCode"/>
    <code value="IMP"/>
  </class>
  <subject>
    <reference value="Patient/HAICA-TC-Patient"/>
    <display value="HAI-CA TC Example Patient"/>
  </subject>
  <period>
    <start value="2018-11-24"/>
  </period>
  <diagnosis>
    <condition>
      <reference value="Condition/HAICA-TC-Condition"/>
      <display value="HAI-CA TC Condition of Interest"/>
    </condition>
  </diagnosis>
</Encounter>