<?xml version="1.0" encoding="UTF-8"?>

<Encounter xmlns="http://hl7.org/fhir">
  <id value="STD-TC-Hospitalization"/>
  <meta>
    <profile value="http://cbsig.chai.gatech.edu/StructureDefinition/cbs-hospitalization"/>
  </meta>
  <text>
    <status value="generated"/><div xmlns="http://www.w3.org/1999/xhtml"><p><b>Generated Narrative</b></p><p><b>status</b>: unknown</p><p><b>class</b>: <span title="{http://terminology.hl7.org/CodeSystem/v3-ActCode IMP}">inpatient encounter</span></p><p><b>subject</b>: <a href="Patient-STD-TC-Patient.html">STD-TC Example Patient. Generated Summary: Local Record ID: STD_TC05, Local Subject ID: STD_TC05; Wwwww, Ddddd; gender: female; birthDate: 1994-03-02</a></p><p><b>period</b>: 2014-01-18 --&gt; 2014-01-27</p><h3>Diagnoses</h3><table class="grid"><tr><td>-</td><td><b>Condition</b></td></tr><tr><td>*</td><td><a href="Condition-STD-TC-Condition.html">STD-TC Condition of Interest. Generated Summary: <span title="Codes: {http://terminology.hl7.org/CodeSystem/condition-clinical inactive}">Inactive</span>; <span title="Codes: {urn:oid:2.16.840.1.114222.4.5.277 10280}">Gonorrhea</span>; onset: 2014-01-15; abatement: 2014-01-27</a></td></tr></table></div>
  </text>
  <status value="unknown"/>
  <class>
    <system value="http://terminology.hl7.org/CodeSystem/v3-ActCode"/>
    <code value="IMP"/>
  </class>
  <subject>
    <reference value="Patient/STD-TC-Patient"/>
    <display value="STD-TC Example Patient"/>
  </subject>
  <period>
    <start value="2014-01-18"/>
    <end value="2014-01-27"/>
  </period>
  <length>
    <value value="9"/>
    <unit value="days"/>
    <system value="http://unitsofmeasure.org"/>
    <code value="d"/>
  </length>
  <diagnosis>
    <condition>
      <reference value="Condition/STD-TC-Condition"/>
      <display value="STD-TC Condition of Interest"/>
    </condition>
  </diagnosis>
</Encounter>