<?xml version="1.0" encoding="UTF-8"?>

<MedicationStatement xmlns="http://hl7.org/fhir">
  <id value="STD-TC-Medication-Statement-2"/>
  <text>
    <status value="generated"/><div xmlns="http://www.w3.org/1999/xhtml"><p><b>Generated Narrative</b></p><p><b>status</b>: completed</p><p><b>medication</b>: <span title="Codes: {http://www.nlm.nih.gov/research/umls/rxnorm 18631}">Azithromycin</span></p><p><b>subject</b>: <a href="Patient-STD-TC-Patient.html">STD-TC Example Patient. Generated Summary: Local Record ID: STD_TC05, Local Subject ID: STD_TC05; Wwwww, Ddddd; gender: female; birthDate: 1994-03-02</a></p><p><b>effective</b>: 2014-02-25 --&gt; 2014-02-25</p></div>
  </text>
  <status value="completed"/>
  <medicationCodeableConcept>
    <coding>
      <system value="http://www.nlm.nih.gov/research/umls/rxnorm"/>
      <code value="18631"/>
      <display value="Azithromycin"/>
    </coding>
  </medicationCodeableConcept>
  <subject>
    <reference value="Patient/STD-TC-Patient"/>
    <display value="STD-TC Example Patient"/>
  </subject>
  <effectivePeriod>
    <start value="2014-02-25"/>
    <end value="2014-02-25"/>
  </effectivePeriod>
  <dosage>
    <route>
      <coding>
        <system value="http://snomed.info/sct"/>
        <code value="26643006"/>
        <display value="Oral route"/>
      </coding>
    </route>
    <doseAndRate>
      <doseQuantity>
        <value value="1"/>
        <unit value="mg"/>
      </doseQuantity>
    </doseAndRate>
  </dosage>
</MedicationStatement>