<?xml version="1.0" encoding="UTF-8"?>

<Observation xmlns="http://hl7.org/fhir">
  <id value="STD-TC-HIVStatus"/>
  <text>
    <status value="generated"/><div xmlns="http://www.w3.org/1999/xhtml"><p><b>Generated Narrative</b></p><p></p><p><b>code</b>: <span title="Codes: {http://loinc.org 55277-8}">HIV status</span></p><p><b>subject</b>: <a href="Patient-STD-TC-Patient.html">STD-TC Example Patient. Generated Summary: Local Record ID: STD_TC05, Local Subject ID: STD_TC05; Wwwww, Ddddd; gender: female; birthDate: 1994-03-02</a></p><p><b>value</b>: <span title="Codes: {http://snomed.info/sct 165816005}">HIV positive</span></p></div>
  </text>
  <status value="final"/>
  <code>
    <coding>
      <system value="http://loinc.org"/>
      <code value="55277-8"/>
      <display value="HIV status"/>
    </coding>
  </code>
  <subject>
    <reference value="Patient/STD-TC-Patient"/>
    <display value="STD-TC Example Patient"/>
  </subject>
  <valueCodeableConcept>
    <coding>
      <system value="http://snomed.info/sct"/>
      <code value="165816005"/>
      <display value="HIV positive"/>
    </coding>
  </valueCodeableConcept>
</Observation>