<?xml version="1.0" encoding="UTF-8"?>

<Observation xmlns="http://hl7.org/fhir">
  <id value="GenV2-TC-CNP"/>
  <meta>
    <profile value="http://cbsig.chai.gatech.edu/StructureDefinition/cbs-case-notification-panel"/>
  </meta>
  <text>
    <status value="generated"/><div xmlns="http://www.w3.org/1999/xhtml"><p><b>Generated Narrative</b></p><div style="display: inline-block; background-color: #d9e0e7; padding: 6px; margin: 4px; border: 1px solid #8da1b4; border-radius: 5px; line-height: 60%"><p style="margin-bottom: 0px">Resource "GenV2-TC-CNP" </p><p style="margin-bottom: 0px">Profile: <a href="StructureDefinition-cbs-case-notification-panel.html">Case Based Surveillance Case Notification Panel Profile</a></p></div><p><b>status</b>: final</p><p><b>category</b>: Case notification panel [CDC.PHIN] <span style="background: LightGoldenRodYellow; margin: 4px; border: 1px solid khaki"> (<a href="https://loinc.org/">LOINC</a>#78000-7)</span></p><p><b>code</b>: Case notification panel [CDC.PHIN] <span style="background: LightGoldenRodYellow; margin: 4px; border: 1px solid khaki"> (<a href="https://loinc.org/">LOINC</a>#78000-7)</span></p><p><b>subject</b>: <a href="Patient-GenV2-TC-Patient.html">Patient/GenV2-TC-Patient: GenV2-TC Example Patient</a> ""</p><p><b>hasMember</b>: </p><ul><li><a href="Observation-GenV2-TC-MMWR.html">Observation/GenV2-TC-MMWR</a></li><li><a href="Observation-GenV2-TC-Exposure.html">Observation/GenV2-TC-Exposure</a></li><li><a href="Observation-GenV2-TC-CNP-Member1.html">Observation/GenV2-TC-CNP-Member1</a></li><li><a href="Observation-GenV2-TC-CNP-Member2.html">Observation/GenV2-TC-CNP-Member2</a></li><li><a href="Observation-GenV2-TC-CNP-Member3.html">Observation/GenV2-TC-CNP-Member3</a></li><li><a href="Observation-GenV2-TC-CNP-Member4.html">Observation/GenV2-TC-CNP-Member4</a></li><li><a href="Observation-GenV2-TC-CNP-Member5.html">Observation/GenV2-TC-CNP-Member5</a></li><li><a href="Observation-GenV2-TC-CNP-Member6.html">Observation/GenV2-TC-CNP-Member6</a></li><li><a href="Observation-GenV2-TC-CNP-Member7.html">Observation/GenV2-TC-CNP-Member7</a></li><li><a href="Observation-GenV2-TC-CNP-Member8.html">Observation/GenV2-TC-CNP-Member8</a></li><li><a href="Observation-GenV2-TC-CNP-Member9.html">Observation/GenV2-TC-CNP-Member9</a></li><li><a href="Observation-GenV2-TC-CNP-Member10.html">Observation/GenV2-TC-CNP-Member10</a></li><li><a href="Observation-GenV2-TC-CNP-Member11.html">Observation/GenV2-TC-CNP-Member11</a></li><li><a href="Observation-GenV2-TC-CNP-Member12.html">Observation/GenV2-TC-CNP-Member12</a></li><li><a href="Observation-GenV2-TC-CNP-Member13.html">Observation/GenV2-TC-CNP-Member13</a></li><li><a href="Observation-GenV2-TC-CNP-Member14.html">Observation/GenV2-TC-CNP-Member14</a></li><li><a href="Observation-GenV2-TC-CNP-Member15.html">Observation/GenV2-TC-CNP-Member15</a></li></ul></div>
  </text>
  <status value="final"/>
  <category>
    <coding>
      <system value="http://loinc.org"/>
      <code value="78000-7"/>
      <display value="Case notification panel [CDC.PHIN]"/>
    </coding>
  </category>
  <code>
    <coding>
      <system value="http://loinc.org"/>
      <code value="78000-7"/>
      <display value="Case notification panel [CDC.PHIN]"/>
    </coding>
  </code>
  <subject>
    <reference value="Patient/GenV2-TC-Patient"/>
    <display value="GenV2-TC Example Patient"/>
  </subject>
  <hasMember>
    <reference value="Observation/GenV2-TC-MMWR"/>
  </hasMember>
  <hasMember>
    <reference value="Observation/GenV2-TC-Exposure"/>
  </hasMember>
  <hasMember>
    <reference value="Observation/GenV2-TC-CNP-Member1"/>
  </hasMember>
  <hasMember>
    <reference value="Observation/GenV2-TC-CNP-Member2"/>
  </hasMember>
  <hasMember>
    <reference value="Observation/GenV2-TC-CNP-Member3"/>
  </hasMember>
  <hasMember>
    <reference value="Observation/GenV2-TC-CNP-Member4"/>
  </hasMember>
  <hasMember>
    <reference value="Observation/GenV2-TC-CNP-Member5"/>
  </hasMember>
  <hasMember>
    <reference value="Observation/GenV2-TC-CNP-Member6"/>
  </hasMember>
  <hasMember>
    <reference value="Observation/GenV2-TC-CNP-Member7"/>
  </hasMember>
  <hasMember>
    <reference value="Observation/GenV2-TC-CNP-Member8"/>
  </hasMember>
  <hasMember>
    <reference value="Observation/GenV2-TC-CNP-Member9"/>
  </hasMember>
  <hasMember>
    <reference value="Observation/GenV2-TC-CNP-Member10"/>
  </hasMember>
  <hasMember>
    <reference value="Observation/GenV2-TC-CNP-Member11"/>
  </hasMember>
  <hasMember>
    <reference value="Observation/GenV2-TC-CNP-Member12"/>
  </hasMember>
  <hasMember>
    <reference value="Observation/GenV2-TC-CNP-Member13"/>
  </hasMember>
  <hasMember>
    <reference value="Observation/GenV2-TC-CNP-Member14"/>
  </hasMember>
  <hasMember>
    <reference value="Observation/GenV2-TC-CNP-Member15"/>
  </hasMember>
</Observation>