<?xml version="1.0" encoding="UTF-8"?>

<Observation xmlns="http://hl7.org/fhir">
  <id value="STD-TC-Exposure"/>
  <meta>
    <profile value="http://cbsig.chai.gatech.edu/StructureDefinition/cbs-exposure-observation"/>
  </meta>
  <text>
    <status value="generated"/><div xmlns="http://www.w3.org/1999/xhtml"><p><b>Generated Narrative</b></p><div style="display: inline-block; background-color: #d9e0e7; padding: 6px; margin: 4px; border: 1px solid #8da1b4; border-radius: 5px; line-height: 60%"><p style="margin-bottom: 0px">Resource "STD-TC-Exposure" </p><p style="margin-bottom: 0px">Profile: <a href="StructureDefinition-cbs-exposure-observation.html">Case Based Surveillance Exposure Observation Profile</a></p></div><p><b>status</b>: final</p><p><b>category</b>: Case notification panel [CDC.PHIN] <span style="background: LightGoldenRodYellow; margin: 4px; border: 1px solid khaki"> (<a href="https://loinc.org/">LOINC</a>#78000-7)</span></p><p><b>code</b>: Location of Exposure <span style="background: LightGoldenRodYellow; margin: 4px; border: 1px solid khaki"> (<a href="CodeSystem-cbs-temp-code-system.html">Case Based Surveillance temporary/placeholder code system.</a>#Location-of-Exposure)</span></p><p><b>subject</b>: <a href="Patient-STD-TC-Patient.html">Patient/STD-TC-Patient: STD-TC Example Patient</a> ""</p><p><b>focus</b>: <a href="Condition-STD-TC-Condition.html">Condition/STD-TC-Condition: STD-TC Example Condition of Interest</a></p><blockquote><p><b>component</b></p><p><b>code</b>: Country of exposure to illness [Location] <span style="background: LightGoldenRodYellow; margin: 4px; border: 1px solid khaki"> (<a href="https://loinc.org/">LOINC</a>#77984-3)</span></p><p><b>value</b>: Mexico <span style="background: LightGoldenRodYellow; margin: 4px; border: 1px solid khaki"> (unknown#MEX)</span></p></blockquote><blockquote><p><b>component</b></p><p><b>code</b>: State or province of exposure to illness <span style="background: LightGoldenRodYellow; margin: 4px; border: 1px solid khaki"> (<a href="https://loinc.org/">LOINC</a>#77985-0)</span></p><p><b>value</b>: Guerrero <span style="background: LightGoldenRodYellow; margin: 4px; border: 1px solid khaki"> (<a href="http://terminology.hl7.org/3.0.0/CodeSystem-v3-iso3166-2.html">ISO 3166 Part 2 Country Subdivision Codes</a>#MX-GRO)</span></p></blockquote></div>
  </text>
  <status value="final"/>
  <category>
    <coding>
      <system value="http://loinc.org"/>
      <code value="78000-7"/>
      <display value="Case notification panel [CDC.PHIN]"/>
    </coding>
  </category>
  <code>
    <coding>
      <system value="http://cbsig.chai.gatech.edu/CodeSystem/cbs-temp-code-system"/>
      <code value="Location-of-Exposure"/>
    </coding>
  </code>
  <subject>
    <reference value="Patient/STD-TC-Patient"/>
    <display value="STD-TC Example Patient"/>
  </subject>
  <focus>
    <reference value="Condition/STD-TC-Condition"/>
    <display value="STD-TC Example Condition of Interest"/>
  </focus>
  <component>
    <code>
      <coding>
        <system value="http://loinc.org"/>
        <code value="77984-3"/>
      </coding>
    </code>
    <valueCodeableConcept>
      <coding>
        <system value="urn:iso:std:iso:3166"/>
        <code value="MEX"/>
        <display value="Mexico"/>
      </coding>
    </valueCodeableConcept>
  </component>
  <component>
    <code>
      <coding>
        <system value="http://loinc.org"/>
        <code value="77985-0"/>
      </coding>
    </code>
    <valueCodeableConcept>
      <coding>
        <system value="urn:iso:std:iso:3166:-2"/>
        <code value="MX-GRO"/>
        <display value="Guerrero"/>
      </coding>
    </valueCodeableConcept>
  </component>
</Observation>