<?xml version="1.0" encoding="UTF-8"?>

<Observation xmlns="http://hl7.org/fhir">
  <id value="HAICA-TC-CNP-Member2"/>
  <meta>
    <profile value="http://cbsig.chai.gatech.edu/StructureDefinition/cbs-cnp-member"/>
  </meta>
  <text>
    <status value="generated"/><div xmlns="http://www.w3.org/1999/xhtml"><p><b>Generated Narrative</b></p><p></p><p><b>category</b>: <span title="Codes: {http://loinc.org 78000-7}">Case notification panel [CDC.PHIN]</span></p><p><b>code</b>: <span title="Codes: {http://loinc.org 77967-8}">Reporting county</span></p><p><b>subject</b>: <a href="Patient-HAICA-TC-Patient.html">HAICA-TC Example Patient. Generated Summary: Local Record ID: C_auris_02, Local Subject ID: C_auris_PAT_02; gender: female; birthDate: 1940-01-01</a></p><p><b>value</b>: <span title="Codes: {urn:oid:2.16.840.1.113883.6.93 13067}">Cobb</span></p></div>
  </text>
  <status value="final"/>
  <category>
    <coding>
      <system value="http://loinc.org"/>
      <code value="78000-7"/>
      <display value="Case notification panel [CDC.PHIN]"/>
    </coding>
  </category>
  <code>
    <coding>
      <system value="http://loinc.org"/>
      <code value="77967-8"/>
      <display value="Reporting county"/>
    </coding>
  </code>
  <subject>
    <reference value="Patient/HAICA-TC-Patient"/>
    <display value="HAICA-TC Example Patient"/>
  </subject>
  <valueCodeableConcept>
    <coding>
      <system value="urn:oid:2.16.840.1.113883.6.93"/>
      <code value="13067"/>
      <display value="Cobb"/>
    </coding>
  </valueCodeableConcept>
</Observation>