<?xml version="1.0" encoding="UTF-8"?>

<Observation xmlns="http://hl7.org/fhir">
  <id value="STD-TC-MMWR"/>
  <meta>
    <profile value="http://cbsig.chai.gatech.edu/StructureDefinition/cbs-mmwr"/>
  </meta>
  <text>
    <status value="generated"/><div xmlns="http://www.w3.org/1999/xhtml"><p><b>Generated Narrative</b></p><div style="display: inline-block; background-color: #d9e0e7; padding: 6px; margin: 4px; border: 1px solid #8da1b4; border-radius: 5px; line-height: 60%"><p style="margin-bottom: 0px">Resource "STD-TC-MMWR" </p><p style="margin-bottom: 0px">Profile: <a href="StructureDefinition-cbs-mmwr.html">Case Based Surveillance Morbidity and Mortality Weekly Report (MMWR) Elements</a></p></div><p><b>status</b>: final</p><p><b>category</b>: Case notification panel [CDC.PHIN] <span style="background: LightGoldenRodYellow; margin: 4px; border: 1px solid khaki"> (<a href="https://loinc.org/">LOINC</a>#78000-7)</span></p><p><b>code</b>: MMWR Week/Year <span style="background: LightGoldenRodYellow; margin: 4px; border: 1px solid khaki"> (<a href="CodeSystem-cbs-temp-code-system.html">Case Based Surveillance temporary/placeholder code system.</a>#MMWR)</span></p><p><b>subject</b>: <a href="Patient-STD-TC-Patient.html">Patient/STD-TC-Patient: STD-TC Example Patient</a> " WWWWW"</p><blockquote><p><b>component</b></p><p><b>code</b>: MMWR Week [CDC.PHIN] <span style="background: LightGoldenRodYellow; margin: 4px; border: 1px solid khaki"> (<a href="https://loinc.org/">LOINC</a>#77991-8)</span></p><p><b>value</b>: 4</p></blockquote><blockquote><p><b>component</b></p><p><b>code</b>: MMWR Year [CDC.PHIN] <span style="background: LightGoldenRodYellow; margin: 4px; border: 1px solid khaki"> (<a href="https://loinc.org/">LOINC</a>#77992-6)</span></p><p><b>value</b>: 2014</p></blockquote></div>
  </text>
  <status value="final"/>
  <category>
    <coding>
      <system value="http://loinc.org"/>
      <code value="78000-7"/>
      <display value="Case notification panel [CDC.PHIN]"/>
    </coding>
  </category>
  <code>
    <coding>
      <system value="http://cbsig.chai.gatech.edu/CodeSystem/cbs-temp-code-system"/>
      <code value="MMWR"/>
    </coding>
  </code>
  <subject>
    <reference value="Patient/STD-TC-Patient"/>
    <display value="STD-TC Example Patient"/>
  </subject>
  <component>
    <code>
      <coding>
        <system value="http://loinc.org"/>
        <code value="77991-8"/>
      </coding>
    </code>
    <valueInteger value="4"/>
  </component>
  <component>
    <code>
      <coding>
        <system value="http://loinc.org"/>
        <code value="77992-6"/>
      </coding>
    </code>
    <valueInteger value="2014"/>
  </component>
</Observation>