<?xml version="1.0" encoding="UTF-8"?>

<Observation xmlns="http://hl7.org/fhir">
  <id value="Lyme-TC-ODH-Example"/>
  <meta>
    <profile value="http://hl7.org/fhir/us/odh/StructureDefinition/odh-PastOrPresentJob"/>
  </meta>
  <text>
    <status value="generated"/><div xmlns="http://www.w3.org/1999/xhtml"><p><b>Generated Narrative</b></p><div style="display: inline-block; background-color: #d9e0e7; padding: 6px; margin: 4px; border: 1px solid #8da1b4; border-radius: 5px; line-height: 60%"><p style="margin-bottom: 0px">Resource "Lyme-TC-ODH-Example" </p><p style="margin-bottom: 0px">Profile: <a href="http://hl7.org/fhir/us/odh/STU1.1/StructureDefinition-odh-PastOrPresentJob.html">Past Or Present Job</a></p></div><p><b>status</b>: final</p><p><b>code</b>: History of Occupation <span style="background: LightGoldenRodYellow; margin: 4px; border: 1px solid khaki"> (<a href="https://loinc.org/">LOINC</a>#11341-5)</span></p><p><b>subject</b>: <a href="Patient-Lyme-TC-Patient.html">Patient/Lyme-TC-Patient: Lyme-TC Example Patient</a> ""</p><p><b>effective</b>: ?? --&gt; (ongoing)</p><p><b>value</b>: Carpenters <span style="background: LightGoldenRodYellow; margin: 4px; border: 1px solid khaki"> (<a href="http://terminology.hl7.org/3.0.0/CodeSystem-PHOccupationCDCCensus2010.html">Occupation CDC Census 2010</a>#6230)</span></p><h3>Components</h3><table class="grid"><tr><td>-</td><td><b>Code</b></td><td><b>Value[x]</b></td></tr><tr><td>*</td><td>History of Occupation industry <span style="background: LightGoldenRodYellow; margin: 4px; border: 1px solid khaki"> (<a href="https://loinc.org/">LOINC</a>#86188-0)</span></td><td>4090 <span style="background: LightGoldenRodYellow; margin: 4px; border: 1px solid khaki"> (<a href="http://terminology.hl7.org/3.0.0/CodeSystem-PHIndustryCDCCensus2010.html">Industry CDC Census 2010</a>#4090)</span></td></tr></table></div>
  </text>
  <status value="final"/>
  <code>
    <coding>
      <system value="http://loinc.org"/>
      <code value="11341-5"/>
    </coding>
  </code>
  <subject>
    <reference value="Patient/Lyme-TC-Patient"/>
    <display value="Lyme-TC Example Patient"/>
  </subject>
  <effectivePeriod>
    <extension url="http://hl7.org/fhir/StructureDefinition/data-absent-reason">
      <valueCode value="masked"/>
    </extension>
  </effectivePeriod>
  <valueCodeableConcept>
    <coding>
      <system value="http://terminology.hl7.org/CodeSystem/PHOccupationCDCCensus2010"/>
      <code value="6230"/>
      <display value="Carpenters"/>
    </coding>
  </valueCodeableConcept>
  <component>
    <code>
      <coding>
        <system value="http://loinc.org"/>
        <code value="86188-0"/>
      </coding>
    </code>
    <valueCodeableConcept>
      <coding>
        <system value="http://terminology.hl7.org/CodeSystem/PHIndustryCDCCensus2010"/>
        <code value="4090"/>
      </coding>
    </valueCodeableConcept>
  </component>
</Observation>