<?xml version="1.0" encoding="UTF-8"?>

<Observation xmlns="http://hl7.org/fhir">
  <id value="HAICA-TC-CNP"/>
  <meta>
    <profile value="http://cbsig.chai.gatech.edu/StructureDefinition/cbs-case-notification-panel"/>
  </meta>
  <text>
    <status value="generated"/><div xmlns="http://www.w3.org/1999/xhtml"><p><b>Generated Narrative</b></p><p></p><p><b>category</b>: <span title="Codes: {http://loinc.org 78000-7}">Case notification panel [CDC.PHIN]</span></p><p><b>code</b>: <span title="Codes: {http://loinc.org 78000-7}">Case notification panel [CDC.PHIN]</span></p><p><b>subject</b>: <a href="Patient-HAICA-TC-Patient.html">HAICA-TC Example Patient. Generated Summary: Local Record ID: C_auris_02, Local Subject ID: C_auris_PAT_02; Yyyyy, Bbbbb; gender: female; birthDate: 1940-01-01</a></p><p><b>hasMember</b>: </p><ul><li><a href="Observation-HAICA-TC-MMWR.html">Generated Summary: <span title="Codes: {http://loinc.org 78000-7}">Case notification panel [CDC.PHIN]</span>; <span title="Codes: {http://cbsig.chai.gatech.edu/CodeSystem/cbs-temp-code-system MMWR}">MMWR Week/Year</span></a></li><li><a href="Observation-HAICA-TC-CNP-Member1.html">Generated Summary: <span title="Codes: {http://loinc.org 78000-7}">Case notification panel [CDC.PHIN]</span>; <span title="Codes: {http://loinc.org 77966-0}">Reporting state</span>; <span title="Codes: {urn:oid:2.16.840.1.113883.6.92 13}">Georgia</span></a></li><li><a href="Observation-HAICA-TC-CNP-Member2.html">Generated Summary: <span title="Codes: {http://loinc.org 78000-7}">Case notification panel [CDC.PHIN]</span>; <span title="Codes: {http://loinc.org 77967-8}">Reporting county</span>; <span title="Codes: {urn:oid:2.16.840.1.113883.6.93 13067}">Cobb</span></a></li><li><a href="Observation-HAICA-TC-CNP-Member3.html">Generated Summary: <span title="Codes: {http://loinc.org 78000-7}">Case notification panel [CDC.PHIN]</span>; <span title="Codes: {http://loinc.org 77968-6}">National reporting jurisdiction</span>; <span title="Codes: {urn:oid:2.16.840.1.113883.6.92 13}">Georgia</span></a></li><li><a href="Observation-HAICA-TC-CNP-Member4.html">Generated Summary: <span title="Codes: {http://loinc.org 78000-7}">Case notification panel [CDC.PHIN]</span>; <span title="Codes: {http://loinc.org 77989-2}">Disease transmission mode</span>; <span title="Codes: {http://snomed.info/sct 418375005}">Indeterminate disease transmission mode</span></a></li><li><a href="Observation-HAICA-TC-CNP-Member5.html">Generated Summary: <span title="Codes: {http://loinc.org 78000-7}">Case notification panel [CDC.PHIN]</span>; <span title="Codes: {http://loinc.org 77996-7}">Pregnancy status at time of illness or condition</span>; <span title="Codes: {http://terminology.hl7.org/CodeSystem/v2-0532 N}">No</span></a></li><li><a href="Observation-HAICA-TC-CNP-Member6.html">Generated Summary: <span title="Codes: {http://loinc.org 78000-7}">Case notification panel [CDC.PHIN]</span>; <span title="Codes: {http://loinc.org 77998-3}">Age at time of case investigation</span>; 78 year</a></li></ul></div>
  </text>
  <status value="final"/>
  <category>
    <coding>
      <system value="http://loinc.org"/>
      <code value="78000-7"/>
      <display value="Case notification panel [CDC.PHIN]"/>
    </coding>
  </category>
  <code>
    <coding>
      <system value="http://loinc.org"/>
      <code value="78000-7"/>
      <display value="Case notification panel [CDC.PHIN]"/>
    </coding>
  </code>
  <subject>
    <reference value="Patient/HAICA-TC-Patient"/>
    <display value="HAICA-TC Example Patient"/>
  </subject>
  <hasMember>
    <reference value="Observation/HAICA-TC-MMWR"/>
  </hasMember>
  <hasMember>
    <reference value="Observation/HAICA-TC-CNP-Member1"/>
  </hasMember>
  <hasMember>
    <reference value="Observation/HAICA-TC-CNP-Member2"/>
  </hasMember>
  <hasMember>
    <reference value="Observation/HAICA-TC-CNP-Member3"/>
  </hasMember>
  <hasMember>
    <reference value="Observation/HAICA-TC-CNP-Member4"/>
  </hasMember>
  <hasMember>
    <reference value="Observation/HAICA-TC-CNP-Member5"/>
  </hasMember>
  <hasMember>
    <reference value="Observation/HAICA-TC-CNP-Member6"/>
  </hasMember>
</Observation>