<?xml version="1.0" encoding="UTF-8"?>

<Observation xmlns="http://hl7.org/fhir">
  <id value="HAICA-TC-CNP-Member1"/>
  <meta>
    <profile value="http://cbsig.chai.gatech.edu/StructureDefinition/cbs-reporting-state"/>
  </meta>
  <text>
    <status value="generated"/><div xmlns="http://www.w3.org/1999/xhtml"><p><b>Generated Narrative</b></p><div style="display: inline-block; background-color: #d9e0e7; padding: 6px; margin: 4px; border: 1px solid #8da1b4; border-radius: 5px; line-height: 60%"><p style="margin-bottom: 0px">Resource "HAICA-TC-CNP-Member1" </p><p style="margin-bottom: 0px">Profile: <a href="StructureDefinition-cbs-reporting-state.html">Case Based Surveillance Reporting State</a></p></div><p><b>status</b>: final</p><p><b>category</b>: Case notification panel [CDC.PHIN] <span style="background: LightGoldenRodYellow; margin: 4px; border: 1px solid khaki"> (<a href="https://loinc.org/">LOINC</a>#78000-7)</span></p><p><b>code</b>: Reporting State <span style="background: LightGoldenRodYellow; margin: 4px; border: 1px solid khaki"> (<a href="https://loinc.org/">LOINC</a>#77966-0)</span></p><p><b>subject</b>: <a href="Patient-HAICA-TC-Patient.html">Patient/HAICA-TC-Patient: HAICA-TC Example Patient</a> ""</p><p><b>value</b>: Georgia <span style="background: LightGoldenRodYellow; margin: 4px; border: 1px solid khaki"> (unknown#13)</span></p></div>
  </text>
  <status value="final"/>
  <category>
    <coding>
      <system value="http://loinc.org"/>
      <code value="78000-7"/>
      <display value="Case notification panel [CDC.PHIN]"/>
    </coding>
  </category>
  <code>
    <coding>
      <system value="http://loinc.org"/>
      <code value="77966-0"/>
      <display value="Reporting State"/>
    </coding>
  </code>
  <subject>
    <reference value="Patient/HAICA-TC-Patient"/>
    <display value="HAICA-TC Example Patient"/>
  </subject>
  <valueCodeableConcept>
    <coding>
      <system value="urn:oid:2.16.840.1.113883.6.92"/>
      <code value="13"/>
      <display value="Georgia"/>
    </coding>
  </valueCodeableConcept>
</Observation>