<?xml version="1.0" encoding="UTF-8"?>

<Observation xmlns="http://hl7.org/fhir">
  <id value="STD-TC-CNP-Member11"/>
  <meta>
    <profile value="http://cbsig.chai.gatech.edu/StructureDefinition/cbs-binational-reporting-criteria"/>
  </meta>
  <text>
    <status value="generated"/><div xmlns="http://www.w3.org/1999/xhtml"><p><b>Generated Narrative</b></p><div style="display: inline-block; background-color: #d9e0e7; padding: 6px; margin: 4px; border: 1px solid #8da1b4; border-radius: 5px; line-height: 60%"><p style="margin-bottom: 0px">Resource "STD-TC-CNP-Member11" </p><p style="margin-bottom: 0px">Profile: <a href="StructureDefinition-cbs-binational-reporting-criteria.html">Case Based Surveillance Binational Reporting Criteria</a></p></div><p><b>status</b>: final</p><p><b>category</b>: Case notification panel [CDC.PHIN] <span style="background: LightGoldenRodYellow; margin: 4px; border: 1px solid khaki"> (<a href="https://loinc.org/">LOINC</a>#78000-7)</span></p><p><b>code</b>: Binational reporting criteria [CDC.PHIN] <span style="background: LightGoldenRodYellow; margin: 4px; border: 1px solid khaki"> (<a href="https://loinc.org/">LOINC</a>#77988-4)</span></p><p><b>subject</b>: <a href="Patient-STD-TC-Patient.html">Patient/STD-TC-Patient: STD-TC Example Patient</a> ""</p><p><b>value</b>: Has case contacts in or from Mexico or Canada <span style="background: LightGoldenRodYellow; margin: 4px; border: 1px solid khaki"> (unknown#PHC1139)</span></p></div>
  </text>
  <status value="final"/>
  <category>
    <coding>
      <system value="http://loinc.org"/>
      <code value="78000-7"/>
      <display value="Case notification panel [CDC.PHIN]"/>
    </coding>
  </category>
  <code>
    <coding>
      <system value="http://loinc.org"/>
      <code value="77988-4"/>
      <display value="Binational reporting criteria [CDC.PHIN]"/>
    </coding>
  </code>
  <subject>
    <reference value="Patient/STD-TC-Patient"/>
    <display value="STD-TC Example Patient"/>
  </subject>
  <valueCodeableConcept>
    <coding>
      <system value="urn:oid:2.16.840.1.114222.4.5.274"/>
      <code value="PHC1139"/>
      <display value="Has case contacts in or from Mexico or Canada"/>
    </coding>
  </valueCodeableConcept>
</Observation>