<?xml version="1.0" encoding="UTF-8"?>

<Observation xmlns="http://hl7.org/fhir">
  <id value="STD-TC-InitialHealthExam"/>
  <text>
    <status value="generated"/><div xmlns="http://www.w3.org/1999/xhtml"><p><b>Generated Narrative</b></p><div style="display: inline-block; background-color: #d9e0e7; padding: 6px; margin: 4px; border: 1px solid #8da1b4; border-radius: 5px; line-height: 60%"><p style="margin-bottom: 0px">Resource "STD-TC-InitialHealthExam" </p></div><p><b>status</b>: final</p><p><b>code</b>: Date of Initial Health Exam Associated with Case Report Health Event <span style="background: LightGoldenRodYellow; margin: 4px; border: 1px solid khaki"> (unknown#STD099)</span></p><p><b>subject</b>: <a href="Patient-STD-TC-Patient.html">Patient/STD-TC-Patient: STD-TC Example Patient</a> " WWWWW"</p><p><b>value</b>: 2014-01-17</p></div>
  </text>
  <status value="final"/>
  <code>
    <coding>
      <system value="urn:oid:2.16.840.1.114222.4.5.232"/>
      <code value="STD099"/>
      <display value="Date of Initial Health Exam Associated with Case Report Health Event"/>
    </coding>
  </code>
  <subject>
    <reference value="Patient/STD-TC-Patient"/>
    <display value="STD-TC Example Patient"/>
  </subject>
  <valueDateTime value="2014-01-17"/>
</Observation>