<?xml version="1.0" encoding="UTF-8"?>

<Organization xmlns="http://hl7.org/fhir">
  <id value="STD-TC-Reporting-Source"/>
  <meta>
    <profile value="http://cbsig.chai.gatech.edu/StructureDefinition/cbs-reporting-source-organization"/>
  </meta>
  <text>
    <status value="generated"/><div xmlns="http://www.w3.org/1999/xhtml"><p><b>Generated Narrative</b></p><div style="display: inline-block; background-color: #d9e0e7; padding: 6px; margin: 4px; border: 1px solid #8da1b4; border-radius: 5px; line-height: 60%"><p style="margin-bottom: 0px">Resource "STD-TC-Reporting-Source" </p><p style="margin-bottom: 0px">Profile: <a href="StructureDefinition-cbs-reporting-source-organization.html">Case Based Surveillance Reporting Source Organization Profile</a></p></div><p><b>type</b>: Hospital <span style="background: LightGoldenRodYellow; margin: 4px; border: 1px solid khaki"> (<a href="http://terminology.hl7.org/3.0.0/CodeSystem-v2-0406.html">organizationUnitType</a>#1)</span></p><p><b>name</b>: Reporting Source</p><p><b>address</b>: 23218 </p></div>
  </text>
  <type>
    <coding>
      <system value="http://terminology.hl7.org/CodeSystem/v2-0406"/>
      <code value="1"/>
      <display value="Hospital"/>
    </coding>
  </type>
  <name value="Reporting Source"/>
  <address>
    <postalCode value="23218"/>
  </address>
</Organization>