<?xml version="1.0" encoding="UTF-8"?>

<Organization xmlns="http://hl7.org/fhir">
  <id value="HAICA-TC-Reporting-Source"/>
  <meta>
    <profile value="http://cbsig.chai.gatech.edu/StructureDefinition/us-cbs-reporting-source-organization"/>
  </meta>
  <text>
    <status value="generated"/><div xmlns="http://www.w3.org/1999/xhtml"><p><b>Generated Narrative</b></p><div style="display: inline-block; background-color: #d9e0e7; padding: 6px; margin: 4px; border: 1px solid #8da1b4; border-radius: 5px; line-height: 60%"><p style="margin-bottom: 0px">Resource "HAICA-TC-Reporting-Source" </p><p style="margin-bottom: 0px">Profile: <a href="StructureDefinition-us-cbs-reporting-source-organization.html">US Case Based Surveillance Reporting Source Organization Profile</a></p></div><p><b>active</b>: true</p><p><b>type</b>: Unknown <span style="background: LightGoldenRodYellow; margin: 4px; border: 1px solid khaki"> (<a href="http://terminology.hl7.org/3.0.0/CodeSystem-v3-NullFlavor.html">NullFlavor</a>#UNK)</span></p><p><b>name</b>: Reporting Source</p><p><b>telecom</b>: -unknown-</p><p><b>address</b>: </p><h3>Contacts</h3><table class="grid"><tr><td>-</td><td><b>Name</b></td><td><b>Telecom</b></td></tr><tr><td>*</td><td>von Count, Count</td><td><a href="mailto:count_voncount@gadph.gov">count_voncount@gadph.gov</a></td></tr></table></div>
  </text>
  <active value="true"/>
  <type>
    <coding>
      <system value="http://terminology.hl7.org/CodeSystem/v3-NullFlavor"/>
      <code value="UNK"/>
      <display value="Unknown"/>
    </coding>
  </type>
  <name value="Reporting Source"/>
  <telecom>
    <extension url="http://hl7.org/fhir/StructureDefinition/data-absent-reason">
      <valueCode value="unknown"/>
    </extension>
  </telecom>
  <address>
    <extension url="http://hl7.org/fhir/StructureDefinition/data-absent-reason">
      <valueCode value="unknown"/>
    </extension>
  </address>
  <contact>
    <name>
      <text value="von Count, Count"/>
      <family value="von Count"/>
      <given value="Count"/>
    </name>
    <telecom>
      <system value="email"/>
      <value value="count_voncount@gadph.gov"/>
    </telecom>
  </contact>
</Organization>