<?xml version="1.0" encoding="UTF-8"?>

<Patient xmlns="http://hl7.org/fhir">
  <id value="HAICA-TC-Patient"/>
  <meta>
    <profile value="http://cbsig.chai.gatech.edu/StructureDefinition/cbs-patient"/>
  </meta>
  <text>
    <status value="extensions"/><div xmlns="http://www.w3.org/1999/xhtml"><p><b>Generated Narrative</b></p><blockquote><p><b>Case Based Surveillance Race Extension</b></p><p><b>value</b>: <span title="{urn:oid:2.16.840.1.113883.6.238 2106-3}">White</span></p><p><b>value</b>: <span title="{urn:oid:2.16.840.1.113883.6.238 2135-2}">Hispanic or Latino</span></p><p><b>value</b>: Mixed</p></blockquote><blockquote><p><b>Case Based Surveillance Ethnicity Extension</b></p><p><b>value</b>: <span title="{http://terminology.hl7.org/CodeSystem/v2-0005 2135-2}">2135-2</span></p><p><b>value</b>: Hispanic or Latino</p></blockquote><p><b>Case Based Surveillance Sex Assigned at Birth Extension</b>: <span title="Codes: {http://terminology.hl7.org/CodeSystem/v2-0001 F}">Female</span></p><p><b>Birth Place</b>: USA </p><p><b>genderIdentity</b>: <span title="Codes: {http://hl7.org/fhir/gender-identity female}">female</span></p><p><b>identifier</b>: Local Record ID: C_auris_02, Local Subject ID: C_auris_PAT_02</p><p><b>name</b>: Yyyyy, Bbbbb</p><p><b>gender</b>: female</p><p><b>birthDate</b>: 1940-01-01</p><p><b>address</b>: </p><ul><li>Georgia 30126 (HOME)</li><li>USA </li></ul></div>
  </text>
  <extension url="http://cbsig.chai.gatech.edu/StructureDefinition/cbs-race">
    <extension url="ombCategory">
      <valueCoding>
        <system value="urn:oid:2.16.840.1.113883.6.238"/>
        <code value="2106-3"/>
        <display value="White"/>
      </valueCoding>
    </extension>
    <extension url="detailed">
      <valueCoding>
        <system value="urn:oid:2.16.840.1.113883.6.238"/>
        <code value="2135-2"/>
        <display value="Hispanic or Latino"/>
      </valueCoding>
    </extension>
    <extension url="text">
      <valueString value="Mixed"/>
    </extension>
  </extension>
  <extension url="http://cbsig.chai.gatech.edu/StructureDefinition/cbs-ethnicity">
    <extension url="ombCategory">
      <valueCoding>
        <system value="http://terminology.hl7.org/CodeSystem/v2-0005"/>
        <code value="2135-2"/>
      </valueCoding>
    </extension>
    <extension url="text">
      <valueString value="Hispanic or Latino"/>
    </extension>
  </extension>
  <extension url="http://cbsig.chai.gatech.edu/StructureDefinition/cbs-birthsex">
    <valueCodeableConcept>
      <coding>
        <system value="http://terminology.hl7.org/CodeSystem/v2-0001"/>
        <code value="F"/>
        <display value="Female"/>
      </coding>
    </valueCodeableConcept>
  </extension>
  <extension url="http://hl7.org/fhir/StructureDefinition/patient-birthPlace">
    <valueAddress>
      <country value="USA"/>
    </valueAddress>
  </extension>
  <extension url="http://hl7.org/fhir/StructureDefinition/patient-genderIdentity">
    <valueCodeableConcept>
      <coding>
        <system value="http://hl7.org/fhir/gender-identity"/>
        <code value="female"/>
      </coding>
    </valueCodeableConcept>
  </extension>
  <identifier>
    <type>
      <coding>
        <system value="http://cbsig.chai.gatech.edu/CodeSystem/cbs-temp-code-system"/>
        <code value="Local-Record-ID"/>
        <display value="Local Record ID"/>
      </coding>
      <text value="Local Record ID"/>
    </type>
    <system value="urn:temp:national-reporting-jurisdiction:48"/>
    <value value="C_auris_02"/>
  </identifier>
  <identifier>
    <type>
      <coding>
        <system value="http://cbsig.chai.gatech.edu/CodeSystem/cbs-temp-code-system"/>
        <code value="Local-Subject-ID"/>
        <display value="Local Subject ID"/>
      </coding>
      <text value="Local Subject ID"/>
    </type>
    <system value="urn:temp:national-reporting-jurisdiction:48"/>
    <value value="C_auris_PAT_02"/>
  </identifier>
  <name>
    <text value="Yyyyy, Bbbbb"/>
    <family value="Yyyyy"/>
    <given value="Bbbbb"/>
  </name>
  <gender value="female"/>
  <birthDate value="1940-01-01"/>
  <address>
    <use value="home"/>
    <district value="Cobb"/>
    <state value="Georgia"/>
    <postalCode value="30126"/>
  </address>
  <address>
    <extension url="http://cbsig.chai.gatech.edu/StructureDefinition/cbs-cdc-address-use">
      <valueCoding>
        <code value="Usual-Residence"/>
      </valueCoding>
    </extension>
    <country value="USA"/>
  </address>
</Patient>