<?xml version="1.0" encoding="UTF-8"?>

<Patient xmlns="http://hl7.org/fhir">
  <id value="GenV2-TC-Patient"/>
  <meta>
    <profile value="http://cbsig.chai.gatech.edu/StructureDefinition/cbs-patient"/>
  </meta>
  <text>
    <status value="extensions"/><div xmlns="http://www.w3.org/1999/xhtml"><p><b>Generated Narrative</b></p><blockquote><p><b>Case Based Surveillance Race Extension</b></p><p><b>value</b>: <span title="{urn:oid:2.16.840.1.113883.6.238 2106-3}">White</span></p><p><b>value</b>: <span title="{urn:oid:2.16.840.1.113883.6.238 1010-8}">Apache</span></p><p><b>value</b>: Apache</p><p><b>value</b>: Mixed</p></blockquote><blockquote><p><b>Case Based Surveillance Ethnicity Extension</b></p><p><b>value</b>: <span title="{http://terminology.hl7.org/CodeSystem/v2-0005 2186-5}">Not Hispanic or Latino</span></p><p><b>value</b>: Not Hispanic or Latino</p></blockquote><p><b>Case Based Surveillance Sex Assigned at Birth Extension</b>: <span title="Codes: {http://terminology.hl7.org/CodeSystem/v2-0001 F}">Female</span></p><p><b>Birth Place</b>: USA </p><p><b>identifier</b>: Local Record ID: GenV2_TC01_Record, Local Subject ID: GenV2_TC01_Subject, Legacy Case Identifier: 48432148S012014, State Case Identifier: TX4321</p><p><b>gender</b>: female</p><p><b>birthDate</b>: 1964-05-02</p><p><b>deceased</b>: 2014-03-02</p><p><b>address</b>: </p><ul><li></li></ul><p><b style="color: maroon">Exception generating Narrative: Unknown AddressUse code 'Address-at-Diagnosis'</b></p></div>
  </text>
  <extension url="http://cbsig.chai.gatech.edu/StructureDefinition/cbs-race">
    <extension url="ombCategory">
      <valueCoding>
        <system value="urn:oid:2.16.840.1.113883.6.238"/>
        <code value="2106-3"/>
        <display value="White"/>
      </valueCoding>
    </extension>
    <extension url="detailed">
      <valueCoding>
        <system value="urn:oid:2.16.840.1.113883.6.238"/>
        <code value="1010-8"/>
        <display value="Apache"/>
      </valueCoding>
    </extension>
    <extension url="otherRace">
      <valueString value="Apache"/>
    </extension>
    <extension url="text">
      <valueString value="Mixed"/>
    </extension>
  </extension>
  <extension url="http://cbsig.chai.gatech.edu/StructureDefinition/cbs-ethnicity">
    <extension url="ombCategory">
      <valueCoding>
        <system value="http://terminology.hl7.org/CodeSystem/v2-0005"/>
        <code value="2186-5"/>
        <display value="Not Hispanic or Latino"/>
      </valueCoding>
    </extension>
    <extension url="text">
      <valueString value="Not Hispanic or Latino"/>
    </extension>
  </extension>
  <extension url="http://cbsig.chai.gatech.edu/StructureDefinition/cbs-birthsex">
    <valueCodeableConcept>
      <coding>
        <system value="http://terminology.hl7.org/CodeSystem/v2-0001"/>
        <code value="F"/>
        <display value="Female"/>
      </coding>
    </valueCodeableConcept>
  </extension>
  <extension url="http://hl7.org/fhir/StructureDefinition/patient-birthPlace">
    <valueAddress>
      <country value="USA"/>
    </valueAddress>
  </extension>
  <identifier>
    <type>
      <coding>
        <system value="http://cbsig.chai.gatech.edu/CodeSystem/cbs-temp-code-system"/>
        <code value="Local-Record-ID"/>
        <display value="Local Record ID"/>
      </coding>
      <text value="Local Record ID"/>
    </type>
    <system value="urn:temp:national-reporting-jurisdiction:48"/>
    <value value="GenV2_TC01_Record"/>
  </identifier>
  <identifier>
    <type>
      <coding>
        <system value="http://cbsig.chai.gatech.edu/CodeSystem/cbs-temp-code-system"/>
        <code value="Local-Subject-ID"/>
        <display value="Local Subject ID"/>
      </coding>
      <text value="Local Subject ID"/>
    </type>
    <system value="urn:temp:national-reporting-jurisdiction:48"/>
    <value value="GenV2_TC01_Subject"/>
  </identifier>
  <identifier>
    <type>
      <coding>
        <system value="http://loinc.org"/>
        <code value="77997-5"/>
        <display value="Legacy case identifier [CDC.PHIN]"/>
      </coding>
      <text value="Legacy Case Identifier"/>
    </type>
    <system value="urn:temp:national-reporting-jurisdiction:48"/>
    <value value="48432148S012014"/>
  </identifier>
  <identifier>
    <type>
      <coding>
        <system value="http://loinc.org"/>
        <code value="77993-4"/>
        <display value="State notifiable condition case identifier"/>
      </coding>
      <text value="State Case Identifier"/>
    </type>
    <system value="urn:temp:national-reporting-jurisdiction:48"/>
    <value value="TX4321"/>
  </identifier>
  <gender value="female"/>
  <birthDate value="1964-05-02"/>
  <deceasedDateTime value="2014-03-02"/>
  <address>
    <use value="Address-at-Diagnosis"/>
    <district value="Harris"/>
    <state value="Texas"/>
    <postalCode value="77018"/>
  </address>
  <address>
    <use value="Usual-Residence"/>
    <country value="USA"/>
  </address>
</Patient>