<?xml version="1.0" encoding="UTF-8"?>

<Patient xmlns="http://hl7.org/fhir">
  <id value="GenV2-TC-Patient"/>
  <meta>
    <profile value="http://cbsig.chai.gatech.edu/StructureDefinition/cbs-patient"/>
  </meta>
  <text>
    <status value="extensions"/><div xmlns="http://www.w3.org/1999/xhtml"><p><b>Generated Narrative</b></p><div style="display: inline-block; background-color: #d9e0e7; padding: 6px; margin: 4px; border: 1px solid #8da1b4; border-radius: 5px; line-height: 60%"><p style="margin-bottom: 0px">Resource "GenV2-TC-Patient" </p><p style="margin-bottom: 0px">Profile: <a href="StructureDefinition-cbs-patient.html">Case Based Surveillance Patient Profile</a></p></div><blockquote><p><b>Case Based Surveillance Race Extension</b></p><p><b>value</b>: White (Details: http://terminology.hl7.org/CodeSystem/v2-0005 code 2106-3 = '2106-3', stated as 'White')</p><p><b>value</b>: Apache (Details: urn:oid:2.16.840.1.113883.6.238 code 1010-8 = 'Apache', stated as 'Apache')</p><p><b>value</b>: Apache</p><p><b>value</b>: Mixed</p></blockquote><blockquote><p><b>Case Based Surveillance Ethnicity Extension</b></p><p><b>value</b>: Not Hispanic or Latino (Details: http://terminology.hl7.org/CodeSystem/v2-0005 code 2186-5 = '2186-5', stated as 'Not Hispanic or Latino')</p><p><b>value</b>: Not Hispanic or Latino</p></blockquote><p><b>Case Based Surveillance Sex Assigned at Birth Extension</b>: F</p><p><b>Birth Place</b>: USA </p><p><b>identifier</b>: Local Record ID: GenV2_TC01_Record, Local Subject ID: GenV2_TC01_Subject, Legacy Case Identifier: 48432148S012014, State Case Identifier: TX4321</p><p><b>name</b>: Zzzzz, Aaaaa</p><p><b>gender</b>: female</p><p><b>birthDate</b>: 1964-05-02</p><p><b>deceased</b>: 2014-03-02</p><p><b>address</b>: </p><ul><li>Texas 77018 (HOME)</li><li>USA </li></ul></div>
  </text>
  <extension url="http://cbsig.chai.gatech.edu/StructureDefinition/cbs-race">
    <extension url="ombCategory">
      <valueCoding>
        <system value="http://terminology.hl7.org/CodeSystem/v2-0005"/>
        <code value="2106-3"/>
        <display value="White"/>
      </valueCoding>
    </extension>
    <extension url="detailed">
      <valueCoding>
        <system value="urn:oid:2.16.840.1.113883.6.238"/>
        <code value="1010-8"/>
        <display value="Apache"/>
      </valueCoding>
    </extension>
    <extension url="otherRace">
      <valueString value="Apache"/>
    </extension>
    <extension url="text">
      <valueString value="Mixed"/>
    </extension>
  </extension>
  <extension url="http://cbsig.chai.gatech.edu/StructureDefinition/cbs-ethnicity">
    <extension url="ombCategory">
      <valueCoding>
        <system value="http://terminology.hl7.org/CodeSystem/v2-0005"/>
        <code value="2186-5"/>
        <display value="Not Hispanic or Latino"/>
      </valueCoding>
    </extension>
    <extension url="text">
      <valueString value="Not Hispanic or Latino"/>
    </extension>
  </extension>
  <extension url="http://cbsig.chai.gatech.edu/StructureDefinition/cbs-birthsex">
    <valueCode value="F"/>
  </extension>
  <extension url="http://hl7.org/fhir/StructureDefinition/patient-birthPlace">
    <valueAddress>
      <country value="USA"/>
    </valueAddress>
  </extension>
  <identifier>
    <type>
      <coding>
        <system value="http://cbsig.chai.gatech.edu/CodeSystem/cbs-temp-code-system"/>
        <code value="Local-Record-ID"/>
        <display value="Local Record ID"/>
      </coding>
      <text value="Local Record ID"/>
    </type>
    <system value="urn:temp:national-reporting-jurisdiction:48"/>
    <value value="GenV2_TC01_Record"/>
  </identifier>
  <identifier>
    <type>
      <coding>
        <system value="http://cbsig.chai.gatech.edu/CodeSystem/cbs-temp-code-system"/>
        <code value="Local-Subject-ID"/>
        <display value="Local Subject ID"/>
      </coding>
      <text value="Local Subject ID"/>
    </type>
    <system value="urn:temp:national-reporting-jurisdiction:48"/>
    <value value="GenV2_TC01_Subject"/>
  </identifier>
  <identifier>
    <type>
      <coding>
        <system value="http://loinc.org"/>
        <code value="77997-5"/>
        <display value="Legacy case identifier [CDC.PHIN]"/>
      </coding>
      <text value="Legacy Case Identifier"/>
    </type>
    <system value="urn:temp:national-reporting-jurisdiction:48"/>
    <value value="48432148S012014"/>
  </identifier>
  <identifier>
    <type>
      <coding>
        <system value="http://loinc.org"/>
        <code value="77993-4"/>
        <display value="State notifiable condition case identifier"/>
      </coding>
      <text value="State Case Identifier"/>
    </type>
    <system value="urn:temp:national-reporting-jurisdiction:48"/>
    <value value="TX4321"/>
  </identifier>
  <name>
    <text value="Zzzzz, Aaaaa"/>
    <family value="Zzzzz"/>
    <given value="Aaaaa"/>
  </name>
  <gender value="female"/>
  <birthDate value="1964-05-02"/>
  <deceasedDateTime value="2014-03-02"/>
  <address>
    <use value="home"/>
    <district value="Harris"/>
    <state value="Texas"/>
    <postalCode value="77018"/>
  </address>
  <address>
    <extension url="http://cbsig.chai.gatech.edu/StructureDefinition/cbs-cdc-address-use">
      <valueCoding>
        <system value="http://cbsig.chai.gatech.edu/CodeSystem/cbs-temp-code-system"/>
        <code value="Usual-Residence"/>
      </valueCoding>
    </extension>
    <country value="USA"/>
  </address>
</Patient>