<?xml version="1.0" encoding="UTF-8"?>

<Patient xmlns="http://hl7.org/fhir">
  <id value="STD-TC-Patient"/>
  <meta>
    <profile value="http://cbsig.chai.gatech.edu/StructureDefinition/cbs-patient"/>
  </meta>
  <text>
    <status value="extensions"/><div xmlns="http://www.w3.org/1999/xhtml"><p><b>Generated Narrative</b></p><blockquote><p><b>Case Based Surveillance Race Extension</b></p><p><b>value</b>: <span title="{http://terminology.hl7.org/CodeSystem/v2-0005 2054-5}">Black or African American</span></p></blockquote><blockquote><p><b>Case Based Surveillance Ethnicity Extension</b></p><p><b>value</b>: <span title="{http://terminology.hl7.org/CodeSystem/v2-0005 2186-5}">Not Hispanic or Latino</span></p><p><b>value</b>: Not Hispanic or Latino</p></blockquote><p><b>Case Based Surveillance Sex Assigned at Birth Extension</b>: <span title="Codes: {http://terminology.hl7.org/CodeSystem/v2-0001 F}">Female</span></p><p><b>Birth Place</b>: GRC </p><p><b>genderIdentity</b>: <span title="Codes: {urn:oid:2.16.840.1.114222.4.5.274 PHC1490}">Cisgender/Not transgender (finding)</span></p><p><b>identifier</b>: Local Record ID: STD_TC05, Local Subject ID: STD_TC05</p><p><b>name</b>: Wwwww, Ddddd</p><p><b>gender</b>: female</p><p><b>birthDate</b>: 1994-03-02</p><p><b>address</b>: </p><ul><li>null Virginia 23218 (HOME)</li><li>USA </li></ul></div>
  </text>
  <extension url="http://cbsig.chai.gatech.edu/StructureDefinition/cbs-race">
    <extension url="ombCategory">
      <valueCoding>
        <system value="http://terminology.hl7.org/CodeSystem/v2-0005"/>
        <code value="2054-5"/>
        <display value="Black or African American"/>
      </valueCoding>
    </extension>
  </extension>
  <extension url="http://cbsig.chai.gatech.edu/StructureDefinition/cbs-ethnicity">
    <extension url="ombCategory">
      <valueCoding>
        <system value="http://terminology.hl7.org/CodeSystem/v2-0005"/>
        <code value="2186-5"/>
        <display value="Not Hispanic or Latino"/>
      </valueCoding>
    </extension>
    <extension url="text">
      <valueString value="Not Hispanic or Latino"/>
    </extension>
  </extension>
  <extension url="http://cbsig.chai.gatech.edu/StructureDefinition/cbs-birthsex">
    <valueCodeableConcept>
      <coding>
        <system value="http://terminology.hl7.org/CodeSystem/v2-0001"/>
        <code value="F"/>
        <display value="Female"/>
      </coding>
    </valueCodeableConcept>
  </extension>
  <extension url="http://hl7.org/fhir/StructureDefinition/patient-birthPlace">
    <valueAddress>
      <country value="GRC"/>
    </valueAddress>
  </extension>
  <extension url="http://hl7.org/fhir/StructureDefinition/patient-genderIdentity">
    <valueCodeableConcept>
      <coding>
        <system value="urn:oid:2.16.840.1.114222.4.5.274"/>
        <code value="PHC1490"/>
        <display value="Cisgender/Not transgender (finding)"/>
      </coding>
    </valueCodeableConcept>
  </extension>
  <identifier>
    <type>
      <coding>
        <system value="http://cbsig.chai.gatech.edu/CodeSystem/cbs-temp-code-system"/>
        <code value="Local-Record-ID"/>
        <display value="Local Record ID"/>
      </coding>
      <text value="Local Record ID"/>
    </type>
    <system value="urn:temp:national-reporting-jurisdiction:51"/>
    <value value="STD_TC05"/>
  </identifier>
  <identifier>
    <type>
      <coding>
        <system value="http://cbsig.chai.gatech.edu/CodeSystem/cbs-temp-code-system"/>
        <code value="Local-Subject-ID"/>
        <display value="Local Subject ID"/>
      </coding>
      <text value="Local Subject ID"/>
    </type>
    <system value="urn:temp:national-reporting-jurisdiction:51"/>
    <value value="STD_TC05"/>
  </identifier>
  <name>
    <text value="Wwwww, Ddddd"/>
    <family value="Wwwww"/>
    <given value="Ddddd"/>
  </name>
  <gender value="female"/>
  <birthDate value="1994-03-02"/>
  <address>
    <use value="home"/>
    <line>
      <extension url="http://hl7.org/fhir/StructureDefinition/iso21090-ADXP-censusTract">
        <valueString value="030500"/>
      </extension>
    </line>
    <district value="Richmond"/>
    <state value="Virginia"/>
    <postalCode value="23218"/>
  </address>
  <address>
    <extension url="http://cbsig.chai.gatech.edu/StructureDefinition/cbs-cdc-address-use">
      <valueCoding>
        <system value="http://cbsig.chai.gatech.edu/CodeSystem/cbs-temp-code-system"/>
        <code value="Usual-Residence"/>
      </valueCoding>
    </extension>
    <country value="USA"/>
  </address>
</Patient>