<?xml version="1.0" encoding="UTF-8"?>

<Practitioner xmlns="http://hl7.org/fhir">
  <id value="HAICA-TC-Person-Reporting"/>
  <meta>
    <profile value="http://cbsig.chai.gatech.edu/StructureDefinition/cbs-person-reporting-to-cdc"/>
  </meta>
  <text>
    <status value="generated"/><div xmlns="http://www.w3.org/1999/xhtml"><p><b>Generated Narrative</b></p><div style="display: inline-block; background-color: #d9e0e7; padding: 6px; margin: 4px; border: 1px solid #8da1b4; border-radius: 5px; line-height: 60%"><p style="margin-bottom: 0px">Resource "HAICA-TC-Person-Reporting" </p><p style="margin-bottom: 0px">Profile: <a href="StructureDefinition-cbs-person-reporting-to-cdc.html">Case Based Surveillance Person Reporting To CDC Profile</a></p></div><p><b>name</b>: von Count, Count</p><p><b>telecom</b>: <a href="mailto:count_voncount@gadph.gov">count_voncount@gadph.gov</a></p></div>
  </text>
  <name>
    <text value="von Count, Count"/>
    <family value="von Count"/>
    <given value="Count"/>
  </name>
  <telecom>
    <system value="email"/>
    <value value="count_voncount@gadph.gov"/>
  </telecom>
</Practitioner>