<?xml version="1.0" encoding="UTF-8"?>

<Practitioner xmlns="http://hl7.org/fhir">
  <id value="STD-TC-Person-Reporting"/>
  <meta>
    <profile value="http://cbsig.chai.gatech.edu/StructureDefinition/cbs-person-reporting-to-cdc"/>
  </meta>
  <text>
    <status value="generated"/><div xmlns="http://www.w3.org/1999/xhtml"><p><b>Generated Narrative</b></p><p><b>name</b>: Green, Marta</p><p><b>telecom</b>: ph: 877-721-7725, <a href="mailto:Green@you.org">Green@you.org</a></p></div>
  </text>
  <name>
    <text value="Green, Marta"/>
    <family value="Green"/>
    <given value="Marta"/>
  </name>
  <telecom>
    <system value="phone"/>
    <value value="877-721-7725"/>
  </telecom>
  <telecom>
    <system value="email"/>
    <value value="Green@you.org"/>
  </telecom>
</Practitioner>