<?xml version="1.0" encoding="UTF-8"?>

<Practitioner xmlns="http://hl7.org/fhir">
  <id value="HAICA-TC-Person-Reporting"/>
  <meta>
    <profile value="http://cbsig.chai.gatech.edu/StructureDefinition/cbs-person-reporting-to-cdc"/>
  </meta>
  <text>
    <status value="generated"/><div xmlns="http://www.w3.org/1999/xhtml"><p><b>Generated Narrative</b></p><p><b>name</b>: von Count, Count</p><p><b>telecom</b>: <a href="mailto:count_voncount@gadph.gov">count_voncount@gadph.gov</a></p></div>
  </text>
  <name>
    <text value="von Count, Count"/>
    <family value="von Count"/>
    <given value="Count"/>
  </name>
  <telecom>
    <system value="email"/>
    <value value="count_voncount@gadph.gov"/>
  </telecom>
</Practitioner>