<?xml version="1.0" encoding="UTF-8"?>

<Specimen xmlns="http://hl7.org/fhir">
  <id value="HAICA-TC-Specimen"/>
  <meta>
    <profile value="http://cbsig.chai.gatech.edu/StructureDefinition/cbs-specimen"/>
  </meta>
  <text>
    <status value="generated"/><div xmlns="http://www.w3.org/1999/xhtml"><p><b>Generated Narrative</b></p><div style="display: inline-block; background-color: #d9e0e7; padding: 6px; margin: 4px; border: 1px solid #8da1b4; border-radius: 5px; line-height: 60%"><p style="margin-bottom: 0px">Resource "HAICA-TC-Specimen" </p><p style="margin-bottom: 0px">Profile: <a href="StructureDefinition-cbs-specimen.html">Case Based Surveillance Specimen Profile</a></p></div><p><b>identifier</b>: State Lab Specimen ID: IDR908765140, Performing Laboratory Specimen ID: 198374-9</p><p><b>type</b>: Blood specimen <span style="background: LightGoldenRodYellow; margin: 4px; border: 1px solid khaki"> (<a href="https://browser.ihtsdotools.org/">SNOMED CT</a>#119297000)</span></p><p><b>subject</b>: <a href="Patient-HAICA-TC-Patient.html">Patient/HAICA-TC-Patient: HAICA-TC Example Patient</a> ""</p><h3>Collections</h3><table class="grid"><tr><td>-</td><td><b>Collected[x]</b></td></tr><tr><td>*</td><td>2018-11-24</td></tr></table></div>
  </text>
  <identifier>
    <type>
      <coding>
        <system value="urn:oid:2.16.840.1.114222.4.5.232"/>
        <code value="PLT687"/>
        <display value="State Lab Specimen ID"/>
      </coding>
    </type>
    <value value="IDR908765140"/>
  </identifier>
  <identifier>
    <type>
      <coding>
        <system value="urn:oid:2.16.840.1.114222.4.5.232"/>
        <code value="LAB202"/>
        <display value="Performing Laboratory Specimen ID"/>
      </coding>
    </type>
    <value value="198374-9"/>
  </identifier>
  <type>
    <coding>
      <system value="http://snomed.info/sct"/>
      <code value="119297000"/>
      <display value="Blood specimen"/>
    </coding>
  </type>
  <subject>
    <reference value="Patient/HAICA-TC-Patient"/>
    <display value="HAICA-TC Example Patient"/>
  </subject>
  <collection>
    <collectedDateTime value="2018-11-24"/>
  </collection>
</Specimen>