<?xml version="1.0" encoding="UTF-8"?>

<Specimen xmlns="http://hl7.org/fhir">
  <id value="STD-TC-Specimen-AST"/>
  <meta>
    <profile value="http://cbsig.chai.gatech.edu/StructureDefinition/cbs-specimen"/>
  </meta>
  <text>
    <status value="generated"/><div xmlns="http://www.w3.org/1999/xhtml"><p><b>Generated Narrative</b></p><div style="display: inline-block; background-color: #d9e0e7; padding: 6px; margin: 4px; border: 1px solid #8da1b4; border-radius: 5px; line-height: 60%"><p style="margin-bottom: 0px">Resource "STD-TC-Specimen-AST" </p><p style="margin-bottom: 0px">Profile: <a href="StructureDefinition-cbs-specimen.html">Case Based Surveillance Specimen Profile</a></p></div><p><b>identifier</b>: id: SLT-12466</p><p><b>type</b>: Specimen from vagina <span style="background: LightGoldenRodYellow; margin: 4px; border: 1px solid khaki"> (<a href="https://browser.ihtsdotools.org/">SNOMED CT</a>#119394009)</span></p><p><b>subject</b>: <a href="Patient-STD-TC-Patient.html">Patient/STD-TC-Patient: STD-TC Example Patient</a> ""</p><h3>Collections</h3><table class="grid"><tr><td>-</td><td><b>Collected[x]</b></td><td><b>BodySite</b></td></tr><tr><td>*</td><td>2014-02-26</td><td>Vagina <span style="background: LightGoldenRodYellow; margin: 4px; border: 1px solid khaki"> (<a href="https://browser.ihtsdotools.org/">SNOMED CT</a>#76784001)</span></td></tr></table></div>
  </text>
  <identifier>
    <value value="SLT-12466"/>
  </identifier>
  <type>
    <coding>
      <system value="http://snomed.info/sct"/>
      <code value="119394009"/>
      <display value="Specimen from vagina"/>
    </coding>
  </type>
  <subject>
    <reference value="Patient/STD-TC-Patient"/>
    <display value="STD-TC Example Patient"/>
  </subject>
  <collection>
    <collectedDateTime value="2014-02-26"/>
    <bodySite>
      <coding>
        <system value="http://snomed.info/sct"/>
        <code value="76784001"/>
        <display value="Vagina"/>
      </coding>
    </bodySite>
  </collection>
</Specimen>