<?xml version="1.0" encoding="UTF-8"?>

<ValueSet xmlns="http://hl7.org/fhir">
  <id value="CBSRelatedCaseTypeVS"/>
  <text>
    <status value="generated"/><div xmlns="http://www.w3.org/1999/xhtml"><ul><li>Include these codes as defined in <a href="CodeSystem-cbs-temp-code-system.html"><code>http://cbsig.chai.gatech.edu/CodeSystem/cbs-temp-code-system</code></a><table class="none"><tr><td style="white-space:nowrap"><b>Code</b></td><td><b>Display</b></td></tr><tr><td><a href="CodeSystem-cbs-temp-code-system.html#cbs-temp-code-system-previously-reported">previously-reported</a></td><td>Previously Reported Case</td></tr><tr><td><a href="CodeSystem-cbs-temp-code-system.html#cbs-temp-code-system-connected-outbreak">connected-outbreak</a></td><td>Connected Outbreak Case</td></tr><tr><td><a href="CodeSystem-cbs-temp-code-system.html#cbs-temp-code-system-parent-congential-syphilis">parent-congential-syphilis</a></td><td>Parent in Congenital Syphilis</td></tr></table></li></ul></div>
  </text>
  <url value="http://cbsig.chai.gatech.edu/ValueSet/CBSRelatedCaseTypeVS"/>
  <version value="0.1.0"/>
  <name value="CBSRelatedCaseTypeVS"/>
  <title value="CBS Related Case Type Value Set"/>
  <status value="active"/>
  <date value="2021-08-04T12:04:06-04:00"/>
  <publisher value="Georgia Tech Research Institute (GTRI)"/>
  <contact>
    <name value="Georgia Tech Research Institute (GTRI)"/>
    <telecom>
      <system value="url"/>
      <value value="http://gtri.gatech.edu/"/>
    </telecom>
  </contact>
  <description value="Codes found in the case notification panel that are otherwise not captured in other CBS profiles."/>
  <compose>
    <include>
      <system value="http://cbsig.chai.gatech.edu/CodeSystem/cbs-temp-code-system"/>
      <concept>
        <code value="previously-reported"/>
      </concept>
      <concept>
        <code value="connected-outbreak"/>
      </concept>
      <concept>
        <code value="parent-congential-syphilis"/>
      </concept>
    </include>
  </compose>
</ValueSet>