<?xml version="1.0" encoding="UTF-8"?>

<ValueSet xmlns="http://hl7.org/fhir">
  <id value="CBSCaseNotificationPanelVS"/>
  <text>
    <status value="generated"/><div xmlns="http://www.w3.org/1999/xhtml"><p>This value set includes codes based on the following rules:</p><ul><li>Include these codes as defined in <a href="http://loinc.org"><code>http://loinc.org</code></a><table class="none"><tr><td style="white-space:nowrap"><b>Code</b></td><td><b>Display</b></td></tr><tr><td><a href="http://details.loinc.org/LOINC/78000-7.html">78000-7</a></td><td>Case notification panel [CDC.PHIN]</td></tr></table></li><li>Import all the codes that are contained in <a href="https://phinvads.cdc.gov/vads/ViewValueSet.action?oid=2.16.840.1.114222.4.11.7268">http://phinvads.cdc.gov/fhir/ValueSet/2.16.840.1.114222.4.11.7268</a></li></ul></div>
  </text>
  <url value="http://cbsig.chai.gatech.edu/ValueSet/CBSCaseNotificationPanelVS"/>
  <version value="0.1.0"/>
  <name value="CBSCaseNotificationPanelVS"/>
  <title value="CBS Case Notification Panel Value Set"/>
  <status value="active"/>
  <date value="2021-07-09T14:32:25-04:00"/>
  <description value="Codes found in the case notification panel that are otherwise not captured in other CBS profiles."/>
  <compose>
    <include>
      <system value="http://loinc.org"/>
      <concept>
        <code value="78000-7"/>
      </concept>
    </include>
    <include>
      <valueSet value="http://phinvads.cdc.gov/fhir/ValueSet/2.16.840.1.114222.4.11.7268"/>
    </include>
  </compose>
</ValueSet>