<?xml version="1.0" encoding="UTF-8"?>

<ValueSet xmlns="http://hl7.org/fhir">
  <id value="CBSCaseNotificationPanelVS"/>
  <text>
    <status value="extensions"/><div xmlns="http://www.w3.org/1999/xhtml"><p>This value set includes codes based on the following rules:</p><ul><li>Include these codes as defined in <a href="http://loinc.org"><code>http://loinc.org</code></a><table class="none"><tr><td style="white-space:nowrap"><b>Code</b></td><td><b>Display</b></td></tr><tr><td><a href="http://details.loinc.org/LOINC/78000-7.html">78000-7</a></td><td>Case notification panel [CDC.PHIN]</td></tr><tr><td><a href="http://details.loinc.org/LOINC/8656-1.html">8656-1</a></td><td>Admission Date</td></tr><tr><td><a href="http://details.loinc.org/LOINC/77998-3.html">77998-3</a></td><td>Age at Case Investigation</td></tr><tr><td><a href="http://details.loinc.org/LOINC/77988-4.html">77988-4</a></td><td>Binational Reporting Criteria</td></tr><tr><td><a href="http://details.loinc.org/LOINC/77990-0.html">77990-0</a></td><td>Case Class Status Code</td></tr><tr><td><a href="http://details.loinc.org/LOINC/77982-7.html">77982-7</a></td><td>Case Disease Imported Code</td></tr><tr><td><a href="http://details.loinc.org/LOINC/77979-3.html">77979-3</a></td><td>Case Investigation Start Date</td></tr><tr><td><a href="http://details.loinc.org/LOINC/77980-1.html">77980-1</a></td><td>Case Outbreak Indicator</td></tr><tr><td><a href="http://details.loinc.org/LOINC/77981-9.html">77981-9</a></td><td>Case Outbreak Name</td></tr><tr><td><a href="http://details.loinc.org/LOINC/77986-8.html">77986-8</a></td><td>City of Exposure</td></tr><tr><td><a href="http://details.loinc.org/LOINC/77999-1.html">77999-1</a></td><td>Comment</td></tr><tr><td><a href="http://details.loinc.org/LOINC/78746-5.html">78746-5</a></td><td>Country of Birth</td></tr><tr><td><a href="http://details.loinc.org/LOINC/77984-3.html">77984-3</a></td><td>Country of Exposure</td></tr><tr><td><a href="http://details.loinc.org/LOINC/77983-5.html">77983-5</a></td><td>Country of Usual Residence</td></tr><tr><td><a href="http://details.loinc.org/LOINC/77987-6.html">77987-6</a></td><td>County of Exposure</td></tr><tr><td><a href="http://details.loinc.org/LOINC/77994-2.html">77994-2</a></td><td>Date CDC Was First Verbally Notified of This Case</td></tr><tr><td><a href="http://details.loinc.org/LOINC/77970-2.html">77970-2</a></td><td>Date First Reported to PHD</td></tr><tr><td><a href="http://details.loinc.org/LOINC/11368-8.html">11368-8</a></td><td>Date of Illness Onset</td></tr><tr><td><a href="http://details.loinc.org/LOINC/77995-9.html">77995-9</a></td><td>Date Reported</td></tr><tr><td><a href="http://details.loinc.org/LOINC/77975-1.html">77975-1</a></td><td>Diagnosis Date</td></tr><tr><td><a href="http://details.loinc.org/LOINC/8649-6.html">8649-6</a></td><td>Discharge Date</td></tr><tr><td><a href="http://details.loinc.org/LOINC/78033-8.html">78033-8</a></td><td>Duration of Hospital Stay in Days</td></tr><tr><td><a href="http://details.loinc.org/LOINC/77972-8.html">77972-8</a></td><td>Earliest Date Reported to County</td></tr><tr><td><a href="http://details.loinc.org/LOINC/77973-6.html">77973-6</a></td><td>Earliest Date Reported to State</td></tr><tr><td><a href="http://details.loinc.org/LOINC/77974-4.html">77974-4</a></td><td>Hospitalized</td></tr><tr><td><a href="http://details.loinc.org/LOINC/77977-7.html">77977-7</a></td><td>Illness Duration</td></tr><tr><td><a href="http://details.loinc.org/LOINC/77976-9.html">77976-9</a></td><td>Illness End Date</td></tr><tr><td><a href="http://details.loinc.org/LOINC/77965-2.html">77965-2</a></td><td>Immediate National Notifiable Condition</td></tr><tr><td><a href="http://details.loinc.org/LOINC/77969-4.html">77969-4</a></td><td>Jurisdiction Code</td></tr><tr><td><a href="http://details.loinc.org/LOINC/77997-5.html">77997-5</a></td><td>Legacy Case Identifier</td></tr><tr><td><a href="http://details.loinc.org/LOINC/77991-8.html">77991-8</a></td><td>MMWR Week</td></tr><tr><td><a href="http://details.loinc.org/LOINC/77992-6.html">77992-6</a></td><td>MMWR Year</td></tr><tr><td><a href="http://details.loinc.org/LOINC/77968-6.html">77968-6</a></td><td>National Reporting Jurisdiction</td></tr><tr><td><a href="http://details.loinc.org/LOINC/21842-0.html">21842-0</a></td><td>Other Birth Place</td></tr><tr><td><a href="http://details.loinc.org/LOINC/32624-9.html">32624-9</a></td><td>Other Race Text</td></tr><tr><td><a href="http://details.loinc.org/LOINC/74547-1.html">74547-1</a></td><td>Person Reporting to CDC - Email</td></tr><tr><td><a href="http://details.loinc.org/LOINC/74549-7.html">74549-7</a></td><td>Person Reporting to CDC - Name</td></tr><tr><td><a href="http://details.loinc.org/LOINC/74548-9.html">74548-9</a></td><td>Person Reporting to CDC - Phone Number</td></tr><tr><td><a href="http://details.loinc.org/LOINC/77996-7.html">77996-7</a></td><td>Pregnancy Status</td></tr><tr><td><a href="http://details.loinc.org/LOINC/77967-8.html">77967-8</a></td><td>Reporting County</td></tr><tr><td><a href="http://details.loinc.org/LOINC/48766-0.html">48766-0</a></td><td>Reporting Source Type Code</td></tr><tr><td><a href="http://details.loinc.org/LOINC/52831-5.html">52831-5</a></td><td>Reporting Source ZIP Code</td></tr><tr><td><a href="http://details.loinc.org/LOINC/77966-0.html">77966-0</a></td><td>Reporting State</td></tr><tr><td><a href="http://details.loinc.org/LOINC/77993-4.html">77993-4</a></td><td>State Case Identifier</td></tr><tr><td><a href="http://details.loinc.org/LOINC/77985-0.html">77985-0</a></td><td>State or Province of Exposure</td></tr><tr><td><a href="http://details.loinc.org/LOINC/77978-5.html">77978-5</a></td><td>Subject Died</td></tr><tr><td><a href="http://details.loinc.org/LOINC/77989-2.html">77989-2</a></td><td>Transmission Mode</td></tr></table></li><li>Include these codes as defined in <code>urn:oid:2.16.840.1.114222.4.5.232</code><table class="none"><tr><td style="white-space:nowrap"><b>Code</b></td><td><b>Display</b></td></tr><tr><td>INV155</td><td>Imported City</td></tr><tr><td>INV153</td><td>Imported Country</td></tr><tr><td>INV156</td><td>Imported County</td></tr><tr><td>INV154</td><td>Imported State</td></tr></table></li><li>Include these codes as defined in <a href="CodeSystem-cbs-temp-code-system.html"><code>http://cbsig.chai.gatech.edu/CodeSystem/cbs-temp-code-system</code></a><table class="none"><tr><td style="white-space:nowrap"><b>Code</b></td><td><b>Display</b></td><td><b>Definition</b></td></tr><tr><td><a href="CodeSystem-cbs-temp-code-system.html#cbs-temp-code-system-MMWR">MMWR</a></td><td>MMWR Week/Year</td><td>Grouped MMWR Week and Year into a single code</td></tr><tr><td><a href="CodeSystem-cbs-temp-code-system.html#cbs-temp-code-system-Location-of-Exposure">Location-of-Exposure</a></td><td>Location of Exposure</td><td>Location of exposure. (City, County, State/Province, Country)</td></tr><tr><td><a href="CodeSystem-cbs-temp-code-system.html#cbs-temp-code-system-case-outbreak">case-outbreak</a></td><td>Case Outbreak Name and Indicator</td><td>Grouped case outbreak name and indicator into a single code for the case notification panel</td></tr></table></li></ul></div>
  </text>
  <url value="http://cbsig.chai.gatech.edu/ValueSet/CBSCaseNotificationPanelVS"/>
  <version value="0.2.0"/>
  <name value="CBSCaseNotificationPanelVS"/>
  <title value="CBS Case Notification Panel Value Set"/>
  <status value="active"/>
  <date value="2022-02-08T17:12:45-05:00"/>
  <publisher value="Georgia Tech Research Institute (GTRI)"/>
  <contact>
    <name value="Georgia Tech Research Institute (GTRI)"/>
    <telecom>
      <system value="url"/>
      <value value="http://gtri.gatech.edu/"/>
    </telecom>
  </contact>
  <description value="Codes found in the case notification panel that are otherwise not captured in other CBS profiles."/>
  <compose>
    <include>
      <system value="http://loinc.org"/>
      <concept>
        <code value="78000-7"/>
      </concept>
      <concept>
        <code value="8656-1"/>
        <display value="Admission Date"/>
      </concept>
      <concept>
        <code value="77998-3"/>
        <display value="Age at Case Investigation"/>
      </concept>
      <concept>
        <code value="77988-4"/>
        <display value="Binational Reporting Criteria"/>
      </concept>
      <concept>
        <code value="77990-0"/>
        <display value="Case Class Status Code"/>
      </concept>
      <concept>
        <code value="77982-7"/>
        <display value="Case Disease Imported Code"/>
      </concept>
      <concept>
        <code value="77979-3"/>
        <display value="Case Investigation Start Date"/>
      </concept>
      <concept>
        <code value="77980-1"/>
        <display value="Case Outbreak Indicator"/>
      </concept>
      <concept>
        <code value="77981-9"/>
        <display value="Case Outbreak Name"/>
      </concept>
      <concept>
        <code value="77986-8"/>
        <display value="City of Exposure"/>
      </concept>
      <concept>
        <code value="77999-1"/>
        <display value="Comment"/>
      </concept>
      <concept>
        <code value="78746-5"/>
        <display value="Country of Birth"/>
      </concept>
      <concept>
        <code value="77984-3"/>
        <display value="Country of Exposure"/>
      </concept>
      <concept>
        <code value="77983-5"/>
        <display value="Country of Usual Residence"/>
      </concept>
      <concept>
        <code value="77987-6"/>
        <display value="County of Exposure"/>
      </concept>
      <concept>
        <code value="77994-2"/>
        <display value="Date CDC Was First Verbally Notified of This Case"/>
      </concept>
      <concept>
        <code value="77970-2"/>
        <display value="Date First Reported to PHD"/>
      </concept>
      <concept>
        <code value="11368-8"/>
        <display value="Date of Illness Onset"/>
      </concept>
      <concept>
        <code value="77995-9"/>
        <display value="Date Reported"/>
      </concept>
      <concept>
        <code value="77975-1"/>
        <display value="Diagnosis Date"/>
      </concept>
      <concept>
        <code value="8649-6"/>
        <display value="Discharge Date"/>
      </concept>
      <concept>
        <code value="78033-8"/>
        <display value="Duration of Hospital Stay in Days"/>
      </concept>
      <concept>
        <code value="77972-8"/>
        <display value="Earliest Date Reported to County"/>
      </concept>
      <concept>
        <code value="77973-6"/>
        <display value="Earliest Date Reported to State"/>
      </concept>
      <concept>
        <code value="77974-4"/>
        <display value="Hospitalized"/>
      </concept>
      <concept>
        <code value="77977-7"/>
        <display value="Illness Duration"/>
      </concept>
      <concept>
        <code value="77976-9"/>
        <display value="Illness End Date"/>
      </concept>
      <concept>
        <code value="77965-2"/>
        <display value="Immediate National Notifiable Condition"/>
      </concept>
      <concept>
        <code value="77969-4"/>
        <display value="Jurisdiction Code"/>
      </concept>
      <concept>
        <code value="77997-5"/>
        <display value="Legacy Case Identifier"/>
      </concept>
      <concept>
        <code value="77991-8"/>
        <display value="MMWR Week"/>
      </concept>
      <concept>
        <code value="77992-6"/>
        <display value="MMWR Year"/>
      </concept>
      <concept>
        <code value="77968-6"/>
        <display value="National Reporting Jurisdiction"/>
      </concept>
      <concept>
        <code value="21842-0"/>
        <display value="Other Birth Place"/>
      </concept>
      <concept>
        <code value="32624-9"/>
        <display value="Other Race Text"/>
      </concept>
      <concept>
        <code value="74547-1"/>
        <display value="Person Reporting to CDC - Email"/>
      </concept>
      <concept>
        <code value="74549-7"/>
        <display value="Person Reporting to CDC - Name"/>
      </concept>
      <concept>
        <code value="74548-9"/>
        <display value="Person Reporting to CDC - Phone Number"/>
      </concept>
      <concept>
        <code value="77996-7"/>
        <display value="Pregnancy Status"/>
      </concept>
      <concept>
        <code value="77967-8"/>
        <display value="Reporting County"/>
      </concept>
      <concept>
        <code value="48766-0"/>
        <display value="Reporting Source Type Code"/>
      </concept>
      <concept>
        <code value="52831-5"/>
        <display value="Reporting Source ZIP Code"/>
      </concept>
      <concept>
        <code value="77966-0"/>
        <display value="Reporting State"/>
      </concept>
      <concept>
        <code value="77993-4"/>
        <display value="State Case Identifier"/>
      </concept>
      <concept>
        <code value="77985-0"/>
        <display value="State or Province of Exposure"/>
      </concept>
      <concept>
        <code value="77978-5"/>
        <display value="Subject Died"/>
      </concept>
      <concept>
        <code value="77989-2"/>
        <display value="Transmission Mode"/>
      </concept>
    </include>
    <include>
      <system value="urn:oid:2.16.840.1.114222.4.5.232"/>
      <concept>
        <code value="INV155"/>
        <display value="Imported City"/>
      </concept>
      <concept>
        <code value="INV153"/>
        <display value="Imported Country"/>
      </concept>
      <concept>
        <code value="INV156"/>
        <display value="Imported County"/>
      </concept>
      <concept>
        <code value="INV154"/>
        <display value="Imported State"/>
      </concept>
    </include>
    <include>
      <system value="http://cbsig.chai.gatech.edu/CodeSystem/cbs-temp-code-system"/>
      <concept>
        <code value="MMWR"/>
      </concept>
      <concept>
        <code value="Location-of-Exposure"/>
      </concept>
      <concept>
        <code value="case-outbreak"/>
      </concept>
    </include>
  </compose>
</ValueSet>