<?xml version="1.0" encoding="UTF-8"?>

<ValueSet xmlns="http://hl7.org/fhir">
  <id value="CBSTimeWindowRelativeToVS"/>
  <text>
    <status value="generated"/><div xmlns="http://www.w3.org/1999/xhtml"><ul><li>Include these codes as defined in <a href="CodeSystem-cbs-temp-code-system.html"><code>http://cbsig.chai.gatech.edu/CodeSystem/cbs-temp-code-system</code></a><table class="none"><tr><td style="white-space:nowrap"><b>Code</b></td><td><b>Display</b></td></tr><tr><td><a href="CodeSystem-cbs-temp-code-system.html#cbs-temp-code-system-conditionOnsetDatePeriodStart">conditionOnsetDatePeriodStart</a></td><td>Condition.onsetDatePeriod.start</td></tr><tr><td><a href="CodeSystem-cbs-temp-code-system.html#cbs-temp-code-system-conditionOnsetDateTime">conditionOnsetDateTime</a></td><td>Condition.onsetDateTime</td></tr></table></li></ul></div>
  </text>
  <url value="http://cbsig.chai.gatech.edu/ValueSet/CBSTimeWindowRelativeToVS"/>
  <version value="0.1.0"/>
  <name value="CBSTimeWindowRelativeToVS"/>
  <title value="CBS Time Window Relative To Value Set"/>
  <status value="active"/>
  <date value="2021-11-03T10:06:32-04:00"/>
  <publisher value="Georgia Tech Research Institute (GTRI)"/>
  <contact>
    <name value="Georgia Tech Research Institute (GTRI)"/>
    <telecom>
      <system value="url"/>
      <value value="http://gtri.gatech.edu/"/>
    </telecom>
  </contact>
  <description value="Codes for specific resource elements referenced by the CBS Program Specific Time Window extension, to convey to which element in the referenced resource a time window is relative."/>
  <compose>
    <include>
      <system value="http://cbsig.chai.gatech.edu/CodeSystem/cbs-temp-code-system"/>
      <concept>
        <code value="conditionOnsetDatePeriodStart"/>
      </concept>
      <concept>
        <code value="conditionOnsetDateTime"/>
      </concept>
    </include>
  </compose>
</ValueSet>