<?xml version="1.0" encoding="UTF-8"?><CodeSystem xmlns="http://hl7.org/fhir"><id value="cbs-temp-code-system"/><text><status value="generated"/><div xmlns="http://www.w3.org/1999/xhtml"><p>This code system http://cbsig.chai.gatech.edu/output/CodeSystem/cbs-temp-code-system defines the following codes:</p><table class="codes"><tr><td style="white-space:nowrap"><b>Code</b></td><td><b>Display</b></td><td><b>Definition</b></td></tr><tr><td style="white-space:nowrap">Usual-Residence<a name="cbs-temp-code-system-Usual-Residence"> </a></td><td>Usual Residence</td><td>Subject&#39;s location of usual residence. This is a broader location representation of the LOINC Code 77983-5 (https://loinc.org/77983-5/), &#39;Country of Usual Residence&#39;. The meaning of &#39;usual residence&#39; is defined as per surveillance programs.</td></tr><tr><td style="white-space:nowrap">Address-at-Diagnosis<a name="cbs-temp-code-system-Address-at-Diagnosis"> </a></td><td>Address at time of Diagnosis</td><td>Subject&#39;s address at the time of the diagnosis for the condition of interest.</td></tr><tr><td style="white-space:nowrap">Location-of-Exposure<a name="cbs-temp-code-system-Location-of-Exposure"> </a></td><td>Location of Exposure</td><td>Location of exposure. (City, County, State/Province, Country)</td></tr><tr><td style="white-space:nowrap">Local-Subject-ID<a name="cbs-temp-code-system-Local-Subject-ID"> </a></td><td>Local Subject ID</td><td>The local ID of the subject/entity</td></tr><tr><td style="white-space:nowrap">Local-Record-ID<a name="cbs-temp-code-system-Local-Record-ID"> </a></td><td>Local Record ID</td><td>Sending system-assigned local ID of the case investigation with which the subject is associated.</td></tr><tr><td style="white-space:nowrap">State-Case-Identifier<a name="cbs-temp-code-system-State-Case-Identifier"> </a></td><td>State Case Identifier</td><td>States use this identifier to link NEDSS investigations back to their own state investigations.</td></tr><tr><td style="white-space:nowrap">Legacy-Case-Identifier<a name="cbs-temp-code-system-Legacy-Case-Identifier"> </a></td><td>Legacy Case Identifier</td><td>CDC uses this identifier to link current case notifications to case notifications submitted by a previous system (NETSS, STD-MIS, etc.).</td></tr><tr><td style="white-space:nowrap">LAB<a name="cbs-temp-code-system-LAB"> </a></td><td>Laboratory</td><td>Laboratory coding for organization type</td></tr></table></div></text><url value="http://cbsig.chai.gatech.edu/output/CodeSystem/cbs-temp-code-system"/><version value="0.1.0"/><name value="CBSTemporary"/><title value="Case Based Surveillance temporary/placeholder code system."/><status value="active"/><date value="2021-06-30T13:00:28-04:00"/><description value="Code system defined as placeholders for items that are not defined in existing systems."/><content value="complete"/><count value="8"/><concept><code value="Usual-Residence"/><display value="Usual Residence"/><definition value="Subject&#39;s location of usual residence. This is a broader location representation of the LOINC Code 77983-5 (https://loinc.org/77983-5/), &#39;Country of Usual Residence&#39;. The meaning of &#39;usual residence&#39; is defined as per surveillance programs."/></concept><concept><code value="Address-at-Diagnosis"/><display value="Address at time of Diagnosis"/><definition value="Subject&#39;s address at the time of the diagnosis for the condition of interest."/></concept><concept><code value="Location-of-Exposure"/><display value="Location of Exposure"/><definition value="Location of exposure. (City, County, State/Province, Country)"/></concept><concept><code value="Local-Subject-ID"/><display value="Local Subject ID"/><definition value="The local ID of the subject/entity"/></concept><concept><code value="Local-Record-ID"/><display value="Local Record ID"/><definition value="Sending system-assigned local ID of the case investigation with which the subject is associated."/></concept><concept><code value="State-Case-Identifier"/><display value="State Case Identifier"/><definition value="States use this identifier to link NEDSS investigations back to their own state investigations."/></concept><concept><code value="Legacy-Case-Identifier"/><display value="Legacy Case Identifier"/><definition value="CDC uses this identifier to link current case notifications to case notifications submitted by a previous system (NETSS, STD-MIS, etc.)."/></concept><concept><code value="LAB"/><display value="Laboratory"/><definition value="Laboratory coding for organization type"/></concept></CodeSystem>