<?xml version="1.0" encoding="UTF-8"?><ImplementationGuide xmlns="http://hl7.org/fhir"><id value="gtri.fhir.cbs"/><text><status value="extensions"/><div xmlns="http://www.w3.org/1999/xhtml"><h2>CBSIG</h2><p>The official URL for this implementation guide is: </p><pre>http://cbsig.chai.gatech.edu/output/ImplementationGuide/gtri.fhir.cbs</pre></div></text><url value="http://cbsig.chai.gatech.edu/output/ImplementationGuide/gtri.fhir.cbs"/><version value="0.1.0"/><name value="CBSIG"/><status value="draft"/><date value="2021-06-30T12:49:22-04:00"/><packageId value="gtri.fhir.cbs"/><license value="CC0-1.0"/><fhirVersion value="4.0.1"/><dependsOn id="us_cdc_phinvads"><uri value="http://fhir.org/packages/us.cdc.phinvads"/><packageId value="us.cdc.phinvads"/><version value="0.7.0"/></dependsOn><dependsOn id="hl7_fhir_us_core"><uri value="http://hl7.org/fhir/us/core/ImplementationGuide/hl7.fhir.us.core"/><packageId value="hl7.fhir.us.core"/><version value="current"/></dependsOn><dependsOn id="hl7_fhir_us_ecr"><uri value="http://hl7.org/fhir/us/ecr/ImplementationGuide/hl7.fhir.us.ecr"/><packageId value="hl7.fhir.us.ecr"/><version value="current"/></dependsOn><dependsOn id="hl7_fhir_us_odh"><uri value="http://hl7.org/fhir/us/odh/ImplementationGuide/hl7.fhir.us.odh"/><packageId value="hl7.fhir.us.odh"/><version value="current"/></dependsOn><definition><extension url="http://hl7.org/fhir/tools/StructureDefinition/ig-parameter"><extension url="code"><valueString value="copyrightyear"/></extension><extension url="value"><valueString value="2021+"/></extension></extension><extension url="http://hl7.org/fhir/tools/StructureDefinition/ig-parameter"><extension url="code"><valueString value="releaselabel"/></extension><extension url="value"><valueString value="ci-build"/></extension></extension><extension url="http://hl7.org/fhir/tools/StructureDefinition/ig-parameter"><extension url="code"><valueString value="path-liquid"/></extension><extension url="value"><valueString value="template/liquid"/></extension></extension><extension url="http://hl7.org/fhir/tools/StructureDefinition/ig-parameter"><extension url="code"><valueString value="path-liquid"/></extension><extension url="value"><valueString value="input/liquid"/></extension></extension><extension url="http://hl7.org/fhir/tools/StructureDefinition/ig-parameter"><extension url="code"><valueString value="path-qa"/></extension><extension url="value"><valueString value="temp/qa"/></extension></extension><extension url="http://hl7.org/fhir/tools/StructureDefinition/ig-parameter"><extension url="code"><valueString value="path-temp"/></extension><extension url="value"><valueString value="temp/pages"/></extension></extension><extension url="http://hl7.org/fhir/tools/StructureDefinition/ig-parameter"><extension url="code"><valueString value="path-output"/></extension><extension url="value"><valueString value="output"/></extension></extension><extension url="http://hl7.org/fhir/tools/StructureDefinition/ig-parameter"><extension url="code"><valueString value="path-suppressed-warnings"/></extension><extension url="value"><valueString value="input/ignoreWarnings.txt"/></extension></extension><extension url="http://hl7.org/fhir/tools/StructureDefinition/ig-parameter"><extension url="code"><valueString value="path-history"/></extension><extension url="value"><valueString value="http://cbsig.chai.gatech.edu/output/history.html"/></extension></extension><extension url="http://hl7.org/fhir/tools/StructureDefinition/ig-parameter"><extension url="code"><valueString value="template-html"/></extension><extension url="value"><valueString value="template-page.html"/></extension></extension><extension url="http://hl7.org/fhir/tools/StructureDefinition/ig-parameter"><extension url="code"><valueString value="template-md"/></extension><extension url="value"><valueString value="template-page-md.html"/></extension></extension><extension url="http://hl7.org/fhir/tools/StructureDefinition/ig-parameter"><extension url="code"><valueString value="apply-contact"/></extension><extension url="value"><valueString value="true"/></extension></extension><extension url="http://hl7.org/fhir/tools/StructureDefinition/ig-parameter"><extension url="code"><valueString value="apply-context"/></extension><extension url="value"><valueString value="true"/></extension></extension><extension url="http://hl7.org/fhir/tools/StructureDefinition/ig-parameter"><extension url="code"><valueString value="apply-copyright"/></extension><extension url="value"><valueString value="true"/></extension></extension><extension url="http://hl7.org/fhir/tools/StructureDefinition/ig-parameter"><extension url="code"><valueString value="apply-jurisdiction"/></extension><extension url="value"><valueString value="true"/></extension></extension><extension url="http://hl7.org/fhir/tools/StructureDefinition/ig-parameter"><extension url="code"><valueString value="apply-license"/></extension><extension url="value"><valueString value="true"/></extension></extension><extension url="http://hl7.org/fhir/tools/StructureDefinition/ig-parameter"><extension url="code"><valueString value="apply-publisher"/></extension><extension url="value"><valueString value="true"/></extension></extension><extension url="http://hl7.org/fhir/tools/StructureDefinition/ig-parameter"><extension url="code"><valueString value="apply-version"/></extension><extension url="value"><valueString value="true"/></extension></extension><extension url="http://hl7.org/fhir/tools/StructureDefinition/ig-parameter"><extension url="code"><valueString value="active-tables"/></extension><extension url="value"><valueString value="true"/></extension></extension><grouping id="-str-profile"><name value="Structures: Resource Profiles"/><description value="These define constraints on FHIR resources for systems conforming to this implementation guide"/></grouping><grouping id="-str-extension"><name value="Structures: Extension Definitions"/><description value="These define constraints on FHIR data types for systems conforming to this implementation guide"/></grouping><grouping id="-term-valueset"><name value="Terminology: Value Sets"/><description value="These define sets of codes used by systems conforming to this implementation guide"/></grouping><grouping id="-term-codesystem"><name value="Terminology: Code Systems"/><description value="These define new code systems used by systems conforming to this implementation guide"/></grouping><resource><extension url="http://hl7.org/fhir/StructureDefinition/implementationguide-page"><valueUri value="StructureDefinition-cbs-composition.html"/></extension><reference><reference value="StructureDefinition/cbs-composition"/></reference><name value="Case Based Surveillance Composition Profile"/><description value="Defines constraints and extensions to the composition resource in order to meet the needs of public health surveillance programs."/><exampleBoolean value="false"/><groupingId value="-str-profile"/></resource><resource><extension url="http://hl7.org/fhir/StructureDefinition/implementationguide-page"><valueUri value="StructureDefinition-cbs-condition.html"/></extension><reference><reference value="StructureDefinition/cbs-condition"/></reference><name value="Case Based Surveillance Condition of Interest Profile"/><description value="Defines constraints and extensions to the condition resource in order to meet the needs of public health surveillance programs while providing as much alignment with US Core requirements as possible."/><exampleBoolean value="false"/><groupingId value="-str-profile"/></resource><resource><extension url="http://hl7.org/fhir/StructureDefinition/implementationguide-page"><valueUri value="StructureDefinition-cbs-exposure-observation.html"/></extension><reference><reference value="StructureDefinition/cbs-exposure-observation"/></reference><name value="Case Based Surveillance Exposure Observation Profile"/><description value="Defines constraints and extensions to the observation resource in order to meet the needs of public health surveillance programs while providing as much alignment with US Core requirements as possible."/><exampleBoolean value="false"/><groupingId value="-str-profile"/></resource><resource><extension url="http://hl7.org/fhir/StructureDefinition/implementationguide-page"><valueUri value="StructureDefinition-cbs-patient.html"/></extension><reference><reference value="StructureDefinition/cbs-patient"/></reference><name value="Case Based Surveillance Patient Profile"/><description value="Defines constraints and extensions to the patient resource in order to meet the needs of public health surveillance programs while providing as much alignment with US Core requirements as possible. Mapping between similar concepts implemented with different value sets (ie: race, ethnicity, or sex assigned at birth) may be required."/><exampleBoolean value="false"/><groupingId value="-str-profile"/></resource><resource><extension url="http://hl7.org/fhir/StructureDefinition/implementationguide-page"><valueUri value="StructureDefinition-cbs-birthsex.html"/></extension><reference><reference value="StructureDefinition/cbs-birthsex"/></reference><name value="Case Based Surveillance Birth Sex Extension"/><description value="A code classifying the person&#39;s sex assigned at birth."/><exampleBoolean value="false"/><groupingId value="-str-extension"/></resource><resource><extension url="http://hl7.org/fhir/StructureDefinition/implementationguide-page"><valueUri value="StructureDefinition-cbs-case-class-status.html"/></extension><reference><reference value="StructureDefinition/cbs-case-class-status"/></reference><name value="Case Based Surveillance Case Class Status"/><description value="A code denoting the status of the case/event as suspect, probable, confirmed, or not a case per CSTE/CDC/surveillance case definitions."/><exampleBoolean value="false"/><groupingId value="-str-extension"/></resource><resource><extension url="http://hl7.org/fhir/StructureDefinition/implementationguide-page"><valueUri value="StructureDefinition-cbs-diagnosis-date.html"/></extension><reference><reference value="StructureDefinition/cbs-diagnosis-date"/></reference><name value="Case Based Surveillance Diagnosis Date Extension"/><description value="A dateTime indicating when the condition of interest was diagnosed."/><exampleBoolean value="false"/><groupingId value="-str-extension"/></resource><resource><extension url="http://hl7.org/fhir/StructureDefinition/implementationguide-page"><valueUri value="StructureDefinition-cbs-died-of-condition.html"/></extension><reference><reference value="StructureDefinition/cbs-died-of-condition"/></reference><name value="Case Based Surveillance Death Due to Condition Extension"/><description value="A code classifying whether the subject died due to the reported condition of interest."/><exampleBoolean value="false"/><groupingId value="-str-extension"/></resource><resource><extension url="http://hl7.org/fhir/StructureDefinition/implementationguide-page"><valueUri value="StructureDefinition-cbs-ethnicity.html"/></extension><reference><reference value="StructureDefinition/cbs-ethnicity"/></reference><name value="Case Based Surveillance Ethnicity Extension"/><description value="Concepts classifying the person into a named category of humans sharing common history, traits, geographical origin or nationality.  The ethnicity codes used to represent these concepts are based upon the [CDC ethnicity and Ethnicity Code Set Version 1.0](http://www.cdc.gov/phin/resources/vocabulary/index.html) which includes over 900 concepts for representing race and ethnicity of which 43 reference ethnicity.  The ethnicity concepts are grouped by and pre-mapped to the 2 OMB ethnicity categories: - Hispanic or Latino - Not Hispanic or Latino. This extension is based on the equivalent US Core extension though utilizes the public health focused PHIN Value Set and limiting data based on established standards in public health case based surveillance messaging."/><exampleBoolean value="false"/><groupingId value="-str-extension"/></resource><resource><extension url="http://hl7.org/fhir/StructureDefinition/implementationguide-page"><valueUri value="StructureDefinition-cbs-race.html"/></extension><reference><reference value="StructureDefinition/cbs-race"/></reference><name value="Case Based Surveillance Race Extension"/><description value="Concepts classifying the person into a named category of humans sharing common history, traits, geographical origin or nationality."/><exampleBoolean value="false"/><groupingId value="-str-extension"/></resource><resource><extension url="http://hl7.org/fhir/StructureDefinition/implementationguide-page"><valueUri value="ValueSet-CBSAddressUseVS.html"/></extension><reference><reference value="ValueSet/CBSAddressUseVS"/></reference><name value="Additional codes for Address.use."/><description value="Codes for Address.use which are used as slice discriminators to capture address history at relevant points in time to case surveillance."/><exampleBoolean value="false"/><groupingId value="-term-valueset"/></resource><resource><extension url="http://hl7.org/fhir/StructureDefinition/implementationguide-page"><valueUri value="CodeSystem-cbs-temp-code-system.html"/></extension><reference><reference value="CodeSystem/cbs-temp-code-system"/></reference><name value="Case Based Surveillance temporary/placeholder code system."/><description value="Code system defined as placeholders for items that are not defined in existing systems."/><exampleBoolean value="false"/><groupingId value="-term-codesystem"/></resource><page><nameUrl value="toc.html"/><title value="Table of Contents"/><generation value="html"/><page><nameUrl value="index.html"/><title value="Home"/><generation value="markdown"/></page><page><nameUrl value="artifacts.html"/><title value="Artifacts Summary"/><generation value="html"/><page><nameUrl value="StructureDefinition-cbs-composition.html"/><title value="Case Based Surveillance Composition Profile"/><generation value="generated"/></page><page><nameUrl value="StructureDefinition-cbs-condition.html"/><title value="Case Based Surveillance Condition of Interest Profile"/><generation value="generated"/></page><page><nameUrl value="StructureDefinition-cbs-exposure-observation.html"/><title value="Case Based Surveillance Exposure Observation Profile"/><generation value="generated"/></page><page><nameUrl value="StructureDefinition-cbs-patient.html"/><title value="Case Based Surveillance Patient Profile"/><generation value="generated"/></page><page><nameUrl value="StructureDefinition-cbs-birthsex.html"/><title value="Case Based Surveillance Birth Sex Extension"/><generation value="generated"/></page><page><nameUrl value="StructureDefinition-cbs-case-class-status.html"/><title value="Case Based Surveillance Case Class Status"/><generation value="generated"/></page><page><nameUrl value="StructureDefinition-cbs-diagnosis-date.html"/><title value="Case Based Surveillance Diagnosis Date Extension"/><generation value="generated"/></page><page><nameUrl value="StructureDefinition-cbs-died-of-condition.html"/><title value="Case Based Surveillance Death Due to Condition Extension"/><generation value="generated"/></page><page><nameUrl value="StructureDefinition-cbs-ethnicity.html"/><title value="Case Based Surveillance Ethnicity Extension"/><generation value="generated"/></page><page><nameUrl value="StructureDefinition-cbs-race.html"/><title value="Case Based Surveillance Race Extension"/><generation value="generated"/></page><page><nameUrl value="ValueSet-CBSAddressUseVS.html"/><title value="Additional codes for Address.use."/><generation value="generated"/></page><page><nameUrl value="CodeSystem-cbs-temp-code-system.html"/><title value="Case Based Surveillance temporary/placeholder code system."/><generation value="generated"/></page></page></page><parameter><code value="path-resource"/><value value="input/capabilities"/></parameter><parameter><code value="path-resource"/><value value="input/examples"/></parameter><parameter><code value="path-resource"/><value value="input/extensions"/></parameter><parameter><code value="path-resource"/><value value="input/models"/></parameter><parameter><code value="path-resource"/><value value="input/operations"/></parameter><parameter><code value="path-resource"/><value value="input/profiles"/></parameter><parameter><code value="path-resource"/><value value="input/resources"/></parameter><parameter><code value="path-resource"/><value value="input/vocabulary"/></parameter><parameter><code value="path-resource"/><value value="input/maps"/></parameter><parameter><code value="path-resource"/><value value="input/testing"/></parameter><parameter><code value="path-resource"/><value value="input/history"/></parameter><parameter><code value="path-resource"/><value value="fsh-generated/resources"/></parameter><parameter><code value="path-pages"/><value value="template/config"/></parameter><parameter><code value="path-pages"/><value value="input/images"/></parameter><parameter><code value="path-tx-cache"/><value value="input-cache/txcache"/></parameter></definition></ImplementationGuide>