{
  "resourceType": "Encounter",
  "id": "HAICA-TC-Hospitalization",
  "meta": {
    "profile": [
      "http://cbsig.chai.gatech.edu/StructureDefinition/cbs-hospitalization"
    ]
  },
  "status": "unknown",
  "class": {
    "code": "IMP",
    "system": "http://terminology.hl7.org/CodeSystem/v3-ActCode"
  },
  "subject": {
    "reference": "Patient/HAICA-TC-Patient",
    "display": "HAI-CA TC Example Patient"
  },
  "period": {
    "start": "2018-11-24"
  },
  "diagnosis": [
    {
      "condition": {
        "reference": "Condition/HAICA-TC-Condition",
        "display": "HAI-CA TC Condition of Interest"
      }
    }
  ]
}
