[
  {
    "id": "cbs-temp-code-system",
    "type": "CodeSystem",
    "url": "http://cbsig.chai.gatech.edu/output/CodeSystem/cbs-temp-code-system",
    "version": "0.1.0",
    "name": "CBSTemporary"
  },
  {
    "id": "gtri.fhir.cbs",
    "type": "ImplementationGuide",
    "url": "http://cbsig.chai.gatech.edu/output/ImplementationGuide/gtri.fhir.cbs",
    "version": "0.1.0",
    "name": "CBSIG"
  },
  {
    "id": "cbs-birthsex",
    "type": "StructureDefinition",
    "url": "http://cbsig.chai.gatech.edu/output/StructureDefinition/cbs-birthsex",
    "version": "0.1.0",
    "name": "CBSBirthSexExtension"
  },
  {
    "id": "cbs-case-class-status",
    "type": "StructureDefinition",
    "url": "http://cbsig.chai.gatech.edu/output/StructureDefinition/cbs-case-class-status",
    "version": "0.1.0",
    "name": "CBSCaseClassStatusExtension"
  },
  {
    "id": "cbs-composition",
    "type": "StructureDefinition",
    "url": "http://cbsig.chai.gatech.edu/output/StructureDefinition/cbs-composition",
    "version": "0.1.0",
    "name": "CaseBasedSurveillanceComposition"
  },
  {
    "id": "cbs-condition",
    "type": "StructureDefinition",
    "url": "http://cbsig.chai.gatech.edu/output/StructureDefinition/cbs-condition",
    "version": "0.1.0",
    "name": "CaseBasedSurveillanceCondition"
  },
  {
    "id": "cbs-diagnosis-date",
    "type": "StructureDefinition",
    "url": "http://cbsig.chai.gatech.edu/output/StructureDefinition/cbs-diagnosis-date",
    "version": "0.1.0",
    "name": "CBSDiagnosisDateExtension"
  },
  {
    "id": "cbs-died-of-condition",
    "type": "StructureDefinition",
    "url": "http://cbsig.chai.gatech.edu/output/StructureDefinition/cbs-died-of-condition",
    "version": "0.1.0",
    "name": "CBSDiedOfConditionExtension"
  },
  {
    "id": "cbs-ethnicity",
    "type": "StructureDefinition",
    "url": "http://cbsig.chai.gatech.edu/output/StructureDefinition/cbs-ethnicity",
    "version": "0.1.0",
    "name": "CBSEthnicityExtension"
  },
  {
    "id": "cbs-exposure-observation",
    "type": "StructureDefinition",
    "url": "http://cbsig.chai.gatech.edu/output/StructureDefinition/cbs-exposure-observation",
    "version": "0.1.0",
    "name": "CaseBasedSurveillanceExposureObservation"
  },
  {
    "id": "cbs-patient",
    "type": "StructureDefinition",
    "url": "http://cbsig.chai.gatech.edu/output/StructureDefinition/cbs-patient",
    "version": "0.1.0",
    "name": "CaseBasedSurveillancePatient"
  },
  {
    "id": "cbs-race",
    "type": "StructureDefinition",
    "url": "http://cbsig.chai.gatech.edu/output/StructureDefinition/cbs-race",
    "version": "0.1.0",
    "name": "CBSRaceExtension"
  },
  {
    "id": "CBSAddressUseVS",
    "type": "ValueSet",
    "url": "http://cbsig.chai.gatech.edu/output/ValueSet/CBSAddressUseVS",
    "version": "0.1.0",
    "name": "CBSAddressUseVS"
  }
]