[
  {
    "id": "cbs-temp-code-system",
    "type": "CodeSystem",
    "url": "http://example.org/CodeSystem/cbs-temp-code-system",
    "version": "0.1.0",
    "name": "CBSTemporary"
  },
  {
    "id": "gtri.fhir.cbs",
    "type": "ImplementationGuide",
    "url": "http://example.org/ImplementationGuide/gtri.fhir.cbs",
    "version": "0.1.0",
    "name": "CBSIG"
  },
  {
    "id": "cbs-birthsex",
    "type": "StructureDefinition",
    "url": "http://example.org/StructureDefinition/cbs-birthsex",
    "version": "0.1.0",
    "name": "CBSBirthSexExtension"
  },
  {
    "id": "cbs-condition",
    "type": "StructureDefinition",
    "url": "http://example.org/StructureDefinition/cbs-condition",
    "version": "0.1.0",
    "name": "CaseBasedSurveillanceCondition"
  },
  {
    "id": "cbs-exposure-observation",
    "type": "StructureDefinition",
    "url": "http://example.org/StructureDefinition/cbs-exposure-observation",
    "version": "0.1.0",
    "name": "CaseBasedSurveillanceExposureObservation"
  },
  {
    "id": "cbs-patient",
    "type": "StructureDefinition",
    "url": "http://example.org/StructureDefinition/cbs-patient",
    "version": "0.1.0",
    "name": "CaseBasedSurveillancePatient"
  },
  {
    "id": "cbs-race",
    "type": "StructureDefinition",
    "url": "http://example.org/StructureDefinition/cbs-race",
    "version": "0.1.0",
    "name": "CBSRaceExtension"
  },
  {
    "id": "CBSAddressUseVS",
    "type": "ValueSet",
    "url": "http://example.org/ValueSet/CBSAddressUseVS",
    "version": "0.1.0",
    "name": "CBSAddressUseVS"
  }
]