[
  {
    "id": "cbs-temp-code-system",
    "type": "CodeSystem",
    "url": "http://cbsig.chai.gatech.edu/CodeSystem/cbs-temp-code-system",
    "version": "0.1.0",
    "name": "CBSTemporary"
  },
  {
    "id": "gtri.fhir.cbs",
    "type": "ImplementationGuide",
    "url": "http://cbsig.chai.gatech.edu/ImplementationGuide/gtri.fhir.cbs",
    "version": "0.1.0",
    "name": "CBSIG"
  },
  {
    "id": "cbs-birthsex",
    "type": "StructureDefinition",
    "url": "http://cbsig.chai.gatech.edu/StructureDefinition/cbs-birthsex",
    "version": "0.1.0",
    "name": "CBSBirthSexExtension"
  },
  {
    "id": "cbs-case-class-status",
    "type": "StructureDefinition",
    "url": "http://cbsig.chai.gatech.edu/StructureDefinition/cbs-case-class-status",
    "version": "0.1.0",
    "name": "CBSCaseClassStatusExtension"
  },
  {
    "id": "cbs-case-notification-panel",
    "type": "StructureDefinition",
    "url": "http://cbsig.chai.gatech.edu/StructureDefinition/cbs-case-notification-panel",
    "version": "0.1.0",
    "name": "CaseBasedSurveillaneCaseNotificationPanel"
  },
  {
    "id": "cbs-composition",
    "type": "StructureDefinition",
    "url": "http://cbsig.chai.gatech.edu/StructureDefinition/cbs-composition",
    "version": "0.1.0",
    "name": "CaseBasedSurveillanceComposition"
  },
  {
    "id": "cbs-condition",
    "type": "StructureDefinition",
    "url": "http://cbsig.chai.gatech.edu/StructureDefinition/cbs-condition",
    "version": "0.1.0",
    "name": "CaseBasedSurveillanceCondition"
  },
  {
    "id": "cbs-diagnosis-date",
    "type": "StructureDefinition",
    "url": "http://cbsig.chai.gatech.edu/StructureDefinition/cbs-diagnosis-date",
    "version": "0.1.0",
    "name": "CBSDiagnosisDateExtension"
  },
  {
    "id": "cbs-died-of-condition",
    "type": "StructureDefinition",
    "url": "http://cbsig.chai.gatech.edu/StructureDefinition/cbs-died-of-condition",
    "version": "0.1.0",
    "name": "CBSDiedOfConditionExtension"
  },
  {
    "id": "cbs-ethnicity",
    "type": "StructureDefinition",
    "url": "http://cbsig.chai.gatech.edu/StructureDefinition/cbs-ethnicity",
    "version": "0.1.0",
    "name": "CBSEthnicityExtension"
  },
  {
    "id": "cbs-exposure-observation",
    "type": "StructureDefinition",
    "url": "http://cbsig.chai.gatech.edu/StructureDefinition/cbs-exposure-observation",
    "version": "0.1.0",
    "name": "CaseBasedSurveillanceExposureObservation"
  },
  {
    "id": "cbs-observation-lab",
    "type": "StructureDefinition",
    "url": "http://cbsig.chai.gatech.edu/StructureDefinition/cbs-observation-lab",
    "version": "0.1.0",
    "name": "CaseBasedSurveillanceObservationLab"
  },
  {
    "id": "cbs-patient",
    "type": "StructureDefinition",
    "url": "http://cbsig.chai.gatech.edu/StructureDefinition/cbs-patient",
    "version": "0.1.0",
    "name": "CaseBasedSurveillancePatient"
  },
  {
    "id": "cbs-performing-lab",
    "type": "StructureDefinition",
    "url": "http://cbsig.chai.gatech.edu/StructureDefinition/cbs-performing-lab",
    "version": "0.1.0",
    "name": "CaseBasedSurveillancePerformingLaboratory"
  },
  {
    "id": "cbs-race",
    "type": "StructureDefinition",
    "url": "http://cbsig.chai.gatech.edu/StructureDefinition/cbs-race",
    "version": "0.1.0",
    "name": "CBSRaceExtension"
  },
  {
    "id": "cbs-specimen",
    "type": "StructureDefinition",
    "url": "http://cbsig.chai.gatech.edu/StructureDefinition/cbs-specimen",
    "version": "0.1.0",
    "name": "CaseBasedSurveillanceSpecimen"
  },
  {
    "id": "CBSAddressUseVS",
    "type": "ValueSet",
    "url": "http://cbsig.chai.gatech.edu/ValueSet/CBSAddressUseVS",
    "version": "0.1.0",
    "name": "CBSAddressUseVS"
  }
]