<?xml version="1.0" encoding="UTF-8"?>

<Bundle xmlns="http://hl7.org/fhir">
  <id value="853619c7-2499-4e8d-9c3f-acc12f874bb3"/>
  <meta>
    <lastUpdated value="2021-06-29T17:58:24.932-04:00"/>
  </meta>
  <type value="collection"/>
  <entry>
    <fullUrl value="http://cbsig.chai.gatech.edu/output/ValueSet/CBSAddressUseVS"/>
    <resource>
      <ValueSet>
        <id value="CBSAddressUseVS"/>
        <text>
          <status value="generated"/>
          <div xmlns="http://www.w3.org/1999/xhtml">
            <p>This value set contains 2 concepts</p>
            <p style="border: black 1px dotted; background-color: #EEEEEE; padding: 8px; margin-bottom: 8px">Expansion based on 
              <a href="CodeSystem-cbs-temp-code-system.html">Case Based Surveillance temporary/placeholder code system. v0.1.0 (CodeSystem)</a>
            </p>
            <p>All codes from system 
              <a href="CodeSystem-cbs-temp-code-system.html">
                <code>http://cbsig.chai.gatech.edu/output/CodeSystem/cbs-temp-code-system</code>
              </a>
            </p>
            <table class="codes">
              <tr>
                <td style="white-space:nowrap">
                  <b>Code</b>
                </td>
                <td>
                  <b>Display</b>
                </td>
                <td>
                  <b>Definition</b>
                </td>
              </tr>
              <tr>
                <td style="white-space:nowrap">
                  <a name="http---cbsig.chai.gatech.edu-output-CodeSystem-cbs-temp-code-system-At-Diagnosis"> </a>
                  <a href="CodeSystem-cbs-temp-code-system.html#cbs-temp-code-system-At-Diagnosis">At-Diagnosis</a>
                </td>
                <td>Address at Diagnosis of Condition of Interest</td>
                <td/>
              </tr>
              <tr>
                <td style="white-space:nowrap">
                  <a name="http---cbsig.chai.gatech.edu-output-CodeSystem-cbs-temp-code-system-Usual-Residence"> </a>
                  <a href="CodeSystem-cbs-temp-code-system.html#cbs-temp-code-system-Usual-Residence">Usual-Residence</a>
                </td>
                <td>Address of Usual Residence</td>
                <td>Subject&#39;s location of usual residence. This is a broader location representation of the LOINC Code 77983-5 (https://loinc.org/77983-5/), &#39;Country of Usual Residence&#39;. The meaning of &#39;usual residence&#39; is defined as per surveillance programs.</td>
              </tr>
            </table>
          </div>
        </text>
        <url value="http://cbsig.chai.gatech.edu/output/ValueSet/CBSAddressUseVS"/>
        <version value="0.1.0"/>
        <name value="CBSAddressUseVS"/>
        <title value="Additional codes for Address.use."/>
        <status value="active"/>
        <date value="2021-06-29T17:58:24-04:00"/>
        <description value="Codes for Address.use which are used as slice discriminators to capture address history at relevant points in time to case surveillance."/>
        <expansion>
          <identifier value="urn:uuid:37fb19e7-3e15-4268-90ee-ea24d20ab890"/>
          <timestamp value="2021-06-29T17:58:59-04:00"/>
          <total value="2"/>
          <parameter>
            <name value="excludeNested"/>
            <valueBoolean value="false"/>
          </parameter>
          <parameter>
            <name value="version"/>
            <valueUri value="http://cbsig.chai.gatech.edu/output/CodeSystem/cbs-temp-code-system|0.1.0"/>
          </parameter>
          <contains>
            <system value="http://cbsig.chai.gatech.edu/output/CodeSystem/cbs-temp-code-system"/>
            <code value="At-Diagnosis"/>
            <display value="Address at Diagnosis of Condition of Interest"/>
          </contains>
          <contains>
            <system value="http://cbsig.chai.gatech.edu/output/CodeSystem/cbs-temp-code-system"/>
            <code value="Usual-Residence"/>
            <display value="Address of Usual Residence"/>
          </contains>
        </expansion>
      </ValueSet>
    </resource>
  </entry>
</Bundle>