{"resourceType":"ImplementationGuide","id":"gtri.fhir.cbs","text":{"status":"extensions","div":"<div xmlns=\"http://www.w3.org/1999/xhtml\"><h2>CBSIG</h2><p>The official URL for this implementation guide is: </p><pre>http://example.org/ImplementationGuide/gtri.fhir.cbs</pre></div>"},"url":"http://example.org/ImplementationGuide/gtri.fhir.cbs","version":"0.1.0","name":"CBSIG","status":"draft","date":"2021-06-17T17:34:44-04:00","packageId":"gtri.fhir.cbs","license":"CC0-1.0","fhirVersion":["4.0.1"],"definition":{"extension":[{"extension":[{"url":"code","valueString":"copyrightyear"},{"url":"value","valueString":"2021+"}],"url":"http://hl7.org/fhir/tools/StructureDefinition/ig-parameter"},{"extension":[{"url":"code","valueString":"releaselabel"},{"url":"value","valueString":"ci-build"}],"url":"http://hl7.org/fhir/tools/StructureDefinition/ig-parameter"},{"extension":[{"url":"code","valueString":"path-liquid"},{"url":"value","valueString":"template/liquid"}],"url":"http://hl7.org/fhir/tools/StructureDefinition/ig-parameter"},{"extension":[{"url":"code","valueString":"path-liquid"},{"url":"value","valueString":"input/liquid"}],"url":"http://hl7.org/fhir/tools/StructureDefinition/ig-parameter"},{"extension":[{"url":"code","valueString":"path-qa"},{"url":"value","valueString":"temp/qa"}],"url":"http://hl7.org/fhir/tools/StructureDefinition/ig-parameter"},{"extension":[{"url":"code","valueString":"path-temp"},{"url":"value","valueString":"temp/pages"}],"url":"http://hl7.org/fhir/tools/StructureDefinition/ig-parameter"},{"extension":[{"url":"code","valueString":"path-output"},{"url":"value","valueString":"output"}],"url":"http://hl7.org/fhir/tools/StructureDefinition/ig-parameter"},{"extension":[{"url":"code","valueString":"path-suppressed-warnings"},{"url":"value","valueString":"input/ignoreWarnings.txt"}],"url":"http://hl7.org/fhir/tools/StructureDefinition/ig-parameter"},{"extension":[{"url":"code","valueString":"path-history"},{"url":"value","valueString":"http://example.org/history.html"}],"url":"http://hl7.org/fhir/tools/StructureDefinition/ig-parameter"},{"extension":[{"url":"code","valueString":"template-html"},{"url":"value","valueString":"template-page.html"}],"url":"http://hl7.org/fhir/tools/StructureDefinition/ig-parameter"},{"extension":[{"url":"code","valueString":"template-md"},{"url":"value","valueString":"template-page-md.html"}],"url":"http://hl7.org/fhir/tools/StructureDefinition/ig-parameter"},{"extension":[{"url":"code","valueString":"apply-contact"},{"url":"value","valueString":"true"}],"url":"http://hl7.org/fhir/tools/StructureDefinition/ig-parameter"},{"extension":[{"url":"code","valueString":"apply-context"},{"url":"value","valueString":"true"}],"url":"http://hl7.org/fhir/tools/StructureDefinition/ig-parameter"},{"extension":[{"url":"code","valueString":"apply-copyright"},{"url":"value","valueString":"true"}],"url":"http://hl7.org/fhir/tools/StructureDefinition/ig-parameter"},{"extension":[{"url":"code","valueString":"apply-jurisdiction"},{"url":"value","valueString":"true"}],"url":"http://hl7.org/fhir/tools/StructureDefinition/ig-parameter"},{"extension":[{"url":"code","valueString":"apply-license"},{"url":"value","valueString":"true"}],"url":"http://hl7.org/fhir/tools/StructureDefinition/ig-parameter"},{"extension":[{"url":"code","valueString":"apply-publisher"},{"url":"value","valueString":"true"}],"url":"http://hl7.org/fhir/tools/StructureDefinition/ig-parameter"},{"extension":[{"url":"code","valueString":"apply-version"},{"url":"value","valueString":"true"}],"url":"http://hl7.org/fhir/tools/StructureDefinition/ig-parameter"},{"extension":[{"url":"code","valueString":"active-tables"},{"url":"value","valueString":"true"}],"url":"http://hl7.org/fhir/tools/StructureDefinition/ig-parameter"}],"grouping":[{"id":"-str-profile","name":"Structures: Resource Profiles","description":"These define constraints on FHIR resources for systems conforming to this implementation guide"},{"id":"-str-extension","name":"Structures: Extension Definitions","description":"These define constraints on FHIR data types for systems conforming to this implementation guide"},{"id":"-term-valueset","name":"Terminology: Value Sets","description":"These define sets of codes used by systems conforming to this implementation guide"},{"id":"-term-codesystem","name":"Terminology: Code Systems","description":"These define new code systems used by systems conforming to this implementation guide"}],"resource":[{"extension":[{"url":"http://hl7.org/fhir/StructureDefinition/implementationguide-page","valueUri":"StructureDefinition-cbs-patient.html"}],"reference":{"reference":"StructureDefinition/cbs-patient"},"name":"Case Based Surveillance Patient Profile","description":"Defines constraints and extensions to the patient resource in order to meet the needs of public health surveillance programs while providing as much alignment with US Core requirements as possible. Mapping between similar concepts implemented with different value sets (ie: race, ethnicity, or sex assigned at birth) may be required.","exampleBoolean":false,"groupingId":"-str-profile"},{"extension":[{"url":"http://hl7.org/fhir/StructureDefinition/implementationguide-page","valueUri":"StructureDefinition-cbs-condition.html"}],"reference":{"reference":"StructureDefinition/cbs-condition"},"name":"Case-Based Surveillance Condition Profile","description":"Profile definition for the case-based surveillance condition resource.","exampleBoolean":false,"groupingId":"-str-profile"},{"extension":[{"url":"http://hl7.org/fhir/StructureDefinition/implementationguide-page","valueUri":"StructureDefinition-cbs-exposure-observation.html"}],"reference":{"reference":"StructureDefinition/cbs-exposure-observation"},"name":"Case-Based Surveillance Exposure Observation Profile","description":"Profile definition for the case-based surveillance exposure observation resource.","exampleBoolean":false,"groupingId":"-str-profile"},{"extension":[{"url":"http://hl7.org/fhir/StructureDefinition/implementationguide-page","valueUri":"StructureDefinition-cbs-birthsex.html"}],"reference":{"reference":"StructureDefinition/cbs-birthsex"},"name":"Case Based Surveillance Birth Sex Extension","description":"A code classifying the person's sex assigned at birth.","exampleBoolean":false,"groupingId":"-str-extension"},{"extension":[{"url":"http://hl7.org/fhir/StructureDefinition/implementationguide-page","valueUri":"StructureDefinition-cbs-race.html"}],"reference":{"reference":"StructureDefinition/cbs-race"},"name":"Case Based Surveillance Race Extension","description":"Concepts classifying the person into a named category of humans sharing common history, traits, geographical origin or nationality.","exampleBoolean":false,"groupingId":"-str-extension"},{"extension":[{"url":"http://hl7.org/fhir/StructureDefinition/implementationguide-page","valueUri":"ValueSet-CBSAddressUseVS.html"}],"reference":{"reference":"ValueSet/CBSAddressUseVS"},"name":"Additional codes for Address.use.","description":"Codes for Address.use which are used as slice discriminators to capture address history at relevant points in time to case surveillance.","exampleBoolean":false,"groupingId":"-term-valueset"},{"extension":[{"url":"http://hl7.org/fhir/StructureDefinition/implementationguide-page","valueUri":"CodeSystem-cbs-temp-code-system.html"}],"reference":{"reference":"CodeSystem/cbs-temp-code-system"},"name":"Case Based Surveillance temporary/placeholder code system.","description":"Code system defined as placeholders for items that are not defined in existing systems.","exampleBoolean":false,"groupingId":"-term-codesystem"}],"page":{"nameUrl":"toc.html","title":"Table of Contents","generation":"html","page":[{"nameUrl":"index.html","title":"Home","generation":"markdown"},{"nameUrl":"artifacts.html","title":"Artifacts Summary","generation":"html","page":[{"nameUrl":"StructureDefinition-cbs-patient.html","title":"Case Based Surveillance Patient Profile","generation":"generated"},{"nameUrl":"StructureDefinition-cbs-condition.html","title":"Case-Based Surveillance Condition Profile","generation":"generated"},{"nameUrl":"StructureDefinition-cbs-exposure-observation.html","title":"Case-Based Surveillance Exposure Observation Profile","generation":"generated"},{"nameUrl":"StructureDefinition-cbs-birthsex.html","title":"Case Based Surveillance Birth Sex Extension","generation":"generated"},{"nameUrl":"StructureDefinition-cbs-race.html","title":"Case Based Surveillance Race Extension","generation":"generated"},{"nameUrl":"ValueSet-CBSAddressUseVS.html","title":"Additional codes for Address.use.","generation":"generated"},{"nameUrl":"CodeSystem-cbs-temp-code-system.html","title":"Case Based Surveillance temporary/placeholder code system.","generation":"generated"}]}]},"parameter":[{"code":"path-resource","value":"input/capabilities"},{"code":"path-resource","value":"input/examples"},{"code":"path-resource","value":"input/extensions"},{"code":"path-resource","value":"input/models"},{"code":"path-resource","value":"input/operations"},{"code":"path-resource","value":"input/profiles"},{"code":"path-resource","value":"input/resources"},{"code":"path-resource","value":"input/vocabulary"},{"code":"path-resource","value":"input/maps"},{"code":"path-resource","value":"input/testing"},{"code":"path-resource","value":"input/history"},{"code":"path-resource","value":"fsh-generated/resources"},{"code":"path-pages","value":"template/config"},{"code":"path-pages","value":"input/images"},{"code":"path-tx-cache","value":"input-cache/txcache"}]}}