<?xml version="1.0" encoding="UTF-8"?><ImplementationGuide xmlns="http://hl7.org/fhir"><id value="gtri.fhir.cbs"/><text><status value="extensions"/><div xmlns="http://www.w3.org/1999/xhtml"><h2>CBSIG</h2><p>The official URL for this implementation guide is: </p><pre>http://cbsig.chai.gatech.edu/ImplementationGuide/gtri.fhir.cbs</pre><div><p>An IG that is used to support case based surveillance messaging for the public health domain</p>
</div></div></text><url value="http://cbsig.chai.gatech.edu/ImplementationGuide/gtri.fhir.cbs"/><version value="0.1.0"/><name value="CBSIG"/><title value="Case Based Surveillance Implementation Guide"/><status value="draft"/><date value="2021-08-09T11:10:25-04:00"/><publisher value="Georgia Tech Research Institute (GTRI)"/><contact><name value="Georgia Tech Research Institute (GTRI)"/><telecom><system value="url"/><value value="http://gtri.gatech.edu/"/></telecom></contact><description value="An IG that is used to support case based surveillance messaging for the public health domain"/><packageId value="gtri.fhir.cbs"/><license value="CC0-1.0"/><fhirVersion value="4.0.1"/><dependsOn id="us_cdc_phinvads"><uri value="http://fhir.org/packages/us.cdc.phinvads"/><packageId value="us.cdc.phinvads"/><version value="0.7.0"/></dependsOn><dependsOn id="hl7_fhir_us_core"><uri value="http://hl7.org/fhir/us/core/ImplementationGuide/hl7.fhir.us.core"/><packageId value="hl7.fhir.us.core"/><version value="4.0.0"/></dependsOn><dependsOn id="hl7_fhir_us_ecr"><uri value="http://hl7.org/fhir/us/ecr/ImplementationGuide/hl7.fhir.us.ecr"/><packageId value="hl7.fhir.us.ecr"/><version value="1.0.0"/></dependsOn><definition><extension url="http://hl7.org/fhir/tools/StructureDefinition/ig-parameter"><extension url="code"><valueString value="copyrightyear"/></extension><extension url="value"><valueString value="2021+"/></extension></extension><extension url="http://hl7.org/fhir/tools/StructureDefinition/ig-parameter"><extension url="code"><valueString value="releaselabel"/></extension><extension url="value"><valueString value="ci-build"/></extension></extension><extension url="http://hl7.org/fhir/tools/StructureDefinition/ig-parameter"><extension url="code"><valueString value="path-liquid"/></extension><extension url="value"><valueString value="template/liquid"/></extension></extension><extension url="http://hl7.org/fhir/tools/StructureDefinition/ig-parameter"><extension url="code"><valueString value="path-liquid"/></extension><extension url="value"><valueString value="input/liquid"/></extension></extension><extension url="http://hl7.org/fhir/tools/StructureDefinition/ig-parameter"><extension url="code"><valueString value="path-qa"/></extension><extension url="value"><valueString value="temp/qa"/></extension></extension><extension url="http://hl7.org/fhir/tools/StructureDefinition/ig-parameter"><extension url="code"><valueString value="path-temp"/></extension><extension url="value"><valueString value="temp/pages"/></extension></extension><extension url="http://hl7.org/fhir/tools/StructureDefinition/ig-parameter"><extension url="code"><valueString value="path-output"/></extension><extension url="value"><valueString value="output"/></extension></extension><extension url="http://hl7.org/fhir/tools/StructureDefinition/ig-parameter"><extension url="code"><valueString value="path-suppressed-warnings"/></extension><extension url="value"><valueString value="input/ignoreWarnings.txt"/></extension></extension><extension url="http://hl7.org/fhir/tools/StructureDefinition/ig-parameter"><extension url="code"><valueString value="path-history"/></extension><extension url="value"><valueString value="http://cbsig.chai.gatech.edu/history.html"/></extension></extension><extension url="http://hl7.org/fhir/tools/StructureDefinition/ig-parameter"><extension url="code"><valueString value="template-html"/></extension><extension url="value"><valueString value="template-page.html"/></extension></extension><extension url="http://hl7.org/fhir/tools/StructureDefinition/ig-parameter"><extension url="code"><valueString value="template-md"/></extension><extension url="value"><valueString value="template-page-md.html"/></extension></extension><extension url="http://hl7.org/fhir/tools/StructureDefinition/ig-parameter"><extension url="code"><valueString value="apply-contact"/></extension><extension url="value"><valueString value="true"/></extension></extension><extension url="http://hl7.org/fhir/tools/StructureDefinition/ig-parameter"><extension url="code"><valueString value="apply-context"/></extension><extension url="value"><valueString value="true"/></extension></extension><extension url="http://hl7.org/fhir/tools/StructureDefinition/ig-parameter"><extension url="code"><valueString value="apply-copyright"/></extension><extension url="value"><valueString value="true"/></extension></extension><extension url="http://hl7.org/fhir/tools/StructureDefinition/ig-parameter"><extension url="code"><valueString value="apply-jurisdiction"/></extension><extension url="value"><valueString value="true"/></extension></extension><extension url="http://hl7.org/fhir/tools/StructureDefinition/ig-parameter"><extension url="code"><valueString value="apply-license"/></extension><extension url="value"><valueString value="true"/></extension></extension><extension url="http://hl7.org/fhir/tools/StructureDefinition/ig-parameter"><extension url="code"><valueString value="apply-publisher"/></extension><extension url="value"><valueString value="true"/></extension></extension><extension url="http://hl7.org/fhir/tools/StructureDefinition/ig-parameter"><extension url="code"><valueString value="apply-version"/></extension><extension url="value"><valueString value="true"/></extension></extension><extension url="http://hl7.org/fhir/tools/StructureDefinition/ig-parameter"><extension url="code"><valueString value="active-tables"/></extension><extension url="value"><valueString value="true"/></extension></extension><grouping id="-str-profile"><name value="Structures: Resource Profiles"/><description value="These define constraints on FHIR resources for systems conforming to this implementation guide"/></grouping><grouping id="-str-extension"><name value="Structures: Extension Definitions"/><description value="These define constraints on FHIR data types for systems conforming to this implementation guide"/></grouping><grouping id="-term-valueset"><name value="Terminology: Value Sets"/><description value="These define sets of codes used by systems conforming to this implementation guide"/></grouping><grouping id="-term-codesystem"><name value="Terminology: Code Systems"/><description value="These define new code systems used by systems conforming to this implementation guide"/></grouping><grouping id="-ex-example"><name value="Example: Example Instances"/><description value="These are example instances that show what data produced and consumed by systems conforming with this implementation guide might look like"/></grouping><resource><extension url="http://hl7.org/fhir/StructureDefinition/implementationguide-page"><valueUri value="StructureDefinition-cbs-epi-questionnaire-panel.html"/></extension><reference><reference value="StructureDefinition/cbs-epi-questionnaire-panel"/></reference><name value="Case Based Surveillance Epi Questionnaire Panel"/><description value="Defines constraints on Observation to represent structured resources for the collection and organization of epidemiological questions."/><exampleBoolean value="false"/><groupingId value="-str-profile"/></resource><resource><extension url="http://hl7.org/fhir/StructureDefinition/implementationguide-page"><valueUri value="StructureDefinition-cbs-cnp-member.html"/></extension><reference><reference value="StructureDefinition/cbs-cnp-member"/></reference><name value="Case Based Surveillance Case Notification Panel Member"/><description value="Defines constraints on the CBS Case Notification Panel Profile for defining the member resources of the case notification panel in public health surveillance programs."/><exampleBoolean value="false"/><groupingId value="-str-profile"/></resource><resource><extension url="http://hl7.org/fhir/StructureDefinition/implementationguide-page"><valueUri value="StructureDefinition-cbs-cause-of-death.html"/></extension><reference><reference value="StructureDefinition/cbs-cause-of-death"/></reference><name value="Case Based Surveillance Cause of Death Profile"/><description value="Defines constraints on on the Observation resource for supporting public health reporting workflows involving the cause of death of the subject."/><exampleBoolean value="false"/><groupingId value="-str-profile"/></resource><resource><extension url="http://hl7.org/fhir/StructureDefinition/implementationguide-page"><valueUri value="StructureDefinition-cbs-co-condition.html"/></extension><reference><reference value="StructureDefinition/cbs-co-condition"/></reference><name value="Case Based Surveillance Co-Condition Profile"/><description value="Defines constraints on on the Condition resource for any additional conditions beyond the condition of interest for surveillance. The requirements for these conditions are less strict structurally, and warrant a simpler profile."/><exampleBoolean value="false"/><groupingId value="-str-profile"/></resource><resource><extension url="http://hl7.org/fhir/StructureDefinition/implementationguide-page"><valueUri value="StructureDefinition-cbs-composition.html"/></extension><reference><reference value="StructureDefinition/cbs-composition"/></reference><name value="Case Based Surveillance Composition Profile"/><description value="Defines constraints to the Composition resource in order to meet the needs of public health surveillance programs."/><exampleBoolean value="false"/><groupingId value="-str-profile"/></resource><resource><extension url="http://hl7.org/fhir/StructureDefinition/implementationguide-page"><valueUri value="StructureDefinition-cbs-condition.html"/></extension><reference><reference value="StructureDefinition/cbs-condition"/></reference><name value="Case Based Surveillance Condition of Interest Profile"/><description value="Defines constraints and extensions to the Condition resource in order to meet the needs of public health surveillance programs while providing as much alignment with US Core requirements as possible."/><exampleBoolean value="false"/><groupingId value="-str-profile"/></resource><resource><extension url="http://hl7.org/fhir/StructureDefinition/implementationguide-page"><valueUri value="StructureDefinition-cbs-exposure-observation.html"/></extension><reference><reference value="StructureDefinition/cbs-exposure-observation"/></reference><name value="Case Based Surveillance Exposure Observation Profile"/><description value="Defines constraints to the CBS Case Notification Panel Member profile to represent the exposure observations of the case notification panel."/><exampleBoolean value="false"/><groupingId value="-str-profile"/></resource><resource><extension url="http://hl7.org/fhir/StructureDefinition/implementationguide-page"><valueUri value="StructureDefinition-cbs-hospitalization.html"/></extension><reference><reference value="StructureDefinition/cbs-hospitalization"/></reference><name value="Case Based Surveillance Hospitalization Encounter Profile"/><description value="Defines constraints on Encounter to represent hospitalization due to a condition of interest in public health surveillance programs."/><exampleBoolean value="false"/><groupingId value="-str-profile"/></resource><resource><extension url="http://hl7.org/fhir/StructureDefinition/implementationguide-page"><valueUri value="StructureDefinition-cbs-mmwr.html"/></extension><reference><reference value="StructureDefinition/cbs-mmwr"/></reference><name value="Case Based Surveillance Morbidity and Mortality Weekly Report (MMWR) Elements"/><description value="Defines constraints on CBS Case Notification Panel to represent the MMWR elements of the case notification panel in public health surveillance programs."/><exampleBoolean value="false"/><groupingId value="-str-profile"/></resource><resource><extension url="http://hl7.org/fhir/StructureDefinition/implementationguide-page"><valueUri value="StructureDefinition-cbs-observation-lab.html"/></extension><reference><reference value="StructureDefinition/cbs-observation-lab"/></reference><name value="Case Based Surveillance Observation Lab"/><description value="NOT FINAL GOING TO CHANGE"/><exampleBoolean value="false"/><groupingId value="-str-profile"/></resource><resource><extension url="http://hl7.org/fhir/StructureDefinition/implementationguide-page"><valueUri value="StructureDefinition-cbs-patient.html"/></extension><reference><reference value="StructureDefinition/cbs-patient"/></reference><name value="Case Based Surveillance Patient Profile"/><description value="Defines constraints and extensions to the patient resource in order to meet the needs of public health surveillance programs while providing as much alignment with US Core requirements as possible. Mapping between similar concepts implemented with different value sets (ie: race, ethnicity, or sex assigned at birth) may be required."/><exampleBoolean value="false"/><groupingId value="-str-profile"/></resource><resource><extension url="http://hl7.org/fhir/StructureDefinition/implementationguide-page"><valueUri value="StructureDefinition-cbs-performing-lab.html"/></extension><reference><reference value="StructureDefinition/cbs-performing-lab"/></reference><name value="Case Based Surveillance Performing Laboratory Profile"/><description value="NOT FINAL GOING TO CHANGE"/><exampleBoolean value="false"/><groupingId value="-str-profile"/></resource><resource><extension url="http://hl7.org/fhir/StructureDefinition/implementationguide-page"><valueUri value="StructureDefinition-cbs-person-reporting-to-cdc.html"/></extension><reference><reference value="StructureDefinition/cbs-person-reporting-to-cdc"/></reference><name value="Case Based Surveillance Person Reporting To CDC Profile"/><description value="Defines constraints on on the Practitioner resource for supporting public health reporting workflows involving the person reporting to the CDC."/><exampleBoolean value="false"/><groupingId value="-str-profile"/></resource><resource><extension url="http://hl7.org/fhir/StructureDefinition/implementationguide-page"><valueUri value="StructureDefinition-cbs-reporting-source-organization.html"/></extension><reference><reference value="StructureDefinition/cbs-reporting-source-organization"/></reference><name value="Case Based Surveillance Reporting Source Organization Profile"/><description value="Defines constraints to the Organization resource in order to meet the needs of public health surveillance programs regarding the reporting source."/><exampleBoolean value="false"/><groupingId value="-str-profile"/></resource><resource><extension url="http://hl7.org/fhir/StructureDefinition/implementationguide-page"><valueUri value="StructureDefinition-cbs-specimen.html"/></extension><reference><reference value="StructureDefinition/cbs-specimen"/></reference><name value="Case Based Surveillance Specimen Profile"/><description value="Defines constraints on the Specimen resource in order to meet the needs of public health surveillance programs."/><exampleBoolean value="false"/><groupingId value="-str-profile"/></resource><resource><extension url="http://hl7.org/fhir/StructureDefinition/implementationguide-page"><valueUri value="StructureDefinition-cbs-case-notification-panel.html"/></extension><reference><reference value="StructureDefinition/cbs-case-notification-panel"/></reference><name value="Case Based Surveillance Case Notification Panel Profile"/><description value="Defines constraints on Observation to represent the case notification panel in public health surveillance programs."/><exampleBoolean value="false"/><groupingId value="-str-profile"/></resource><resource><extension url="http://hl7.org/fhir/StructureDefinition/implementationguide-page"><valueUri value="StructureDefinition-cbs-birthsex.html"/></extension><reference><reference value="StructureDefinition/cbs-birthsex"/></reference><name value="Case Based Surveillance Sex Assigned at Birth Extension"/><description value="A code classifying the person&#39;s sex assigned at birth."/><exampleBoolean value="false"/><groupingId value="-str-extension"/></resource><resource><extension url="http://hl7.org/fhir/StructureDefinition/implementationguide-page"><valueUri value="StructureDefinition-cbs-case-class-status.html"/></extension><reference><reference value="StructureDefinition/cbs-case-class-status"/></reference><name value="Case Based Surveillance Case Class Status"/><description value="A code denoting the status of the case/event as suspect, probable, confirmed, or not a case per CSTE/CDC/surveillance case definitions."/><exampleBoolean value="false"/><groupingId value="-str-extension"/></resource><resource><extension url="http://hl7.org/fhir/StructureDefinition/implementationguide-page"><valueUri value="StructureDefinition-cbs-diagnosis-date.html"/></extension><reference><reference value="StructureDefinition/cbs-diagnosis-date"/></reference><name value="Case Based Surveillance Diagnosis Date Extension"/><description value="A dateTime indicating when the condition of interest was diagnosed."/><exampleBoolean value="false"/><groupingId value="-str-extension"/></resource><resource><extension url="http://hl7.org/fhir/StructureDefinition/implementationguide-page"><valueUri value="StructureDefinition-cbs-ethnicity.html"/></extension><reference><reference value="StructureDefinition/cbs-ethnicity"/></reference><name value="Case Based Surveillance Ethnicity Extension"/><description value="Concepts classifying the person into a named category of humans sharing common history, traits, geographical origin or nationality.  The ethnicity codes used to represent these concepts are based upon the [CDC ethnicity and Ethnicity Code Set Version 1.0](http://www.cdc.gov/phin/resources/vocabulary/index.html) which includes over 900 concepts for representing race and ethnicity of which 43 reference ethnicity.  The ethnicity concepts are grouped by and pre-mapped to the 2 OMB ethnicity categories: - Hispanic or Latino - Not Hispanic or Latino. This extension is based on the equivalent US Core extension though utilizes the public health focused PHIN Value Set and limiting data based on established standards in public health case based surveillance messaging."/><exampleBoolean value="false"/><groupingId value="-str-extension"/></resource><resource><extension url="http://hl7.org/fhir/StructureDefinition/implementationguide-page"><valueUri value="StructureDefinition-cbs-race.html"/></extension><reference><reference value="StructureDefinition/cbs-race"/></reference><name value="Case Based Surveillance Race Extension"/><description value="Concepts classifying the person into a named category of humans sharing common history, traits, geographical origin or nationality."/><exampleBoolean value="false"/><groupingId value="-str-extension"/></resource><resource><extension url="http://hl7.org/fhir/StructureDefinition/implementationguide-page"><valueUri value="StructureDefinition-cbs-specimen-role.html"/></extension><reference><reference value="StructureDefinition/cbs-specimen-role"/></reference><name value="Case Based Surveillance Specimen Role Extension"/><description value="Indicates the role of the sample."/><exampleBoolean value="false"/><groupingId value="-str-extension"/></resource><resource><extension url="http://hl7.org/fhir/StructureDefinition/implementationguide-page"><valueUri value="StructureDefinition-cbs-illness-duration.html"/></extension><reference><reference value="StructureDefinition/cbs-illness-duration"/></reference><name value="Case Based Surveillance Illness Duration"/><description value="Illness duration to obscure PHII in place of absokute dates."/><exampleBoolean value="false"/><groupingId value="-str-extension"/></resource><resource><extension url="http://hl7.org/fhir/StructureDefinition/implementationguide-page"><valueUri value="StructureDefinition-cbs-related-case.html"/></extension><reference><reference value="StructureDefinition/cbs-related-case"/></reference><name value="Case Based Surveillance Related Case Extension"/><description value="A list of strings with relevant case numbers and a type element that specifies the nature of the relation."/><exampleBoolean value="false"/><groupingId value="-str-extension"/></resource><resource><extension url="http://hl7.org/fhir/StructureDefinition/implementationguide-page"><valueUri value="ValueSet-CBSAddressUseVS.html"/></extension><reference><reference value="ValueSet/CBSAddressUseVS"/></reference><name value="Additional codes for Address.use."/><description value="Codes for Address.use which are used as slice discriminators to capture address history at relevant points in time to case surveillance."/><exampleBoolean value="false"/><groupingId value="-term-valueset"/></resource><resource><extension url="http://hl7.org/fhir/StructureDefinition/implementationguide-page"><valueUri value="ValueSet-CBSCaseNotificationPanelVS.html"/></extension><reference><reference value="ValueSet/CBSCaseNotificationPanelVS"/></reference><name value="CBS Case Notification Panel Value Set"/><description value="Codes found in the case notification panel that are otherwise not captured in other CBS profiles."/><exampleBoolean value="false"/><groupingId value="-term-valueset"/></resource><resource><extension url="http://hl7.org/fhir/StructureDefinition/implementationguide-page"><valueUri value="ValueSet-CBSRelatedCaseTypeVS.html"/></extension><reference><reference value="ValueSet/CBSRelatedCaseTypeVS"/></reference><name value="CBS Related Case Type Value Set"/><description value="Codes found in the case notification panel that are otherwise not captured in other CBS profiles."/><exampleBoolean value="false"/><groupingId value="-term-valueset"/></resource><resource><extension url="http://hl7.org/fhir/StructureDefinition/implementationguide-page"><valueUri value="ValueSet-CBSSTDSexualHistoryDrugUseQuestionnaireVS.html"/></extension><reference><reference value="ValueSet/CBSSTDSexualHistoryDrugUseQuestionnaireVS"/></reference><name value="STD Sexual History and Drug Use Questionnaire Panel"/><description value="This is an example valueset for how to setup coding for an Epi Questionnaire Panel using a selection of codes from the STD MMG."/><exampleBoolean value="false"/><groupingId value="-term-valueset"/></resource><resource><extension url="http://hl7.org/fhir/StructureDefinition/implementationguide-page"><valueUri value="CodeSystem-cbs-temp-code-system.html"/></extension><reference><reference value="CodeSystem/cbs-temp-code-system"/></reference><name value="Case Based Surveillance temporary/placeholder code system."/><description value="Code system defined as placeholders for items that are not defined in existing systems."/><exampleBoolean value="false"/><groupingId value="-term-codesystem"/></resource><resource><extension url="http://hl7.org/fhir/StructureDefinition/implementationguide-page"><valueUri value="Condition-Co-Condition-Example.html"/></extension><reference><reference value="Condition/Co-Condition-Example"/></reference><name value="Co-Condition-Example"/><description value="An example resource that is conformant to the Case Based Surveillance Co-Condition profile."/><exampleCanonical value="http://cbsig.chai.gatech.edu/StructureDefinition/cbs-co-condition"/><groupingId value="-ex-example"/></resource><resource><extension url="http://hl7.org/fhir/StructureDefinition/implementationguide-page"><valueUri value="Observation-GenV2-TC-CNP.html"/></extension><reference><reference value="Observation/GenV2-TC-CNP"/></reference><name value="GenV2-TC-CNP"/><description value="Case notification panel resource for the GenV2 Test Case 1 Patient"/><exampleCanonical value="http://cbsig.chai.gatech.edu/StructureDefinition/cbs-case-notification-panel"/><groupingId value="-ex-example"/></resource><resource><extension url="http://hl7.org/fhir/StructureDefinition/implementationguide-page"><valueUri value="Observation-GenV2-TC-CNP-Member1.html"/></extension><reference><reference value="Observation/GenV2-TC-CNP-Member1"/></reference><name value="GenV2-TC-CNP-Member1"/><description value="Case notification panel member resource for the GenV2 Test Case 1 Patient"/><exampleCanonical value="http://cbsig.chai.gatech.edu/StructureDefinition/cbs-cnp-member"/><groupingId value="-ex-example"/></resource><resource><extension url="http://hl7.org/fhir/StructureDefinition/implementationguide-page"><valueUri value="Observation-GenV2-TC-CNP-Member10.html"/></extension><reference><reference value="Observation/GenV2-TC-CNP-Member10"/></reference><name value="GenV2-TC-CNP-Member10"/><description value="Case notification panel member resource for the GenV2 Test Case 1 Patient"/><exampleCanonical value="http://cbsig.chai.gatech.edu/StructureDefinition/cbs-cnp-member"/><groupingId value="-ex-example"/></resource><resource><extension url="http://hl7.org/fhir/StructureDefinition/implementationguide-page"><valueUri value="Observation-GenV2-TC-CNP-Member11.html"/></extension><reference><reference value="Observation/GenV2-TC-CNP-Member11"/></reference><name value="GenV2-TC-CNP-Member11"/><description value="Case notification panel member resource for the GenV2 Test Case 1 Patient"/><exampleCanonical value="http://cbsig.chai.gatech.edu/StructureDefinition/cbs-cnp-member"/><groupingId value="-ex-example"/></resource><resource><extension url="http://hl7.org/fhir/StructureDefinition/implementationguide-page"><valueUri value="Observation-GenV2-TC-CNP-Member12.html"/></extension><reference><reference value="Observation/GenV2-TC-CNP-Member12"/></reference><name value="GenV2-TC-CNP-Member12"/><description value="Case notification panel member resource for the GenV2 Test Case 1 Patient"/><exampleCanonical value="http://cbsig.chai.gatech.edu/StructureDefinition/cbs-cnp-member"/><groupingId value="-ex-example"/></resource><resource><extension url="http://hl7.org/fhir/StructureDefinition/implementationguide-page"><valueUri value="Observation-GenV2-TC-CNP-Member13.html"/></extension><reference><reference value="Observation/GenV2-TC-CNP-Member13"/></reference><name value="GenV2-TC-CNP-Member13"/><description value="Case notification panel member resource for the GenV2 Test Case 1 Patient"/><exampleCanonical value="http://cbsig.chai.gatech.edu/StructureDefinition/cbs-cnp-member"/><groupingId value="-ex-example"/></resource><resource><extension url="http://hl7.org/fhir/StructureDefinition/implementationguide-page"><valueUri value="Observation-GenV2-TC-CNP-Member14.html"/></extension><reference><reference value="Observation/GenV2-TC-CNP-Member14"/></reference><name value="GenV2-TC-CNP-Member14"/><description value="Case notification panel member resource for the GenV2 Test Case 1 Patient"/><exampleCanonical value="http://cbsig.chai.gatech.edu/StructureDefinition/cbs-cnp-member"/><groupingId value="-ex-example"/></resource><resource><extension url="http://hl7.org/fhir/StructureDefinition/implementationguide-page"><valueUri value="Observation-GenV2-TC-CNP-Member15.html"/></extension><reference><reference value="Observation/GenV2-TC-CNP-Member15"/></reference><name value="GenV2-TC-CNP-Member15"/><description value="Case notification panel member resource for the GenV2 Test Case 1 Patient"/><exampleCanonical value="http://cbsig.chai.gatech.edu/StructureDefinition/cbs-cnp-member"/><groupingId value="-ex-example"/></resource><resource><extension url="http://hl7.org/fhir/StructureDefinition/implementationguide-page"><valueUri value="Observation-GenV2-TC-CNP-Member2.html"/></extension><reference><reference value="Observation/GenV2-TC-CNP-Member2"/></reference><name value="GenV2-TC-CNP-Member2"/><description value="Case notification panel member resource for the GenV2 Test Case 1 Patient"/><exampleCanonical value="http://cbsig.chai.gatech.edu/StructureDefinition/cbs-cnp-member"/><groupingId value="-ex-example"/></resource><resource><extension url="http://hl7.org/fhir/StructureDefinition/implementationguide-page"><valueUri value="Observation-GenV2-TC-CNP-Member3.html"/></extension><reference><reference value="Observation/GenV2-TC-CNP-Member3"/></reference><name value="GenV2-TC-CNP-Member3"/><description value="Case notification panel member resource for the GenV2 Test Case 1 Patient"/><exampleCanonical value="http://cbsig.chai.gatech.edu/StructureDefinition/cbs-cnp-member"/><groupingId value="-ex-example"/></resource><resource><extension url="http://hl7.org/fhir/StructureDefinition/implementationguide-page"><valueUri value="Observation-GenV2-TC-CNP-Member4.html"/></extension><reference><reference value="Observation/GenV2-TC-CNP-Member4"/></reference><name value="GenV2-TC-CNP-Member4"/><description value="Case notification panel member resource for the GenV2 Test Case 1 Patient"/><exampleCanonical value="http://cbsig.chai.gatech.edu/StructureDefinition/cbs-cnp-member"/><groupingId value="-ex-example"/></resource><resource><extension url="http://hl7.org/fhir/StructureDefinition/implementationguide-page"><valueUri value="Observation-GenV2-TC-CNP-Member5.html"/></extension><reference><reference value="Observation/GenV2-TC-CNP-Member5"/></reference><name value="GenV2-TC-CNP-Member5"/><description value="Case notification panel member resource for the GenV2 Test Case 1 Patient"/><exampleCanonical value="http://cbsig.chai.gatech.edu/StructureDefinition/cbs-cnp-member"/><groupingId value="-ex-example"/></resource><resource><extension url="http://hl7.org/fhir/StructureDefinition/implementationguide-page"><valueUri value="Observation-GenV2-TC-CNP-Member6.html"/></extension><reference><reference value="Observation/GenV2-TC-CNP-Member6"/></reference><name value="GenV2-TC-CNP-Member6"/><description value="Case notification panel member resource for the GenV2 Test Case 1 Patient"/><exampleCanonical value="http://cbsig.chai.gatech.edu/StructureDefinition/cbs-cnp-member"/><groupingId value="-ex-example"/></resource><resource><extension url="http://hl7.org/fhir/StructureDefinition/implementationguide-page"><valueUri value="Observation-GenV2-TC-CNP-Member7.html"/></extension><reference><reference value="Observation/GenV2-TC-CNP-Member7"/></reference><name value="GenV2-TC-CNP-Member7"/><description value="Case notification panel member resource for the GenV2 Test Case 1 Patient"/><exampleCanonical value="http://cbsig.chai.gatech.edu/StructureDefinition/cbs-cnp-member"/><groupingId value="-ex-example"/></resource><resource><extension url="http://hl7.org/fhir/StructureDefinition/implementationguide-page"><valueUri value="Observation-GenV2-TC-CNP-Member8.html"/></extension><reference><reference value="Observation/GenV2-TC-CNP-Member8"/></reference><name value="GenV2-TC-CNP-Member8"/><description value="Case notification panel member resource for the GenV2 Test Case 1 Patient"/><exampleCanonical value="http://cbsig.chai.gatech.edu/StructureDefinition/cbs-cnp-member"/><groupingId value="-ex-example"/></resource><resource><extension url="http://hl7.org/fhir/StructureDefinition/implementationguide-page"><valueUri value="Observation-GenV2-TC-CNP-Member9.html"/></extension><reference><reference value="Observation/GenV2-TC-CNP-Member9"/></reference><name value="GenV2-TC-CNP-Member9"/><description value="Case notification panel member resource for the GenV2 Test Case 1 Patient"/><exampleCanonical value="http://cbsig.chai.gatech.edu/StructureDefinition/cbs-cnp-member"/><groupingId value="-ex-example"/></resource><resource><extension url="http://hl7.org/fhir/StructureDefinition/implementationguide-page"><valueUri value="Observation-GenV2-TC-CauseOfDeath.html"/></extension><reference><reference value="Observation/GenV2-TC-CauseOfDeath"/></reference><name value="GenV2-TC-CauseOfDeath"/><description value="Cause of death resource for the GenV2 Test Case 1 Patient"/><exampleCanonical value="http://cbsig.chai.gatech.edu/StructureDefinition/cbs-cause-of-death"/><groupingId value="-ex-example"/></resource><resource><extension url="http://hl7.org/fhir/StructureDefinition/implementationguide-page"><valueUri value="Condition-GenV2-TC-Condition.html"/></extension><reference><reference value="Condition/GenV2-TC-Condition"/></reference><name value="GenV2-TC-Condition"/><description value="Condition of interest resource for the GenV2 Test Case 1 Patient"/><exampleCanonical value="http://cbsig.chai.gatech.edu/StructureDefinition/cbs-condition"/><groupingId value="-ex-example"/></resource><resource><extension url="http://hl7.org/fhir/StructureDefinition/implementationguide-page"><valueUri value="Observation-GenV2-TC-Exposure.html"/></extension><reference><reference value="Observation/GenV2-TC-Exposure"/></reference><name value="GenV2-TC-Exposure"/><description value="Exposure observation resource for the GenV2 Test Case 1 Patient"/><exampleCanonical value="http://cbsig.chai.gatech.edu/StructureDefinition/cbs-exposure-observation"/><groupingId value="-ex-example"/></resource><resource><extension url="http://hl7.org/fhir/StructureDefinition/implementationguide-page"><valueUri value="Encounter-GenV2-TC-Hospitalization.html"/></extension><reference><reference value="Encounter/GenV2-TC-Hospitalization"/></reference><name value="GenV2-TC-Hospitalization"/><description value="CBS Hospitalization resource for the GenV2 Test Case 1 Patient"/><exampleCanonical value="http://cbsig.chai.gatech.edu/StructureDefinition/cbs-hospitalization"/><groupingId value="-ex-example"/></resource><resource><extension url="http://hl7.org/fhir/StructureDefinition/implementationguide-page"><valueUri value="Observation-GenV2-TC-MMWR.html"/></extension><reference><reference value="Observation/GenV2-TC-MMWR"/></reference><name value="GenV2-TC-MMWR"/><description value="MMWR resource for the GenV2 Test Case 1 Patient"/><exampleCanonical value="http://cbsig.chai.gatech.edu/StructureDefinition/cbs-mmwr"/><groupingId value="-ex-example"/></resource><resource><extension url="http://hl7.org/fhir/StructureDefinition/implementationguide-page"><valueUri value="Patient-GenV2-TC-Patient.html"/></extension><reference><reference value="Patient/GenV2-TC-Patient"/></reference><name value="GenV2-TC-Patient"/><description value="CBS Patient resource for the GenV2 Test Case 1 Patient"/><exampleCanonical value="http://cbsig.chai.gatech.edu/StructureDefinition/cbs-patient"/><groupingId value="-ex-example"/></resource><resource><extension url="http://hl7.org/fhir/StructureDefinition/implementationguide-page"><valueUri value="Practitioner-GenV2-TC-Person-Reporting.html"/></extension><reference><reference value="Practitioner/GenV2-TC-Person-Reporting"/></reference><name value="GenV2-TC-Person-Reporting"/><description value="Person reporting to CDC example resource for the GenV2 Test Case 1"/><exampleCanonical value="http://cbsig.chai.gatech.edu/StructureDefinition/cbs-person-reporting-to-cdc"/><groupingId value="-ex-example"/></resource><resource><extension url="http://hl7.org/fhir/StructureDefinition/implementationguide-page"><valueUri value="Organization-GenV2-TC-Reporting-Source.html"/></extension><reference><reference value="Organization/GenV2-TC-Reporting-Source"/></reference><name value="GenV2-TC-Reporting-Source"/><description value="Reporting source example resource for the GenV2 Test Case 1"/><exampleCanonical value="http://cbsig.chai.gatech.edu/StructureDefinition/cbs-reporting-source-organization"/><groupingId value="-ex-example"/></resource><resource><extension url="http://hl7.org/fhir/StructureDefinition/implementationguide-page"><valueUri value="Specimen-Specimen-Example.html"/></extension><reference><reference value="Specimen/Specimen-Example"/></reference><name value="Specimen-Example"/><description value="An example resource that is conformant to the Case Based Surveillance Specimen profile."/><exampleCanonical value="http://cbsig.chai.gatech.edu/StructureDefinition/cbs-specimen"/><groupingId value="-ex-example"/></resource><page><nameUrl value="toc.html"/><title value="Table of Contents"/><generation value="html"/><page><nameUrl value="index.html"/><title value="Home"/><generation value="markdown"/></page><page><nameUrl value="examples.html"/><title value="Examples"/><generation value="markdown"/></page><page><nameUrl value="profiles-and-extensions.html"/><title value="Profiles and Extensions"/><generation value="markdown"/></page><page><nameUrl value="terminology.html"/><title value="Terminology"/><generation value="markdown"/></page><page><nameUrl value="artifacts.html"/><title value="Artifacts Summary"/><generation value="html"/><page><nameUrl value="StructureDefinition-cbs-epi-questionnaire-panel.html"/><title value="Case Based Surveillance Epi Questionnaire Panel"/><generation value="generated"/></page><page><nameUrl value="StructureDefinition-cbs-cnp-member.html"/><title value="Case Based Surveillance Case Notification Panel Member"/><generation value="generated"/></page><page><nameUrl value="StructureDefinition-cbs-cause-of-death.html"/><title value="Case Based Surveillance Cause of Death Profile"/><generation value="generated"/></page><page><nameUrl value="StructureDefinition-cbs-co-condition.html"/><title value="Case Based Surveillance Co-Condition Profile"/><generation value="generated"/></page><page><nameUrl value="StructureDefinition-cbs-composition.html"/><title value="Case Based Surveillance Composition Profile"/><generation value="generated"/></page><page><nameUrl value="StructureDefinition-cbs-condition.html"/><title value="Case Based Surveillance Condition of Interest Profile"/><generation value="generated"/></page><page><nameUrl value="StructureDefinition-cbs-exposure-observation.html"/><title value="Case Based Surveillance Exposure Observation Profile"/><generation value="generated"/></page><page><nameUrl value="StructureDefinition-cbs-hospitalization.html"/><title value="Case Based Surveillance Hospitalization Encounter Profile"/><generation value="generated"/></page><page><nameUrl value="StructureDefinition-cbs-mmwr.html"/><title value="Case Based Surveillance Morbidity and Mortality Weekly Report (MMWR) Elements"/><generation value="generated"/></page><page><nameUrl value="StructureDefinition-cbs-observation-lab.html"/><title value="Case Based Surveillance Observation Lab"/><generation value="generated"/></page><page><nameUrl value="StructureDefinition-cbs-patient.html"/><title value="Case Based Surveillance Patient Profile"/><generation value="generated"/></page><page><nameUrl value="StructureDefinition-cbs-performing-lab.html"/><title value="Case Based Surveillance Performing Laboratory Profile"/><generation value="generated"/></page><page><nameUrl value="StructureDefinition-cbs-person-reporting-to-cdc.html"/><title value="Case Based Surveillance Person Reporting To CDC Profile"/><generation value="generated"/></page><page><nameUrl value="StructureDefinition-cbs-reporting-source-organization.html"/><title value="Case Based Surveillance Reporting Source Organization Profile"/><generation value="generated"/></page><page><nameUrl value="StructureDefinition-cbs-specimen.html"/><title value="Case Based Surveillance Specimen Profile"/><generation value="generated"/></page><page><nameUrl value="StructureDefinition-cbs-case-notification-panel.html"/><title value="Case Based Surveillance Case Notification Panel Profile"/><generation value="generated"/></page><page><nameUrl value="StructureDefinition-cbs-birthsex.html"/><title value="Case Based Surveillance Sex Assigned at Birth Extension"/><generation value="generated"/></page><page><nameUrl value="StructureDefinition-cbs-case-class-status.html"/><title value="Case Based Surveillance Case Class Status"/><generation value="generated"/></page><page><nameUrl value="StructureDefinition-cbs-diagnosis-date.html"/><title value="Case Based Surveillance Diagnosis Date Extension"/><generation value="generated"/></page><page><nameUrl value="StructureDefinition-cbs-ethnicity.html"/><title value="Case Based Surveillance Ethnicity Extension"/><generation value="generated"/></page><page><nameUrl value="StructureDefinition-cbs-race.html"/><title value="Case Based Surveillance Race Extension"/><generation value="generated"/></page><page><nameUrl value="StructureDefinition-cbs-specimen-role.html"/><title value="Case Based Surveillance Specimen Role Extension"/><generation value="generated"/></page><page><nameUrl value="StructureDefinition-cbs-illness-duration.html"/><title value="Case Based Surveillance Illness Duration"/><generation value="generated"/></page><page><nameUrl value="StructureDefinition-cbs-related-case.html"/><title value="Case Based Surveillance Related Case Extension"/><generation value="generated"/></page><page><nameUrl value="ValueSet-CBSAddressUseVS.html"/><title value="Additional codes for Address.use."/><generation value="generated"/></page><page><nameUrl value="ValueSet-CBSCaseNotificationPanelVS.html"/><title value="CBS Case Notification Panel Value Set"/><generation value="generated"/></page><page><nameUrl value="ValueSet-CBSRelatedCaseTypeVS.html"/><title value="CBS Related Case Type Value Set"/><generation value="generated"/></page><page><nameUrl value="ValueSet-CBSSTDSexualHistoryDrugUseQuestionnaireVS.html"/><title value="STD Sexual History and Drug Use Questionnaire Panel"/><generation value="generated"/></page><page><nameUrl value="CodeSystem-cbs-temp-code-system.html"/><title value="Case Based Surveillance temporary/placeholder code system."/><generation value="generated"/></page><page><nameUrl value="Condition-Co-Condition-Example.html"/><title value="Co-Condition-Example"/><generation value="generated"/></page><page><nameUrl value="Observation-GenV2-TC-CNP.html"/><title value="GenV2-TC-CNP"/><generation value="generated"/></page><page><nameUrl value="Observation-GenV2-TC-CNP-Member1.html"/><title value="GenV2-TC-CNP-Member1"/><generation value="generated"/></page><page><nameUrl value="Observation-GenV2-TC-CNP-Member10.html"/><title value="GenV2-TC-CNP-Member10"/><generation value="generated"/></page><page><nameUrl value="Observation-GenV2-TC-CNP-Member11.html"/><title value="GenV2-TC-CNP-Member11"/><generation value="generated"/></page><page><nameUrl value="Observation-GenV2-TC-CNP-Member12.html"/><title value="GenV2-TC-CNP-Member12"/><generation value="generated"/></page><page><nameUrl value="Observation-GenV2-TC-CNP-Member13.html"/><title value="GenV2-TC-CNP-Member13"/><generation value="generated"/></page><page><nameUrl value="Observation-GenV2-TC-CNP-Member14.html"/><title value="GenV2-TC-CNP-Member14"/><generation value="generated"/></page><page><nameUrl value="Observation-GenV2-TC-CNP-Member15.html"/><title value="GenV2-TC-CNP-Member15"/><generation value="generated"/></page><page><nameUrl value="Observation-GenV2-TC-CNP-Member2.html"/><title value="GenV2-TC-CNP-Member2"/><generation value="generated"/></page><page><nameUrl value="Observation-GenV2-TC-CNP-Member3.html"/><title value="GenV2-TC-CNP-Member3"/><generation value="generated"/></page><page><nameUrl value="Observation-GenV2-TC-CNP-Member4.html"/><title value="GenV2-TC-CNP-Member4"/><generation value="generated"/></page><page><nameUrl value="Observation-GenV2-TC-CNP-Member5.html"/><title value="GenV2-TC-CNP-Member5"/><generation value="generated"/></page><page><nameUrl value="Observation-GenV2-TC-CNP-Member6.html"/><title value="GenV2-TC-CNP-Member6"/><generation value="generated"/></page><page><nameUrl value="Observation-GenV2-TC-CNP-Member7.html"/><title value="GenV2-TC-CNP-Member7"/><generation value="generated"/></page><page><nameUrl value="Observation-GenV2-TC-CNP-Member8.html"/><title value="GenV2-TC-CNP-Member8"/><generation value="generated"/></page><page><nameUrl value="Observation-GenV2-TC-CNP-Member9.html"/><title value="GenV2-TC-CNP-Member9"/><generation value="generated"/></page><page><nameUrl value="Observation-GenV2-TC-CauseOfDeath.html"/><title value="GenV2-TC-CauseOfDeath"/><generation value="generated"/></page><page><nameUrl value="Condition-GenV2-TC-Condition.html"/><title value="GenV2-TC-Condition"/><generation value="generated"/></page><page><nameUrl value="Observation-GenV2-TC-Exposure.html"/><title value="GenV2-TC-Exposure"/><generation value="generated"/></page><page><nameUrl value="Encounter-GenV2-TC-Hospitalization.html"/><title value="GenV2-TC-Hospitalization"/><generation value="generated"/></page><page><nameUrl value="Observation-GenV2-TC-MMWR.html"/><title value="GenV2-TC-MMWR"/><generation value="generated"/></page><page><nameUrl value="Patient-GenV2-TC-Patient.html"/><title value="GenV2-TC-Patient"/><generation value="generated"/></page><page><nameUrl value="Practitioner-GenV2-TC-Person-Reporting.html"/><title value="GenV2-TC-Person-Reporting"/><generation value="generated"/></page><page><nameUrl value="Organization-GenV2-TC-Reporting-Source.html"/><title value="GenV2-TC-Reporting-Source"/><generation value="generated"/></page><page><nameUrl value="Specimen-Specimen-Example.html"/><title value="Specimen-Example"/><generation value="generated"/></page></page></page><parameter><code value="path-resource"/><value value="input/capabilities"/></parameter><parameter><code value="path-resource"/><value value="input/examples"/></parameter><parameter><code value="path-resource"/><value value="input/extensions"/></parameter><parameter><code value="path-resource"/><value value="input/models"/></parameter><parameter><code value="path-resource"/><value value="input/operations"/></parameter><parameter><code value="path-resource"/><value value="input/profiles"/></parameter><parameter><code value="path-resource"/><value value="input/resources"/></parameter><parameter><code value="path-resource"/><value value="input/vocabulary"/></parameter><parameter><code value="path-resource"/><value value="input/maps"/></parameter><parameter><code value="path-resource"/><value value="input/testing"/></parameter><parameter><code value="path-resource"/><value value="input/history"/></parameter><parameter><code value="path-resource"/><value value="fsh-generated/resources"/></parameter><parameter><code value="path-pages"/><value value="template/config"/></parameter><parameter><code value="path-pages"/><value value="input/images"/></parameter><parameter><code value="path-tx-cache"/><value value="input-cache/txcache"/></parameter></definition></ImplementationGuide>