<?xml version="1.0" encoding="UTF-8"?><ValueSet xmlns="http://hl7.org/fhir"><id value="CBSSocialDeterminantsOfHealthVS"/><text><status value="generated"/><div xmlns="http://www.w3.org/1999/xhtml"><p>This value set includes codes based on the following rules:</p><ul><li>Include these codes as defined in <a href="http://loinc.org"><code>http://loinc.org</code></a><table class="none"><tr><td style="white-space:nowrap"><b>Code</b></td><td><b>Display</b></td></tr><tr><td><a href="http://details.loinc.org/LOINC/76690-7.html">76690-7</a></td><td>Sexual orientation</td></tr><tr><td><a href="http://details.loinc.org/LOINC/76691-5.html">76691-5</a></td><td>Gender identity</td></tr><tr><td><a href="http://details.loinc.org/LOINC/75274-1.html">75274-1</a></td><td>Characteristics of residence</td></tr></table></li><li>Include these codes as defined in <a href="http://www.snomed.org/"><code>http://snomed.info/sct</code></a><table class="none"><tr><td style="white-space:nowrap"><b>Code</b></td><td><b>Display</b></td></tr><tr><td><a href="http://snomed.info/id/45361006">45361006</a></td><td>Incarceration</td></tr></table></li></ul></div></text><url value="http://cbsig.chai.gatech.edu/ValueSet/CBSSocialDeterminantsOfHealthVS"/><version value="0.1.0"/><name value="CBSSocialDeterminantsOfHealthVS"/><title value="CBS Case Social Determinants of Health Codes Value Set"/><status value="active"/><date value="2022-01-18T12:41:26-05:00"/><publisher value="Georgia Tech Research Institute (GTRI)"/><contact><name value="Georgia Tech Research Institute (GTRI)"/><telecom><system value="url"/><value value="http://gtri.gatech.edu/"/></telecom></contact><description value="Codes for social determinants of health and related elements of social history which may be captured in the SDOH profile."/><compose><include><system value="http://loinc.org"/><concept><code value="76690-7"/><display value="Sexual orientation"/></concept><concept><code value="76691-5"/><display value="Gender identity"/></concept><concept><code value="75274-1"/><display value="Characteristics of residence"/></concept></include><include><system value="http://snomed.info/sct"/><concept><code value="45361006"/><display value="Incarceration"/></concept></include></compose></ValueSet>