[
  {
    "id": "cbs-temp-code-system",
    "type": "CodeSystem",
    "url": "http://cbsig.chai.gatech.edu/CodeSystem/cbs-temp-code-system",
    "version": "0.1.0",
    "name": "CBSTemporary"
  },
  {
    "id": "gtri.fhir.cbs",
    "type": "ImplementationGuide",
    "url": "http://cbsig.chai.gatech.edu/ImplementationGuide/gtri.fhir.cbs",
    "version": "0.1.0",
    "name": "CBSIG"
  },
  {
    "id": "cbs-birthsex",
    "type": "StructureDefinition",
    "url": "http://cbsig.chai.gatech.edu/StructureDefinition/cbs-birthsex",
    "version": "0.1.0",
    "name": "CBSBirthSexExtension"
  },
  {
    "id": "cbs-case-class-status",
    "type": "StructureDefinition",
    "url": "http://cbsig.chai.gatech.edu/StructureDefinition/cbs-case-class-status",
    "version": "0.1.0",
    "name": "CBSCaseClassStatusExtension"
  },
  {
    "id": "cbs-case-notification-panel",
    "type": "StructureDefinition",
    "url": "http://cbsig.chai.gatech.edu/StructureDefinition/cbs-case-notification-panel",
    "version": "0.1.0",
    "name": "CaseBasedSurveillaneCaseNotificationPanel"
  },
  {
    "id": "cbs-cause-of-death",
    "type": "StructureDefinition",
    "url": "http://cbsig.chai.gatech.edu/StructureDefinition/cbs-cause-of-death",
    "version": "0.1.0",
    "name": "CaseBasedSurveillanceCauseOfDeath"
  },
  {
    "id": "cbs-cnp-member",
    "type": "StructureDefinition",
    "url": "http://cbsig.chai.gatech.edu/StructureDefinition/cbs-cnp-member",
    "version": "0.1.0",
    "name": "CaseBasedSurveillanceCaseNotificationPanelMember"
  },
  {
    "id": "cbs-co-condition",
    "type": "StructureDefinition",
    "url": "http://cbsig.chai.gatech.edu/StructureDefinition/cbs-co-condition",
    "version": "0.1.0",
    "name": "CaseBasedSurveillanceCoCondition"
  },
  {
    "id": "cbs-composition",
    "type": "StructureDefinition",
    "url": "http://cbsig.chai.gatech.edu/StructureDefinition/cbs-composition",
    "version": "0.1.0",
    "name": "CaseBasedSurveillanceComposition"
  },
  {
    "id": "cbs-condition",
    "type": "StructureDefinition",
    "url": "http://cbsig.chai.gatech.edu/StructureDefinition/cbs-condition",
    "version": "0.1.0",
    "name": "CaseBasedSurveillanceCondition"
  },
  {
    "id": "cbs-diagnosis-date",
    "type": "StructureDefinition",
    "url": "http://cbsig.chai.gatech.edu/StructureDefinition/cbs-diagnosis-date",
    "version": "0.1.0",
    "name": "CBSDiagnosisDateExtension"
  },
  {
    "id": "cbs-epi-questionnaire-panel",
    "type": "StructureDefinition",
    "url": "http://cbsig.chai.gatech.edu/StructureDefinition/cbs-epi-questionnaire-panel",
    "version": "0.1.0",
    "name": "CBSEpiQuestionnairePanel"
  },
  {
    "id": "cbs-ethnicity",
    "type": "StructureDefinition",
    "url": "http://cbsig.chai.gatech.edu/StructureDefinition/cbs-ethnicity",
    "version": "0.1.0",
    "name": "CBSEthnicityExtension"
  },
  {
    "id": "cbs-exposure-observation",
    "type": "StructureDefinition",
    "url": "http://cbsig.chai.gatech.edu/StructureDefinition/cbs-exposure-observation",
    "version": "0.1.0",
    "name": "CaseBasedSurveillanceExposureObservation"
  },
  {
    "id": "cbs-hospitalization",
    "type": "StructureDefinition",
    "url": "http://cbsig.chai.gatech.edu/StructureDefinition/cbs-hospitalization",
    "version": "0.1.0",
    "name": "CaseBasedSurveillanceHospitalization"
  },
  {
    "id": "cbs-illness-duration",
    "type": "StructureDefinition",
    "url": "http://cbsig.chai.gatech.edu/StructureDefinition/cbs-illness-duration",
    "version": "0.1.0",
    "name": "CaseBasedSurveillanceIllnessDuration"
  },
  {
    "id": "cbs-lab-diagnosticreport",
    "type": "StructureDefinition",
    "url": "http://cbsig.chai.gatech.edu/StructureDefinition/cbs-lab-diagnosticreport",
    "version": "0.1.0",
    "name": "CaseBasedSurveillanceLabDiagnosticReport"
  },
  {
    "id": "cbs-lab-observation",
    "type": "StructureDefinition",
    "url": "http://cbsig.chai.gatech.edu/StructureDefinition/cbs-lab-observation",
    "version": "0.1.0",
    "name": "CaseBasedSurveillanceLabObservation"
  },
  {
    "id": "cbs-mmwr",
    "type": "StructureDefinition",
    "url": "http://cbsig.chai.gatech.edu/StructureDefinition/cbs-mmwr",
    "version": "0.1.0",
    "name": "CaseBasedSurveillanceMMWR"
  },
  {
    "id": "cbs-patient",
    "type": "StructureDefinition",
    "url": "http://cbsig.chai.gatech.edu/StructureDefinition/cbs-patient",
    "version": "0.1.0",
    "name": "CaseBasedSurveillancePatient"
  },
  {
    "id": "cbs-performing-lab",
    "type": "StructureDefinition",
    "url": "http://cbsig.chai.gatech.edu/StructureDefinition/cbs-performing-lab",
    "version": "0.1.0",
    "name": "CaseBasedSurveillancePerformingLaboratory"
  },
  {
    "id": "cbs-person-reporting-to-cdc",
    "type": "StructureDefinition",
    "url": "http://cbsig.chai.gatech.edu/StructureDefinition/cbs-person-reporting-to-cdc",
    "version": "0.1.0",
    "name": "CaseBasedSurveillancePersonReportingToCDC"
  },
  {
    "id": "cbs-race",
    "type": "StructureDefinition",
    "url": "http://cbsig.chai.gatech.edu/StructureDefinition/cbs-race",
    "version": "0.1.0",
    "name": "CBSRaceExtension"
  },
  {
    "id": "cbs-related-case",
    "type": "StructureDefinition",
    "url": "http://cbsig.chai.gatech.edu/StructureDefinition/cbs-related-case",
    "version": "0.1.0",
    "name": "CaseBasedSurveillanceRelatedCase"
  },
  {
    "id": "cbs-reporting-source-organization",
    "type": "StructureDefinition",
    "url": "http://cbsig.chai.gatech.edu/StructureDefinition/cbs-reporting-source-organization",
    "version": "0.1.0",
    "name": "CaseBasedSurveillanceReportingSourceOrganization"
  },
  {
    "id": "cbs-specimen",
    "type": "StructureDefinition",
    "url": "http://cbsig.chai.gatech.edu/StructureDefinition/cbs-specimen",
    "version": "0.1.0",
    "name": "CaseBasedSurveillanceSpecimen"
  },
  {
    "id": "cbs-specimen-role",
    "type": "StructureDefinition",
    "url": "http://cbsig.chai.gatech.edu/StructureDefinition/cbs-specimen-role",
    "version": "0.1.0",
    "name": "CBSSpecimenRoleExtension"
  },
  {
    "id": "CBSAddressUseVS",
    "type": "ValueSet",
    "url": "http://cbsig.chai.gatech.edu/ValueSet/CBSAddressUseVS",
    "version": "0.1.0",
    "name": "CBSAddressUseVS"
  },
  {
    "id": "CBSCaseNotificationPanelVS",
    "type": "ValueSet",
    "url": "http://cbsig.chai.gatech.edu/ValueSet/CBSCaseNotificationPanelVS",
    "version": "0.1.0",
    "name": "CBSCaseNotificationPanelVS"
  },
  {
    "id": "CBSLabDiagnosticReportVS",
    "type": "ValueSet",
    "url": "http://cbsig.chai.gatech.edu/ValueSet/CBSLabDiagnosticReportVS",
    "version": "0.1.0",
    "name": "CBSLabDiagnosticReportVS"
  },
  {
    "id": "CBSLabObservationResultVS",
    "type": "ValueSet",
    "url": "http://cbsig.chai.gatech.edu/ValueSet/CBSLabObservationResultVS",
    "version": "0.1.0",
    "name": "CBSLabObservationResultVS"
  },
  {
    "id": "CBSLabObservationVS",
    "type": "ValueSet",
    "url": "http://cbsig.chai.gatech.edu/ValueSet/CBSLabObservationVS",
    "version": "0.1.0",
    "name": "CBSLabObservationVS"
  },
  {
    "id": "CBSRelatedCaseTypeVS",
    "type": "ValueSet",
    "url": "http://cbsig.chai.gatech.edu/ValueSet/CBSRelatedCaseTypeVS",
    "version": "0.1.0",
    "name": "CBSRelatedCaseTypeVS"
  },
  {
    "id": "CBSSTDSexualHistoryDrugUseQuestionnaireVS",
    "type": "ValueSet",
    "url": "http://cbsig.chai.gatech.edu/ValueSet/CBSSTDSexualHistoryDrugUseQuestionnaireVS",
    "version": "0.1.0",
    "name": "CBSSTDSexualHistoryDrugUseQuestionnaireVS"
  }
]