<?xml version="1.0" encoding="UTF-8"?>

<Composition xmlns="http://hl7.org/fhir">
  <id value="GenV2-TC-Composition"/>
  <meta>
    <profile value="http://cbsig.chai.gatech.edu/StructureDefinition/cbs-composition"/>
  </meta>
  <text>
    <status value="generated"/><div xmlns="http://www.w3.org/1999/xhtml"><p><b>Generated Narrative</b></p><p><b>status</b>: final</p><p><b>type</b>: <span title="Codes: {http://loinc.org 55751-2}">Public health Case report</span></p><p><b>date</b>: 2014-03-02</p><p><b>author</b>: <a href="Organization-GenV2-TC-Reporting-Source.html">Generated Summary: <span title="Codes: {http://terminology.hl7.org/CodeSystem/v2-0406 1}">Hospital</span>; name: Reporting Source</a></p><p><b>title</b>: Case Based Surveillance Composition</p></div>
  </text>
  <status value="final"/>
  <type>
    <coding>
      <system value="http://loinc.org"/>
      <code value="55751-2"/>
    </coding>
  </type>
  <subject>
    <reference value="Patient/GenV2-TC-Patient"/>
  </subject>
  <date value="2014-03-02"/>
  <author>
    <reference value="Organization/GenV2-TC-Reporting-Source"/>
  </author>
  <title value="Case Based Surveillance Composition"/>
  <section>
    <title value="Condition of Interest"/>
    <entry>
      <reference value="Condition/GenV2-TC-Condition"/>
    </entry>
  </section>
  <section>
    <title value="Case Notification Panel"/>
    <entry>
      <reference value="Observation/GenV2-TC-CNP"/>
    </entry>
    <section>
      <entry>
        <reference value="Observation/GenV2-TC-MMWR"/>
      </entry>
      <entry>
        <reference value="Observation/GenV2-TC-Exposure"/>
      </entry>
      <entry>
        <reference value="Observation/GenV2-TC-CNP-Member1"/>
      </entry>
      <entry>
        <reference value="Observation/GenV2-TC-CNP-Member2"/>
      </entry>
      <entry>
        <reference value="Observation/GenV2-TC-CNP-Member3"/>
      </entry>
      <entry>
        <reference value="Observation/GenV2-TC-CNP-Member4"/>
      </entry>
      <entry>
        <reference value="Observation/GenV2-TC-CNP-Member5"/>
      </entry>
      <entry>
        <reference value="Observation/GenV2-TC-CNP-Member6"/>
      </entry>
      <entry>
        <reference value="Observation/GenV2-TC-CNP-Member7"/>
      </entry>
      <entry>
        <reference value="Observation/GenV2-TC-CNP-Member8"/>
      </entry>
      <entry>
        <reference value="Observation/GenV2-TC-CNP-Member9"/>
      </entry>
      <entry>
        <reference value="Observation/GenV2-TC-CNP-Member10"/>
      </entry>
      <entry>
        <reference value="Observation/GenV2-TC-CNP-Member11"/>
      </entry>
      <entry>
        <reference value="Observation/GenV2-TC-CNP-Member12"/>
      </entry>
      <entry>
        <reference value="Observation/GenV2-TC-CNP-Member13"/>
      </entry>
      <entry>
        <reference value="Observation/GenV2-TC-CNP-Member14"/>
      </entry>
      <entry>
        <reference value="Observation/GenV2-TC-CNP-Member15"/>
      </entry>
    </section>
  </section>
  <section>
    <title value="History of Encounters (Hospitalizations)"/>
    <entry>
      <reference value="Encounter/GenV2-TC-Hospitalization"/>
    </entry>
  </section>
  <section>
    <title value="Reporting Entities"/>
    <entry>
      <reference value="Practitioner/GenV2-TC-Person-Reporting"/>
    </entry>
    <entry>
      <reference value="Organization/GenV2-TC-Reporting-Source"/>
    </entry>
  </section>
</Composition>