<?xml version="1.0" encoding="UTF-8"?>

<Condition xmlns="http://hl7.org/fhir">
  <id value="Lyme-TC-Condition"/>
  <meta>
    <profile value="http://cbsig.chai.gatech.edu/StructureDefinition/cbs-condition"/>
  </meta>
  <text>
    <status value="extensions"/><div xmlns="http://www.w3.org/1999/xhtml"><p><b>Generated Narrative</b></p><p><b>Case Based Surveillance Case Class Status</b>: <span title="Codes: {http://snomed.info/sct 410605003}">Confirmed present</span></p><p><b>Case Based Surveillance Diagnosis Date Extension</b>: 2018-07-05</p><p><b>Case Based Surveillance Illness Duration</b>: 15 d</p><p><b>clinicalStatus</b>: <span title="Codes: {http://terminology.hl7.org/CodeSystem/condition-clinical inactive}">Inactive</span></p><p><b>code</b>: <span title="Codes: {urn:oid:2.16.840.1.114222.4.5.277 11080}">Lyme disease</span></p><p><b>subject</b>: <a href="Patient-Lyme-TC-Patient.html">Lyme-TC Example Patient. Generated Summary: Local Record ID: TickborneLyme_TC01, Local Subject ID: TickborneLyme_TC01, Legacy Case Identifier: 34022747S012018, State Case Identifier: 340227; Xxxxx, Ccccc; gender: male; birthDate: 1993-06-01</a></p><p><b>onset</b>: 2018-06-25</p><p><b>abatement</b>: 2018-07-10</p><blockquote><p><b>evidence</b></p><p><b>code</b>: <span title="Codes: {http://snomed.info/sct 69588003}">Erythema Migrans</span></p></blockquote><blockquote><p><b>evidence</b></p><p><b>code</b>: <span title="Codes: {http://snomed.info/sct 233917008}">Atrioventricular block</span></p></blockquote></div>
  </text>
  <extension url="http://cbsig.chai.gatech.edu/StructureDefinition/cbs-case-class-status">
    <valueCodeableConcept>
      <coding>
        <system value="http://snomed.info/sct"/>
        <code value="410605003"/>
        <display value="Confirmed present"/>
      </coding>
    </valueCodeableConcept>
  </extension>
  <extension url="http://cbsig.chai.gatech.edu/StructureDefinition/cbs-diagnosis-date">
    <valueDateTime value="2018-07-05"/>
  </extension>
  <extension url="http://cbsig.chai.gatech.edu/StructureDefinition/cbs-illness-duration">
    <valueQuantity>
      <value value="15"/>
      <system value="http://unitsofmeasure.org"/>
      <code value="d"/>
    </valueQuantity>
  </extension>
  <clinicalStatus>
    <coding>
      <system value="http://terminology.hl7.org/CodeSystem/condition-clinical"/>
      <code value="inactive"/>
    </coding>
  </clinicalStatus>
  <code>
    <coding>
      <system value="urn:oid:2.16.840.1.114222.4.5.277"/>
      <code value="11080"/>
      <display value="Lyme disease"/>
    </coding>
  </code>
  <subject>
    <reference value="Patient/Lyme-TC-Patient"/>
    <display value="Lyme-TC Example Patient"/>
  </subject>
  <onsetDateTime value="2018-06-25"/>
  <abatementDateTime value="2018-07-10"/>
  <evidence>
    <code>
      <coding>
        <system value="http://snomed.info/sct"/>
        <code value="69588003"/>
        <display value="Erythema Migrans"/>
      </coding>
    </code>
  </evidence>
  <evidence>
    <code>
      <coding>
        <system value="http://snomed.info/sct"/>
        <code value="233917008"/>
        <display value="Atrioventricular block"/>
      </coding>
    </code>
  </evidence>
</Condition>