{
  "resourceType": "Condition",
  "id": "GenV2-CoI",
  "meta": {
    "profile": [
      "http://cbsig.chai.gatech.edu/StructureDefinition/cbs-condition"
    ]
  },
  "text": {
    "status": "extensions",
    "div": "<div xmlns=\"http://www.w3.org/1999/xhtml\"><p><b>Generated Narrative</b></p><p><b>Case Based Surveillance Case Class Status</b>: <span title=\"Codes: {http://snomed.info/sct 410605003}\">Confirmed present (qualifier value)</span></p><p><b>Case Based Surveillance Death Due to Condition Extension</b>: <span title=\"Codes: {http://terminology.hl7.org/CodeSystem/v2-0532 Y}\">Yes</span></p><p><b>Case Based Surveillance Diagnosis Date Extension</b>: 2021-01-18</p><p><b>code</b>: <span title=\"Codes: {urn:oid:2.16.840.1.114222.4.5.277 10280}\">10280</span></p><p><b>bodySite</b>: <span title=\"Codes: {http://snomed.info/sct 244440008}\">Cervical subdural space</span></p><p><b>subject</b>: <a href=\"Patient-GenV2-TC.html\">GenV2-TC Example Patient. Generated Summary: Local Record ID: GenV2_TC01_Record, Local Subject ID: GenV2_TC01_Subject, Legacy Case Identifier: 48432148S012014, State Case Identifier: TX4321; gender: female; birthDate: 1964-05-02; deceased: 2014-03-02</a></p></div>"
  },
  "extension": [
    {
      "url": "http://cbsig.chai.gatech.edu/StructureDefinition/cbs-case-class-status",
      "valueCodeableConcept": {
        "coding": [
          {
            "system": "http://snomed.info/sct",
            "code": "410605003"
          }
        ]
      }
    },
    {
      "url": "http://cbsig.chai.gatech.edu/StructureDefinition/cbs-died-of-condition",
      "valueCodeableConcept": {
        "coding": [
          {
            "system": "http://terminology.hl7.org/CodeSystem/v2-0532",
            "code": "Y"
          }
        ]
      }
    },
    {
      "url": "http://cbsig.chai.gatech.edu/StructureDefinition/cbs-diagnosis-date",
      "valueDateTime": "2021-01-18"
    }
  ],
  "code": {
    "coding": [
      {
        "system": "urn:oid:2.16.840.1.114222.4.5.277",
        "code": "10280"
      }
    ]
  },
  "bodySite": [
    {
      "coding": [
        {
          "system": "http://snomed.info/sct",
          "code": "244440008"
        }
      ]
    }
  ],
  "subject": {
    "reference": "Patient/GenV2-TC",
    "display": "GenV2-TC Example Patient"
  }
}