<?xml version="1.0" encoding="UTF-8"?>

<Condition xmlns="http://hl7.org/fhir">
  <id value="HAICA-TC-Condition"/>
  <meta>
    <profile value="http://cbsig.chai.gatech.edu/StructureDefinition/cbs-condition"/>
  </meta>
  <text>
    <status value="extensions"/><div xmlns="http://www.w3.org/1999/xhtml"><p><b>Generated Narrative</b></p><p><b>Case Based Surveillance Case Class Status</b>: <span title="Codes: {http://snomed.info/sct 410605003}">Confirmed present</span></p><p><b>code</b>: <span title="Codes: {urn:oid:2.16.840.1.114222.4.5.277 50263}">Candida auris, clinical</span></p><p><b>subject</b>: <a href="Patient-HAICA-TC-Patient.html">HAI-CA TC Example Patient. Generated Summary: Local Record ID: C_auris_02, Local Subject ID: C_auris_PAT_02; gender: female; birthDate: 1940-01-01</a></p><p><b>onset</b>: 2018-11-22</p></div>
  </text>
  <extension url="http://cbsig.chai.gatech.edu/StructureDefinition/cbs-case-class-status">
    <valueCodeableConcept>
      <coding>
        <system value="http://snomed.info/sct"/>
        <code value="410605003"/>
        <display value="Confirmed present"/>
      </coding>
    </valueCodeableConcept>
  </extension>
  <code>
    <coding>
      <system value="urn:oid:2.16.840.1.114222.4.5.277"/>
      <code value="50263"/>
      <display value="Candida auris, clinical"/>
    </coding>
  </code>
  <subject>
    <reference value="Patient/HAICA-TC-Patient"/>
    <display value="HAI-CA TC Example Patient"/>
  </subject>
  <onsetDateTime value="2018-11-22"/>
</Condition>