{
  "resourceType": "Condition",
  "id": "STD-TC-Condition",
  "meta": {
    "profile": [
      "http://cbsig.chai.gatech.edu/StructureDefinition/cbs-condition"
    ]
  },
  "text": {
    "status": "extensions",
    "div": "<div xmlns=\"http://www.w3.org/1999/xhtml\"><p><b>Generated Narrative</b></p><p><b>Case Based Surveillance Case Class Status</b>: <span title=\"Codes: {http://snomed.info/sct 410605003}\">Confirmed present</span></p><p><b>Case Based Surveillance Diagnosis Date Extension</b>: 2014-01-17</p><p><b>Case Based Surveillance Illness Duration</b>: 12 d</p><p><b>clinicalStatus</b>: <span title=\"Codes: {http://terminology.hl7.org/CodeSystem/condition-clinical inactive}\">Inactive</span></p><p><b>code</b>: <span title=\"Codes: {urn:oid:2.16.840.1.114222.4.5.277 10280}\">Gonorrhea</span></p><p><b>subject</b>: <a href=\"Patient-STD-TC-Patient.html\">STD-TC Example Patient. Generated Summary: Local Record ID: STD_TC05, Local Subject ID: STD_TC05; Wwwww, Ddddd; gender: female; birthDate: 1994-03-02</a></p><p><b>onset</b>: 2014-01-15</p><p><b>abatement</b>: 2014-01-27</p><blockquote><p><b>evidence</b></p><p><b>code</b>: <span title=\"Codes: {http://snomed.info/sct 69588003}\">Erythema Migrans</span></p></blockquote><blockquote><p><b>evidence</b></p><p><b>code</b>: <span title=\"Codes: {http://snomed.info/sct 233917008}\">Atrioventricular block</span></p></blockquote></div>"
  },
  "extension": [
    {
      "url": "http://cbsig.chai.gatech.edu/StructureDefinition/cbs-case-class-status",
      "valueCodeableConcept": {
        "coding": [
          {
            "system": "http://snomed.info/sct",
            "code": "410605003",
            "display": "Confirmed present"
          }
        ]
      }
    },
    {
      "url": "http://cbsig.chai.gatech.edu/StructureDefinition/cbs-diagnosis-date",
      "valueDateTime": "2014-01-17"
    },
    {
      "url": "http://cbsig.chai.gatech.edu/StructureDefinition/cbs-illness-duration",
      "valueQuantity": {
        "value": 12,
        "system": "http://unitsofmeasure.org",
        "code": "d"
      }
    }
  ],
  "clinicalStatus": {
    "coding": [
      {
        "system": "http://terminology.hl7.org/CodeSystem/condition-clinical",
        "code": "inactive"
      }
    ]
  },
  "code": {
    "coding": [
      {
        "system": "urn:oid:2.16.840.1.114222.4.5.277",
        "code": "10280",
        "display": "Gonorrhea"
      }
    ]
  },
  "subject": {
    "reference": "Patient/STD-TC-Patient",
    "display": "STD-TC Example Patient"
  },
  "onsetDateTime": "2014-01-15",
  "abatementDateTime": "2014-01-27",
  "evidence": [
    {
      "code": [
        {
          "coding": [
            {
              "system": "http://snomed.info/sct",
              "code": "69588003",
              "display": "Erythema Migrans"
            }
          ]
        }
      ]
    },
    {
      "code": [
        {
          "coding": [
            {
              "system": "http://snomed.info/sct",
              "code": "233917008",
              "display": "Atrioventricular block"
            }
          ]
        }
      ]
    }
  ]
}