<?xml version="1.0" encoding="UTF-8"?>

<Encounter xmlns="http://hl7.org/fhir">
  <id value="GenV2-TC-Hospitalization"/>
  <meta>
    <profile value="http://cbsig.chai.gatech.edu/StructureDefinition/cbs-hospitalization"/>
  </meta>
  <text>
    <status value="generated"/><div xmlns="http://www.w3.org/1999/xhtml"><p><b>Generated Narrative</b></p><p><b>status</b>: unknown</p><p><b>class</b>: <span title="{http://terminology.hl7.org/CodeSystem/v3-ActCode IMP}">inpatient encounter</span></p><p><b>subject</b>: <a href="Patient-GenV2-TC-Patient.html">GenV2-TC Example Patient. Generated Summary: Local Record ID: GenV2_TC01_Record, Local Subject ID: GenV2_TC01_Subject, Legacy Case Identifier: 48432148S012014, State Case Identifier: TX4321; Zzzzz, Aaaaa; gender: female; birthDate: 1964-05-02; deceased: 2014-03-02</a></p><p><b>period</b>: 2014-02-26 --&gt; 2014-03-02</p><h3>Diagnoses</h3><table class="grid"><tr><td>-</td><td><b>Condition</b></td></tr><tr><td>*</td><td><a href="Condition-GenV2-TC-Condition.html">GenV2-TC Condition of Interest. Generated Summary: <span title="Codes: {http://terminology.hl7.org/CodeSystem/condition-clinical inactive}">Inactive</span>; <span title="Codes: {urn:oid:2.16.840.1.114222.4.5.277 11550}">Hemolytic Uremic Syndrome</span>; onset: 2014-02-24; abatement: 2014-03-02</a></td></tr></table></div>
  </text>
  <status value="unknown"/>
  <class>
    <system value="http://terminology.hl7.org/CodeSystem/v3-ActCode"/>
    <code value="IMP"/>
  </class>
  <subject>
    <reference value="Patient/GenV2-TC-Patient"/>
    <display value="GenV2-TC Example Patient"/>
  </subject>
  <period>
    <start value="2014-02-26"/>
    <end value="2014-03-02"/>
  </period>
  <length>
    <value value="4"/>
    <unit value="days"/>
    <system value="http://unitsofmeasure.org"/>
    <code value="d"/>
  </length>
  <diagnosis>
    <condition>
      <reference value="Condition/GenV2-TC-Condition"/>
      <display value="GenV2-TC Condition of Interest"/>
    </condition>
  </diagnosis>
</Encounter>