{
  "resourceType": "Encounter",
  "id": "Lyme-TC-Hospitalization",
  "meta": {
    "profile": [
      "http://cbsig.chai.gatech.edu/StructureDefinition/cbs-hospitalization"
    ]
  },
  "text": {
    "status": "generated",
    "div": "<div xmlns=\"http://www.w3.org/1999/xhtml\"><p><b>Generated Narrative</b></p><p><b>status</b>: unknown</p><p><b>class</b>: <span title=\"{http://terminology.hl7.org/CodeSystem/v3-ActCode IMP}\">inpatient encounter</span></p><p><b>subject</b>: <a href=\"Patient-Lyme-TC-Patient.html\">Lyme-TC Example Patient. Generated Summary: Local Record ID: TickborneLyme_TC01, Local Subject ID: TickborneLyme_TC01, Legacy Case Identifier: 34022747S012018, State Case Identifier: 340227; Xxxxx, Ccccc; gender: male; birthDate: 1993-06-01</a></p><p><b>period</b>: 2018-07-05 --&gt; 2018-07-10</p><h3>Diagnoses</h3><table class=\"grid\"><tr><td>-</td><td><b>Condition</b></td></tr><tr><td>*</td><td><a href=\"Condition-Lyme-TC-Condition.html\">Lyme-TC Condition of Interest. Generated Summary: <span title=\"Codes: {http://terminology.hl7.org/CodeSystem/condition-clinical inactive}\">Inactive</span>; <span title=\"Codes: {urn:oid:2.16.840.1.114222.4.5.277 11080}\">Lyme disease</span>; onset: 2018-06-25; abatement: 2018-07-10</a></td></tr></table></div>"
  },
  "status": "unknown",
  "class": {
    "system": "http://terminology.hl7.org/CodeSystem/v3-ActCode",
    "code": "IMP"
  },
  "subject": {
    "reference": "Patient/Lyme-TC-Patient",
    "display": "Lyme-TC Example Patient"
  },
  "period": {
    "start": "2018-07-05",
    "end": "2018-07-10"
  },
  "length": {
    "value": 5,
    "unit": "days",
    "system": "http://unitsofmeasure.org",
    "code": "d"
  },
  "diagnosis": [
    {
      "condition": {
        "reference": "Condition/Lyme-TC-Condition",
        "display": "Lyme-TC Condition of Interest"
      }
    }
  ]
}