<?xml version="1.0" encoding="UTF-8"?>

<Bundle xmlns="http://hl7.org/fhir">
  <id value="0f080752-ade8-47e4-8ced-c766506800f2"/>
  <meta>
    <lastUpdated value="2021-07-01T14:45:02.925-04:00"/>
  </meta>
  <type value="collection"/>
  <entry>
    <fullUrl value="http://cbsig.chai.gatech.edu/output/ValueSet/CBSAddressUseVS"/>
    <resource>
      <ValueSet>
        <id value="CBSAddressUseVS"/>
        <text>
          <status value="generated"/>
          <div xmlns="http://www.w3.org/1999/xhtml">
            <p>This value set contains 7 concepts</p>
            <div style="border: black 1px dotted; background-color: #EEEEEE; padding: 8px; margin-bottom: 8px">
              <p>Expansion based on: </p>
              <ul>
                <li>
                  <a href="CodeSystem-cbs-temp-code-system.html">Case Based Surveillance temporary/placeholder code system. v0.1.0 (CodeSystem)</a>
                </li>
                <li>
                  <a href="http://hl7.org/fhir/R4/codesystem-address-use.html">AddressUse v4.0.1 (CodeSystem)</a>
                </li>
              </ul>
            </div>
            <table class="codes">
              <tr>
                <td style="white-space:nowrap">
                  <b>Code</b>
                </td>
                <td>
                  <b>System</b>
                </td>
                <td>
                  <b>Display</b>
                </td>
                <td>
                  <b>Definition</b>
                </td>
              </tr>
              <tr>
                <td style="white-space:nowrap">
                  <a name="http---hl7.org-fhir-address-use-home"> </a>
                  <a href="http://hl7.org/fhir/R4/codesystem-address-use.html#address-use-home">home</a>
                </td>
                <td>http://hl7.org/fhir/address-use</td>
                <td>Home</td>
                <td>A communication address at a home.</td>
              </tr>
              <tr>
                <td style="white-space:nowrap">
                  <a name="http---hl7.org-fhir-address-use-work"> </a>
                  <a href="http://hl7.org/fhir/R4/codesystem-address-use.html#address-use-work">work</a>
                </td>
                <td>http://hl7.org/fhir/address-use</td>
                <td>Work</td>
                <td>An office address. First choice for business related contacts during business hours.</td>
              </tr>
              <tr>
                <td style="white-space:nowrap">
                  <a name="http---hl7.org-fhir-address-use-temp"> </a>
                  <a href="http://hl7.org/fhir/R4/codesystem-address-use.html#address-use-temp">temp</a>
                </td>
                <td>http://hl7.org/fhir/address-use</td>
                <td>Temporary</td>
                <td>A temporary address. The period can provide more detailed information.</td>
              </tr>
              <tr>
                <td style="white-space:nowrap">
                  <a name="http---hl7.org-fhir-address-use-old"> </a>
                  <a href="http://hl7.org/fhir/R4/codesystem-address-use.html#address-use-old">old</a>
                </td>
                <td>http://hl7.org/fhir/address-use</td>
                <td>Old / Incorrect</td>
                <td>This address is no longer in use (or was never correct but retained for records).</td>
              </tr>
              <tr>
                <td style="white-space:nowrap">
                  <a name="http---hl7.org-fhir-address-use-billing"> </a>
                  <a href="http://hl7.org/fhir/R4/codesystem-address-use.html#address-use-billing">billing</a>
                </td>
                <td>http://hl7.org/fhir/address-use</td>
                <td>Billing</td>
                <td>An address to be used to send bills, invoices, receipts etc.</td>
              </tr>
              <tr>
                <td style="white-space:nowrap">
                  <a name="http---cbsig.chai.gatech.edu-output-CodeSystem-cbs-temp-code-system-At-Diagnosis"> </a>
                  <a href="CodeSystem-cbs-temp-code-system.html#cbs-temp-code-system-At-Diagnosis">At-Diagnosis</a>
                </td>
                <td>http://cbsig.chai.gatech.edu/output/CodeSystem/cbs-temp-code-system</td>
                <td>Address at Diagnosis of Condition of Interest</td>
                <td/>
              </tr>
              <tr>
                <td style="white-space:nowrap">
                  <a name="http---cbsig.chai.gatech.edu-output-CodeSystem-cbs-temp-code-system-Usual-Residence"> </a>
                  <a href="CodeSystem-cbs-temp-code-system.html#cbs-temp-code-system-Usual-Residence">Usual-Residence</a>
                </td>
                <td>http://cbsig.chai.gatech.edu/output/CodeSystem/cbs-temp-code-system</td>
                <td>Address of Usual Residence</td>
                <td>Subject&#39;s location of usual residence. This is a broader location representation of the LOINC Code 77983-5 (https://loinc.org/77983-5/), &#39;Country of Usual Residence&#39;. The meaning of &#39;usual residence&#39; is defined as per surveillance programs.</td>
              </tr>
            </table>
          </div>
        </text>
        <url value="http://cbsig.chai.gatech.edu/output/ValueSet/CBSAddressUseVS"/>
        <version value="0.1.0"/>
        <name value="CBSAddressUseVS"/>
        <title value="Additional codes for Address.use."/>
        <status value="active"/>
        <date value="2021-07-01T14:45:02-04:00"/>
        <description value="Codes for Address.use which are used as slice discriminators to capture address history at relevant points in time to case surveillance."/>
        <expansion>
          <identifier value="urn:uuid:7462aaab-6f75-4049-90b5-6e8cc1b3f9c4"/>
          <timestamp value="2021-07-01T14:45:48-04:00"/>
          <total value="7"/>
          <parameter>
            <name value="excludeNested"/>
            <valueBoolean value="false"/>
          </parameter>
          <parameter>
            <name value="version"/>
            <valueUri value="http://hl7.org/fhir/address-use|4.0.1"/>
          </parameter>
          <parameter>
            <name value="version"/>
            <valueUri value="http://cbsig.chai.gatech.edu/output/CodeSystem/cbs-temp-code-system|0.1.0"/>
          </parameter>
          <contains>
            <system value="http://hl7.org/fhir/address-use"/>
            <code value="home"/>
            <display value="Home"/>
          </contains>
          <contains>
            <system value="http://hl7.org/fhir/address-use"/>
            <code value="work"/>
            <display value="Work"/>
          </contains>
          <contains>
            <system value="http://hl7.org/fhir/address-use"/>
            <code value="temp"/>
            <display value="Temporary"/>
          </contains>
          <contains>
            <system value="http://hl7.org/fhir/address-use"/>
            <code value="old"/>
            <display value="Old / Incorrect"/>
          </contains>
          <contains>
            <system value="http://hl7.org/fhir/address-use"/>
            <code value="billing"/>
            <display value="Billing"/>
          </contains>
          <contains>
            <system value="http://cbsig.chai.gatech.edu/output/CodeSystem/cbs-temp-code-system"/>
            <code value="At-Diagnosis"/>
            <display value="Address at Diagnosis of Condition of Interest"/>
          </contains>
          <contains>
            <system value="http://cbsig.chai.gatech.edu/output/CodeSystem/cbs-temp-code-system"/>
            <code value="Usual-Residence"/>
            <display value="Address of Usual Residence"/>
          </contains>
        </expansion>
      </ValueSet>
    </resource>
  </entry>
</Bundle>