{
  "resourceType": "ImplementationGuide",
  "id": "gtri.fhir.cbs",
  "text": {
    "status": "extensions",
    "div": "<div xmlns=\"http://www.w3.org/1999/xhtml\"><h2>CBSIG</h2><p>The official URL for this implementation guide is: </p><pre>http://cbsig.chai.gatech.edu/ImplementationGuide/gtri.fhir.cbs</pre><div><p>An IG that is used to support case based surveillance messaging for the public health domain</p>\n</div></div>"
  },
  "url": "http://cbsig.chai.gatech.edu/ImplementationGuide/gtri.fhir.cbs",
  "version": "0.1.0",
  "name": "CBSIG",
  "title": "Case Based Surveillance Implementation Guide",
  "status": "draft",
  "date": "2021-10-18T11:18:26-04:00",
  "publisher": "Georgia Tech Research Institute (GTRI)",
  "contact": [
    {
      "name": "Georgia Tech Research Institute (GTRI)",
      "telecom": [
        {
          "system": "url",
          "value": "http://gtri.gatech.edu/"
        }
      ]
    }
  ],
  "description": "An IG that is used to support case based surveillance messaging for the public health domain",
  "packageId": "gtri.fhir.cbs",
  "license": "CC0-1.0",
  "fhirVersion": [
    "4.0.1"
  ],
  "dependsOn": [
    {
      "id": "us_cdc_phinvads",
      "uri": "http://fhir.org/packages/us.cdc.phinvads",
      "packageId": "us.cdc.phinvads",
      "version": "0.7.0"
    },
    {
      "id": "hl7_fhir_us_core",
      "uri": "http://hl7.org/fhir/us/core/ImplementationGuide/hl7.fhir.us.core",
      "packageId": "hl7.fhir.us.core",
      "version": "4.0.0"
    },
    {
      "id": "hl7_fhir_us_ecr",
      "uri": "http://hl7.org/fhir/us/ecr/ImplementationGuide/hl7.fhir.us.ecr",
      "packageId": "hl7.fhir.us.ecr",
      "version": "1.0.0"
    },
    {
      "id": "hl7_fhir_us_odh",
      "uri": "http://hl7.org/fhir/us/odh/ImplementationGuide/hl7.fhir.us.odh",
      "packageId": "hl7.fhir.us.odh",
      "version": "1.1.0"
    }
  ],
  "definition": {
    "extension": [
      {
        "extension": [
          {
            "url": "code",
            "valueString": "copyrightyear"
          },
          {
            "url": "value",
            "valueString": "2021+"
          }
        ],
        "url": "http://hl7.org/fhir/tools/StructureDefinition/ig-parameter"
      },
      {
        "extension": [
          {
            "url": "code",
            "valueString": "releaselabel"
          },
          {
            "url": "value",
            "valueString": "ci-build"
          }
        ],
        "url": "http://hl7.org/fhir/tools/StructureDefinition/ig-parameter"
      },
      {
        "extension": [
          {
            "url": "code",
            "valueString": "path-liquid"
          },
          {
            "url": "value",
            "valueString": "template/liquid"
          }
        ],
        "url": "http://hl7.org/fhir/tools/StructureDefinition/ig-parameter"
      },
      {
        "extension": [
          {
            "url": "code",
            "valueString": "path-liquid"
          },
          {
            "url": "value",
            "valueString": "input/liquid"
          }
        ],
        "url": "http://hl7.org/fhir/tools/StructureDefinition/ig-parameter"
      },
      {
        "extension": [
          {
            "url": "code",
            "valueString": "path-qa"
          },
          {
            "url": "value",
            "valueString": "temp/qa"
          }
        ],
        "url": "http://hl7.org/fhir/tools/StructureDefinition/ig-parameter"
      },
      {
        "extension": [
          {
            "url": "code",
            "valueString": "path-temp"
          },
          {
            "url": "value",
            "valueString": "temp/pages"
          }
        ],
        "url": "http://hl7.org/fhir/tools/StructureDefinition/ig-parameter"
      },
      {
        "extension": [
          {
            "url": "code",
            "valueString": "path-output"
          },
          {
            "url": "value",
            "valueString": "output"
          }
        ],
        "url": "http://hl7.org/fhir/tools/StructureDefinition/ig-parameter"
      },
      {
        "extension": [
          {
            "url": "code",
            "valueString": "path-suppressed-warnings"
          },
          {
            "url": "value",
            "valueString": "input/ignoreWarnings.txt"
          }
        ],
        "url": "http://hl7.org/fhir/tools/StructureDefinition/ig-parameter"
      },
      {
        "extension": [
          {
            "url": "code",
            "valueString": "path-history"
          },
          {
            "url": "value",
            "valueString": "http://cbsig.chai.gatech.edu/history.html"
          }
        ],
        "url": "http://hl7.org/fhir/tools/StructureDefinition/ig-parameter"
      },
      {
        "extension": [
          {
            "url": "code",
            "valueString": "template-html"
          },
          {
            "url": "value",
            "valueString": "template-page.html"
          }
        ],
        "url": "http://hl7.org/fhir/tools/StructureDefinition/ig-parameter"
      },
      {
        "extension": [
          {
            "url": "code",
            "valueString": "template-md"
          },
          {
            "url": "value",
            "valueString": "template-page-md.html"
          }
        ],
        "url": "http://hl7.org/fhir/tools/StructureDefinition/ig-parameter"
      },
      {
        "extension": [
          {
            "url": "code",
            "valueString": "apply-contact"
          },
          {
            "url": "value",
            "valueString": "true"
          }
        ],
        "url": "http://hl7.org/fhir/tools/StructureDefinition/ig-parameter"
      },
      {
        "extension": [
          {
            "url": "code",
            "valueString": "apply-context"
          },
          {
            "url": "value",
            "valueString": "true"
          }
        ],
        "url": "http://hl7.org/fhir/tools/StructureDefinition/ig-parameter"
      },
      {
        "extension": [
          {
            "url": "code",
            "valueString": "apply-copyright"
          },
          {
            "url": "value",
            "valueString": "true"
          }
        ],
        "url": "http://hl7.org/fhir/tools/StructureDefinition/ig-parameter"
      },
      {
        "extension": [
          {
            "url": "code",
            "valueString": "apply-jurisdiction"
          },
          {
            "url": "value",
            "valueString": "true"
          }
        ],
        "url": "http://hl7.org/fhir/tools/StructureDefinition/ig-parameter"
      },
      {
        "extension": [
          {
            "url": "code",
            "valueString": "apply-license"
          },
          {
            "url": "value",
            "valueString": "true"
          }
        ],
        "url": "http://hl7.org/fhir/tools/StructureDefinition/ig-parameter"
      },
      {
        "extension": [
          {
            "url": "code",
            "valueString": "apply-publisher"
          },
          {
            "url": "value",
            "valueString": "true"
          }
        ],
        "url": "http://hl7.org/fhir/tools/StructureDefinition/ig-parameter"
      },
      {
        "extension": [
          {
            "url": "code",
            "valueString": "apply-version"
          },
          {
            "url": "value",
            "valueString": "true"
          }
        ],
        "url": "http://hl7.org/fhir/tools/StructureDefinition/ig-parameter"
      },
      {
        "extension": [
          {
            "url": "code",
            "valueString": "active-tables"
          },
          {
            "url": "value",
            "valueString": "true"
          }
        ],
        "url": "http://hl7.org/fhir/tools/StructureDefinition/ig-parameter"
      }
    ],
    "resource": [
      {
        "extension": [
          {
            "url": "http://hl7.org/fhir/tools/StructureDefinition/resource-information",
            "valueString": "StructureDefinition:resource"
          }
        ],
        "reference": {
          "reference": "StructureDefinition/cbs-epi-questionnaire-panel"
        },
        "name": "Case Based Surveillance Epi Questionnaire Panel",
        "description": "Defines constraints on Observation to represent structured resources for the collection and organization of epidemiological questions.",
        "exampleBoolean": false
      },
      {
        "extension": [
          {
            "url": "http://hl7.org/fhir/tools/StructureDefinition/resource-information",
            "valueString": "StructureDefinition:resource"
          }
        ],
        "reference": {
          "reference": "StructureDefinition/cbs-case-notification-panel"
        },
        "name": "Case Based Surveillance Case Notification Panel Profile",
        "description": "Defines constraints on Observation to represent the case notification panel in public health surveillance programs.",
        "exampleBoolean": false
      },
      {
        "extension": [
          {
            "url": "http://hl7.org/fhir/tools/StructureDefinition/resource-information",
            "valueString": "StructureDefinition:resource"
          }
        ],
        "reference": {
          "reference": "StructureDefinition/cbs-cnp-member"
        },
        "name": "Case Based Surveillance Case Notification Panel Member",
        "description": "Defines constraints on the CBS Case Notification Panel Profile for defining the member resources of the case notification panel in public health surveillance programs.",
        "exampleBoolean": false
      },
      {
        "extension": [
          {
            "url": "http://hl7.org/fhir/tools/StructureDefinition/resource-information",
            "valueString": "StructureDefinition:resource"
          }
        ],
        "reference": {
          "reference": "StructureDefinition/cbs-cause-of-death"
        },
        "name": "Case Based Surveillance Cause of Death Profile",
        "description": "Defines constraints on on the Observation resource for supporting public health reporting workflows involving the cause of death of the subject.",
        "exampleBoolean": false
      },
      {
        "extension": [
          {
            "url": "http://hl7.org/fhir/tools/StructureDefinition/resource-information",
            "valueString": "StructureDefinition:resource"
          }
        ],
        "reference": {
          "reference": "StructureDefinition/cbs-composition"
        },
        "name": "Case Based Surveillance Composition Profile",
        "description": "Defines constraints to the Composition resource in order to meet the needs of public health surveillance programs.",
        "exampleBoolean": false
      },
      {
        "extension": [
          {
            "url": "http://hl7.org/fhir/tools/StructureDefinition/resource-information",
            "valueString": "StructureDefinition:resource"
          }
        ],
        "reference": {
          "reference": "StructureDefinition/cbs-condition"
        },
        "name": "Case Based Surveillance Condition of Interest Profile",
        "description": "Defines constraints and extensions to the Condition resource in order to meet the needs of public health surveillance programs while providing as much alignment with US Core requirements as possible.",
        "exampleBoolean": false
      },
      {
        "extension": [
          {
            "url": "http://hl7.org/fhir/tools/StructureDefinition/resource-information",
            "valueString": "StructureDefinition:resource"
          }
        ],
        "reference": {
          "reference": "StructureDefinition/cbs-document-bundle"
        },
        "name": "Case Based Surveillance Document Profile",
        "description": "Defines a document type bundle that contains all related profiles.",
        "exampleBoolean": false
      },
      {
        "extension": [
          {
            "url": "http://hl7.org/fhir/tools/StructureDefinition/resource-information",
            "valueString": "StructureDefinition:resource"
          }
        ],
        "reference": {
          "reference": "StructureDefinition/cbs-exposure-observation"
        },
        "name": "Case Based Surveillance Exposure Observation Profile",
        "description": "Defines constraints to the CBS Case Notification Panel Member profile to represent the exposure observations of the case notification panel.",
        "exampleBoolean": false
      },
      {
        "extension": [
          {
            "url": "http://hl7.org/fhir/tools/StructureDefinition/resource-information",
            "valueString": "StructureDefinition:resource"
          }
        ],
        "reference": {
          "reference": "StructureDefinition/cbs-hospitalization"
        },
        "name": "Case Based Surveillance Hospitalization Encounter Profile",
        "description": "Defines constraints on Encounter to represent hospitalization due to a condition of interest in public health surveillance programs.",
        "exampleBoolean": false
      },
      {
        "extension": [
          {
            "url": "http://hl7.org/fhir/tools/StructureDefinition/resource-information",
            "valueString": "StructureDefinition:resource"
          }
        ],
        "reference": {
          "reference": "StructureDefinition/cbs-lab-diagnosticreport"
        },
        "name": "Case Based Surveillance Lab Test Report",
        "description": "Defines a DiagnosticReport resource profile in order to meet the needs of public health surveillance programs.",
        "exampleBoolean": false
      },
      {
        "extension": [
          {
            "url": "http://hl7.org/fhir/tools/StructureDefinition/resource-information",
            "valueString": "StructureDefinition:resource"
          }
        ],
        "reference": {
          "reference": "StructureDefinition/cbs-lab-observation"
        },
        "name": "Case Based Surveillance Lab Observation",
        "description": "Defines constraints on the Observation resource in order to meet the needs of lab reporting in public health surveillance programs.",
        "exampleBoolean": false
      },
      {
        "extension": [
          {
            "url": "http://hl7.org/fhir/tools/StructureDefinition/resource-information",
            "valueString": "StructureDefinition:resource"
          }
        ],
        "reference": {
          "reference": "StructureDefinition/cbs-mmwr"
        },
        "name": "Case Based Surveillance Morbidity and Mortality Weekly Report (MMWR) Elements",
        "description": "Defines constraints on CBS Case Notification Panel to represent the MMWR elements of the case notification panel in public health surveillance programs.",
        "exampleBoolean": false
      },
      {
        "extension": [
          {
            "url": "http://hl7.org/fhir/tools/StructureDefinition/resource-information",
            "valueString": "StructureDefinition:resource"
          }
        ],
        "reference": {
          "reference": "StructureDefinition/cbs-patient"
        },
        "name": "Case Based Surveillance Patient Profile",
        "description": "Defines constraints and extensions to the patient resource in order to meet the needs of public health surveillance programs while providing as much alignment with US Core requirements as possible. Mapping between similar concepts implemented with different value sets (ie: race, ethnicity, or sex assigned at birth) may be required.",
        "exampleBoolean": false
      },
      {
        "extension": [
          {
            "url": "http://hl7.org/fhir/tools/StructureDefinition/resource-information",
            "valueString": "StructureDefinition:resource"
          }
        ],
        "reference": {
          "reference": "StructureDefinition/cbs-performing-lab"
        },
        "name": "Case Based Surveillance Performing Laboratory Profile",
        "description": "NOT FINAL GOING TO CHANGE",
        "exampleBoolean": false
      },
      {
        "extension": [
          {
            "url": "http://hl7.org/fhir/tools/StructureDefinition/resource-information",
            "valueString": "StructureDefinition:resource"
          }
        ],
        "reference": {
          "reference": "StructureDefinition/cbs-person-reporting-to-cdc"
        },
        "name": "Case Based Surveillance Person Reporting To CDC Profile",
        "description": "Defines constraints on on the Practitioner resource for supporting public health reporting workflows involving the person reporting to the CDC.",
        "exampleBoolean": false
      },
      {
        "extension": [
          {
            "url": "http://hl7.org/fhir/tools/StructureDefinition/resource-information",
            "valueString": "StructureDefinition:resource"
          }
        ],
        "reference": {
          "reference": "StructureDefinition/cbs-reporting-source-organization"
        },
        "name": "Case Based Surveillance Reporting Source Organization Profile",
        "description": "Defines constraints to the Organization resource in order to meet the needs of public health surveillance programs regarding the reporting source.",
        "exampleBoolean": false
      },
      {
        "extension": [
          {
            "url": "http://hl7.org/fhir/tools/StructureDefinition/resource-information",
            "valueString": "StructureDefinition:resource"
          }
        ],
        "reference": {
          "reference": "StructureDefinition/cbs-social-determinants-of-health"
        },
        "name": "Case Based Surveillance Social Determinants of Health Profile",
        "description": "Defines constraints on the Observation resource to capture subject's Social Determinants of Health in order to meet the needs of public health surveillance programs.",
        "exampleBoolean": false
      },
      {
        "extension": [
          {
            "url": "http://hl7.org/fhir/tools/StructureDefinition/resource-information",
            "valueString": "StructureDefinition:resource"
          }
        ],
        "reference": {
          "reference": "StructureDefinition/cbs-specimen"
        },
        "name": "Case Based Surveillance Specimen Profile",
        "description": "Defines constraints on the Specimen resource in order to meet the needs of public health surveillance programs.",
        "exampleBoolean": false
      },
      {
        "extension": [
          {
            "url": "http://hl7.org/fhir/tools/StructureDefinition/resource-information",
            "valueString": "StructureDefinition:resource"
          }
        ],
        "reference": {
          "reference": "StructureDefinition/cbs-travel-history"
        },
        "name": "Case Based Surveillance Travel History Profile",
        "description": "Defines constraints on the Observation resource to capture subject Travel History in order to meet the needs of public health surveillance programs.",
        "exampleBoolean": false
      },
      {
        "extension": [
          {
            "url": "http://hl7.org/fhir/tools/StructureDefinition/resource-information",
            "valueString": "StructureDefinition:resource"
          }
        ],
        "reference": {
          "reference": "StructureDefinition/cbs-vaccination-ACIP-Recommendation"
        },
        "name": "Case Based Surveillance Subject Vaccinated per ACIP Recommendations Profile",
        "description": "Defines constraints on the Observation resource to capture whether subject was vaccinated per ACIP Recommendations in order to meet the needs of public health surveillance programs.",
        "exampleBoolean": false
      },
      {
        "extension": [
          {
            "url": "http://hl7.org/fhir/tools/StructureDefinition/resource-information",
            "valueString": "StructureDefinition:resource"
          }
        ],
        "reference": {
          "reference": "StructureDefinition/cbs-vaccination-indication"
        },
        "name": "Case Based Surveillance Vaccination Indication Profile",
        "description": "Defines constraints on the Observation resource to capture subject's indication/assertion of vaccination in order to meet the needs of public health surveillance programs.",
        "exampleBoolean": false
      },
      {
        "extension": [
          {
            "url": "http://hl7.org/fhir/tools/StructureDefinition/resource-information",
            "valueString": "StructureDefinition:resource"
          }
        ],
        "reference": {
          "reference": "StructureDefinition/cbs-vaccination-record"
        },
        "name": "Case Based Surveillance Vaccination Record Profile",
        "description": "Defines constraints on the Immunization resource to capture subject vaccination records in order to meet the needs of public health surveillance programs.",
        "exampleBoolean": false
      },
      {
        "extension": [
          {
            "url": "http://hl7.org/fhir/tools/StructureDefinition/resource-information",
            "valueString": "StructureDefinition:extension"
          }
        ],
        "reference": {
          "reference": "StructureDefinition/cbs-birthsex"
        },
        "name": "Case Based Surveillance Sex Assigned at Birth Extension",
        "description": "A code classifying the person's sex assigned at birth.",
        "exampleBoolean": false
      },
      {
        "extension": [
          {
            "url": "http://hl7.org/fhir/tools/StructureDefinition/resource-information",
            "valueString": "StructureDefinition:extension"
          }
        ],
        "reference": {
          "reference": "StructureDefinition/cbs-cdc-address-use"
        },
        "name": "Case Based Surveillance CDC Address Use Extension",
        "description": "Indicates the use of the address as per information surveillance program ",
        "exampleBoolean": false
      },
      {
        "extension": [
          {
            "url": "http://hl7.org/fhir/tools/StructureDefinition/resource-information",
            "valueString": "StructureDefinition:extension"
          }
        ],
        "reference": {
          "reference": "StructureDefinition/cbs-case-class-status"
        },
        "name": "Case Based Surveillance Case Class Status",
        "description": "A code denoting the status of the case/event as suspect, probable, confirmed, or not a case per CSTE/CDC/surveillance case definitions.",
        "exampleBoolean": false
      },
      {
        "extension": [
          {
            "url": "http://hl7.org/fhir/tools/StructureDefinition/resource-information",
            "valueString": "StructureDefinition:extension"
          }
        ],
        "reference": {
          "reference": "StructureDefinition/cbs-diagnosis-date"
        },
        "name": "Case Based Surveillance Diagnosis Date Extension",
        "description": "A dateTime indicating when the condition of interest was diagnosed.",
        "exampleBoolean": false
      },
      {
        "extension": [
          {
            "url": "http://hl7.org/fhir/tools/StructureDefinition/resource-information",
            "valueString": "StructureDefinition:extension"
          }
        ],
        "reference": {
          "reference": "StructureDefinition/cbs-ethnicity"
        },
        "name": "Case Based Surveillance Ethnicity Extension",
        "description": "Concepts classifying the person into a named category of humans sharing common history, traits, geographical origin or nationality.  The ethnicity codes used to represent these concepts are based upon the [CDC ethnicity and Ethnicity Code Set Version 1.0](http://www.cdc.gov/phin/resources/vocabulary/index.html) which includes over 900 concepts for representing race and ethnicity of which 43 reference ethnicity.  The ethnicity concepts are grouped by and pre-mapped to the 2 OMB ethnicity categories: - Hispanic or Latino - Not Hispanic or Latino. This extension is based on the equivalent US Core extension though utilizes the public health focused PHIN Value Set and limiting data based on established standards in public health case based surveillance messaging.",
        "exampleBoolean": false
      },
      {
        "extension": [
          {
            "url": "http://hl7.org/fhir/tools/StructureDefinition/resource-information",
            "valueString": "StructureDefinition:extension"
          }
        ],
        "reference": {
          "reference": "StructureDefinition/cbs-race"
        },
        "name": "Case Based Surveillance Race Extension",
        "description": "Concepts classifying the person into a named category of humans sharing common history, traits, geographical origin or nationality.",
        "exampleBoolean": false
      },
      {
        "extension": [
          {
            "url": "http://hl7.org/fhir/tools/StructureDefinition/resource-information",
            "valueString": "StructureDefinition:extension"
          }
        ],
        "reference": {
          "reference": "StructureDefinition/cbs-specimen-role"
        },
        "name": "Case Based Surveillance Specimen Role Extension",
        "description": "Indicates the role of the sample.",
        "exampleBoolean": false
      },
      {
        "extension": [
          {
            "url": "http://hl7.org/fhir/tools/StructureDefinition/resource-information",
            "valueString": "StructureDefinition:extension"
          }
        ],
        "reference": {
          "reference": "StructureDefinition/cbs-illness-duration"
        },
        "name": "Case Based Surveillance Illness Duration",
        "description": "Illness duration to obscure PHII in place of absokute dates.",
        "exampleBoolean": false
      },
      {
        "extension": [
          {
            "url": "http://hl7.org/fhir/tools/StructureDefinition/resource-information",
            "valueString": "StructureDefinition:extension"
          }
        ],
        "reference": {
          "reference": "StructureDefinition/cbs-program-specific-time-window"
        },
        "name": "Case Based Surveillance Program Specific Time Window",
        "description": "Time window of interest in relationship to a specified event as determined by individual case based surveillance programs.",
        "exampleBoolean": false
      },
      {
        "extension": [
          {
            "url": "http://hl7.org/fhir/tools/StructureDefinition/resource-information",
            "valueString": "StructureDefinition:extension"
          }
        ],
        "reference": {
          "reference": "StructureDefinition/cbs-reason-not-vaccinated-per-ACIP-recommendations"
        },
        "name": "Case Based Surveillance Reason Not Vaccinated Per ACIP Recommendations",
        "description": "Reason the subject was not vaccinated per ACIP recommendations.",
        "exampleBoolean": false
      },
      {
        "extension": [
          {
            "url": "http://hl7.org/fhir/tools/StructureDefinition/resource-information",
            "valueString": "StructureDefinition:extension"
          }
        ],
        "reference": {
          "reference": "StructureDefinition/cbs-related-case"
        },
        "name": "Case Based Surveillance Related Case Extension",
        "description": "A list of strings with relevant case numbers and a type element that specifies the nature of the relation.",
        "exampleBoolean": false
      },
      {
        "extension": [
          {
            "url": "http://hl7.org/fhir/tools/StructureDefinition/resource-information",
            "valueString": "ValueSet"
          }
        ],
        "reference": {
          "reference": "ValueSet/CBSCDCAddressUseVS"
        },
        "name": "Additional codes for Address.use.",
        "description": "Codes for Address.use which are used as slice discriminators to capture address history at relevant points in time to case surveillance.",
        "exampleBoolean": false
      },
      {
        "extension": [
          {
            "url": "http://hl7.org/fhir/tools/StructureDefinition/resource-information",
            "valueString": "ValueSet"
          }
        ],
        "reference": {
          "reference": "ValueSet/CBSCaseNotificationPanelVS"
        },
        "name": "CBS Case Notification Panel Value Set",
        "description": "Codes found in the case notification panel that are otherwise not captured in other CBS profiles.",
        "exampleBoolean": false
      },
      {
        "extension": [
          {
            "url": "http://hl7.org/fhir/tools/StructureDefinition/resource-information",
            "valueString": "ValueSet"
          }
        ],
        "reference": {
          "reference": "ValueSet/CBSLabDiagnosticReportVS"
        },
        "name": "Combined ValueSet for Lab DiagnosticReport Code.",
        "description": "Codes for Lab Test Type. The codes are from two PHINVADS valuesets to support labs test repeating group",
        "exampleBoolean": false
      },
      {
        "extension": [
          {
            "url": "http://hl7.org/fhir/tools/StructureDefinition/resource-information",
            "valueString": "ValueSet"
          }
        ],
        "reference": {
          "reference": "ValueSet/CBSLabObservationResultVS"
        },
        "name": "Combined ValueSet for Lab Observation Result.",
        "description": "Codes for Lab Observations Result Value. The codes are from two PHINVADS valuesets to support lab results in MMG and Lab Repeating Group",
        "exampleBoolean": false
      },
      {
        "extension": [
          {
            "url": "http://hl7.org/fhir/tools/StructureDefinition/resource-information",
            "valueString": "ValueSet"
          }
        ],
        "reference": {
          "reference": "ValueSet/CBSLabObservationVS"
        },
        "name": "Combined ValueSet for Lab Observation Code.",
        "description": "Codes for Lab related Observations. The codes are to support labs in MMG and Lab Repeating Group",
        "exampleBoolean": false
      },
      {
        "extension": [
          {
            "url": "http://hl7.org/fhir/tools/StructureDefinition/resource-information",
            "valueString": "ValueSet"
          }
        ],
        "reference": {
          "reference": "ValueSet/CBSRelatedCaseTypeVS"
        },
        "name": "CBS Related Case Type Value Set",
        "description": "Codes found in the case notification panel that are otherwise not captured in other CBS profiles.",
        "exampleBoolean": false
      },
      {
        "extension": [
          {
            "url": "http://hl7.org/fhir/tools/StructureDefinition/resource-information",
            "valueString": "ValueSet"
          }
        ],
        "reference": {
          "reference": "ValueSet/CBSSTDSexualHistoryDrugUseQuestionnaireVS"
        },
        "name": "STD Sexual History and Drug Use Questionnaire Panel",
        "description": "This is an example valueset for how to setup coding for an Epi Questionnaire Panel using a selection of codes from the STD MMG.",
        "exampleBoolean": false
      },
      {
        "extension": [
          {
            "url": "http://hl7.org/fhir/tools/StructureDefinition/resource-information",
            "valueString": "ValueSet"
          }
        ],
        "reference": {
          "reference": "ValueSet/CBSSocialDeterminantsOfHealthCategoryVS"
        },
        "name": "CBS Case Social Determinants of Health Category Value Set",
        "description": "Categories for social determinants of health and related elements of social history which may be captured in the SDOH profile.",
        "exampleBoolean": false
      },
      {
        "extension": [
          {
            "url": "http://hl7.org/fhir/tools/StructureDefinition/resource-information",
            "valueString": "ValueSet"
          }
        ],
        "reference": {
          "reference": "ValueSet/CBSSocialDeterminantsOfHealthVS"
        },
        "name": "CBS Case Social Determinants of Health Codes Value Set",
        "description": "Codes for social determinants of health and related elements of social history which may be captured in the SDOH profile.",
        "exampleBoolean": false
      },
      {
        "extension": [
          {
            "url": "http://hl7.org/fhir/tools/StructureDefinition/resource-information",
            "valueString": "ValueSet"
          }
        ],
        "reference": {
          "reference": "ValueSet/CBSTimeWindowRelativeToVS"
        },
        "name": "CBS Time Window Relative To Value Set",
        "description": "Codes for specific resource elements referenced by the CBS Program Specific Time Window extension, to convey to which element in the referenced resource a time window is relative.",
        "exampleBoolean": false
      },
      {
        "extension": [
          {
            "url": "http://hl7.org/fhir/tools/StructureDefinition/resource-information",
            "valueString": "CodeSystem"
          }
        ],
        "reference": {
          "reference": "CodeSystem/cbs-temp-code-system"
        },
        "name": "Case Based Surveillance temporary/placeholder code system.",
        "description": "Code system defined as placeholders for items that are not defined in existing systems.",
        "exampleBoolean": false
      },
      {
        "extension": [
          {
            "url": "http://hl7.org/fhir/tools/StructureDefinition/resource-information",
            "valueString": "Observation"
          }
        ],
        "reference": {
          "reference": "Observation/GenV2-TC-CNP"
        },
        "name": "GenV2-TC-CNP",
        "description": "Case notification panel resource for the GenV2 Test Case 1 Patient",
        "exampleCanonical": "http://cbsig.chai.gatech.edu/StructureDefinition/cbs-case-notification-panel"
      },
      {
        "extension": [
          {
            "url": "http://hl7.org/fhir/tools/StructureDefinition/resource-information",
            "valueString": "Observation"
          }
        ],
        "reference": {
          "reference": "Observation/GenV2-TC-CNP-Member1"
        },
        "name": "GenV2-TC-CNP-Member1",
        "description": "Case notification panel member resource for the GenV2 Test Case 1 Patient",
        "exampleCanonical": "http://cbsig.chai.gatech.edu/StructureDefinition/cbs-cnp-member"
      },
      {
        "extension": [
          {
            "url": "http://hl7.org/fhir/tools/StructureDefinition/resource-information",
            "valueString": "Observation"
          }
        ],
        "reference": {
          "reference": "Observation/GenV2-TC-CNP-Member10"
        },
        "name": "GenV2-TC-CNP-Member10",
        "description": "Case notification panel member resource for the GenV2 Test Case 1 Patient",
        "exampleCanonical": "http://cbsig.chai.gatech.edu/StructureDefinition/cbs-cnp-member"
      },
      {
        "extension": [
          {
            "url": "http://hl7.org/fhir/tools/StructureDefinition/resource-information",
            "valueString": "Observation"
          }
        ],
        "reference": {
          "reference": "Observation/GenV2-TC-CNP-Member11"
        },
        "name": "GenV2-TC-CNP-Member11",
        "description": "Case notification panel member resource for the GenV2 Test Case 1 Patient",
        "exampleCanonical": "http://cbsig.chai.gatech.edu/StructureDefinition/cbs-cnp-member"
      },
      {
        "extension": [
          {
            "url": "http://hl7.org/fhir/tools/StructureDefinition/resource-information",
            "valueString": "Observation"
          }
        ],
        "reference": {
          "reference": "Observation/GenV2-TC-CNP-Member12"
        },
        "name": "GenV2-TC-CNP-Member12",
        "description": "Case notification panel member resource for the GenV2 Test Case 1 Patient",
        "exampleCanonical": "http://cbsig.chai.gatech.edu/StructureDefinition/cbs-cnp-member"
      },
      {
        "extension": [
          {
            "url": "http://hl7.org/fhir/tools/StructureDefinition/resource-information",
            "valueString": "Observation"
          }
        ],
        "reference": {
          "reference": "Observation/GenV2-TC-CNP-Member13"
        },
        "name": "GenV2-TC-CNP-Member13",
        "description": "Case notification panel member resource for the GenV2 Test Case 1 Patient",
        "exampleCanonical": "http://cbsig.chai.gatech.edu/StructureDefinition/cbs-cnp-member"
      },
      {
        "extension": [
          {
            "url": "http://hl7.org/fhir/tools/StructureDefinition/resource-information",
            "valueString": "Observation"
          }
        ],
        "reference": {
          "reference": "Observation/GenV2-TC-CNP-Member14"
        },
        "name": "GenV2-TC-CNP-Member14",
        "description": "Case notification panel member resource for the GenV2 Test Case 1 Patient",
        "exampleCanonical": "http://cbsig.chai.gatech.edu/StructureDefinition/cbs-cnp-member"
      },
      {
        "extension": [
          {
            "url": "http://hl7.org/fhir/tools/StructureDefinition/resource-information",
            "valueString": "Observation"
          }
        ],
        "reference": {
          "reference": "Observation/GenV2-TC-CNP-Member15"
        },
        "name": "GenV2-TC-CNP-Member15",
        "description": "Case notification panel member resource for the GenV2 Test Case 1 Patient",
        "exampleCanonical": "http://cbsig.chai.gatech.edu/StructureDefinition/cbs-cnp-member"
      },
      {
        "extension": [
          {
            "url": "http://hl7.org/fhir/tools/StructureDefinition/resource-information",
            "valueString": "Observation"
          }
        ],
        "reference": {
          "reference": "Observation/GenV2-TC-CNP-Member2"
        },
        "name": "GenV2-TC-CNP-Member2",
        "description": "Case notification panel member resource for the GenV2 Test Case 1 Patient",
        "exampleCanonical": "http://cbsig.chai.gatech.edu/StructureDefinition/cbs-cnp-member"
      },
      {
        "extension": [
          {
            "url": "http://hl7.org/fhir/tools/StructureDefinition/resource-information",
            "valueString": "Observation"
          }
        ],
        "reference": {
          "reference": "Observation/GenV2-TC-CNP-Member3"
        },
        "name": "GenV2-TC-CNP-Member3",
        "description": "Case notification panel member resource for the GenV2 Test Case 1 Patient",
        "exampleCanonical": "http://cbsig.chai.gatech.edu/StructureDefinition/cbs-cnp-member"
      },
      {
        "extension": [
          {
            "url": "http://hl7.org/fhir/tools/StructureDefinition/resource-information",
            "valueString": "Observation"
          }
        ],
        "reference": {
          "reference": "Observation/GenV2-TC-CNP-Member4"
        },
        "name": "GenV2-TC-CNP-Member4",
        "description": "Case notification panel member resource for the GenV2 Test Case 1 Patient",
        "exampleCanonical": "http://cbsig.chai.gatech.edu/StructureDefinition/cbs-cnp-member"
      },
      {
        "extension": [
          {
            "url": "http://hl7.org/fhir/tools/StructureDefinition/resource-information",
            "valueString": "Observation"
          }
        ],
        "reference": {
          "reference": "Observation/GenV2-TC-CNP-Member5"
        },
        "name": "GenV2-TC-CNP-Member5",
        "description": "Case notification panel member resource for the GenV2 Test Case 1 Patient",
        "exampleCanonical": "http://cbsig.chai.gatech.edu/StructureDefinition/cbs-cnp-member"
      },
      {
        "extension": [
          {
            "url": "http://hl7.org/fhir/tools/StructureDefinition/resource-information",
            "valueString": "Observation"
          }
        ],
        "reference": {
          "reference": "Observation/GenV2-TC-CNP-Member6"
        },
        "name": "GenV2-TC-CNP-Member6",
        "description": "Case notification panel member resource for the GenV2 Test Case 1 Patient",
        "exampleCanonical": "http://cbsig.chai.gatech.edu/StructureDefinition/cbs-cnp-member"
      },
      {
        "extension": [
          {
            "url": "http://hl7.org/fhir/tools/StructureDefinition/resource-information",
            "valueString": "Observation"
          }
        ],
        "reference": {
          "reference": "Observation/GenV2-TC-CNP-Member7"
        },
        "name": "GenV2-TC-CNP-Member7",
        "description": "Case notification panel member resource for the GenV2 Test Case 1 Patient",
        "exampleCanonical": "http://cbsig.chai.gatech.edu/StructureDefinition/cbs-cnp-member"
      },
      {
        "extension": [
          {
            "url": "http://hl7.org/fhir/tools/StructureDefinition/resource-information",
            "valueString": "Observation"
          }
        ],
        "reference": {
          "reference": "Observation/GenV2-TC-CNP-Member8"
        },
        "name": "GenV2-TC-CNP-Member8",
        "description": "Case notification panel member resource for the GenV2 Test Case 1 Patient",
        "exampleCanonical": "http://cbsig.chai.gatech.edu/StructureDefinition/cbs-cnp-member"
      },
      {
        "extension": [
          {
            "url": "http://hl7.org/fhir/tools/StructureDefinition/resource-information",
            "valueString": "Observation"
          }
        ],
        "reference": {
          "reference": "Observation/GenV2-TC-CNP-Member9"
        },
        "name": "GenV2-TC-CNP-Member9",
        "description": "Case notification panel member resource for the GenV2 Test Case 1 Patient",
        "exampleCanonical": "http://cbsig.chai.gatech.edu/StructureDefinition/cbs-cnp-member"
      },
      {
        "extension": [
          {
            "url": "http://hl7.org/fhir/tools/StructureDefinition/resource-information",
            "valueString": "Observation"
          }
        ],
        "reference": {
          "reference": "Observation/GenV2-TC-CauseOfDeath"
        },
        "name": "GenV2-TC-CauseOfDeath",
        "description": "Cause of death resource for the GenV2 Test Case 1 Patient",
        "exampleCanonical": "http://cbsig.chai.gatech.edu/StructureDefinition/cbs-cause-of-death"
      },
      {
        "extension": [
          {
            "url": "http://hl7.org/fhir/tools/StructureDefinition/resource-information",
            "valueString": "Composition"
          }
        ],
        "reference": {
          "reference": "Composition/GenV2-TC-Composition"
        },
        "name": "GenV2-TC-Composition",
        "description": "Composition resource for the GenV2 Test Case 1 Patient",
        "exampleCanonical": "http://cbsig.chai.gatech.edu/StructureDefinition/cbs-composition"
      },
      {
        "extension": [
          {
            "url": "http://hl7.org/fhir/tools/StructureDefinition/resource-information",
            "valueString": "Condition"
          }
        ],
        "reference": {
          "reference": "Condition/GenV2-TC-Condition"
        },
        "name": "GenV2-TC-Condition",
        "description": "Condition of interest resource for the GenV2 Test Case 1 Patient",
        "exampleCanonical": "http://cbsig.chai.gatech.edu/StructureDefinition/cbs-condition"
      },
      {
        "extension": [
          {
            "url": "http://hl7.org/fhir/tools/StructureDefinition/resource-information",
            "valueString": "Bundle"
          }
        ],
        "reference": {
          "reference": "Bundle/GenV2-TC-Document"
        },
        "name": "GenV2-TC-Document",
        "description": "Document bundle for the GenV2 Test Case 1 Patient",
        "exampleCanonical": "http://cbsig.chai.gatech.edu/StructureDefinition/cbs-document-bundle"
      },
      {
        "extension": [
          {
            "url": "http://hl7.org/fhir/tools/StructureDefinition/resource-information",
            "valueString": "Observation"
          }
        ],
        "reference": {
          "reference": "Observation/GenV2-TC-Exposure"
        },
        "name": "GenV2-TC-Exposure",
        "description": "Exposure observation resource for the GenV2 Test Case 1 Patient",
        "exampleCanonical": "http://cbsig.chai.gatech.edu/StructureDefinition/cbs-exposure-observation"
      },
      {
        "extension": [
          {
            "url": "http://hl7.org/fhir/tools/StructureDefinition/resource-information",
            "valueString": "Encounter"
          }
        ],
        "reference": {
          "reference": "Encounter/GenV2-TC-Hospitalization"
        },
        "name": "GenV2-TC-Hospitalization",
        "description": "CBS Hospitalization resource for the GenV2 Test Case 1 Patient",
        "exampleCanonical": "http://cbsig.chai.gatech.edu/StructureDefinition/cbs-hospitalization"
      },
      {
        "extension": [
          {
            "url": "http://hl7.org/fhir/tools/StructureDefinition/resource-information",
            "valueString": "Observation"
          }
        ],
        "reference": {
          "reference": "Observation/GenV2-TC-MMWR"
        },
        "name": "GenV2-TC-MMWR",
        "description": "MMWR resource for the GenV2 Test Case 1 Patient",
        "exampleCanonical": "http://cbsig.chai.gatech.edu/StructureDefinition/cbs-mmwr"
      },
      {
        "extension": [
          {
            "url": "http://hl7.org/fhir/tools/StructureDefinition/resource-information",
            "valueString": "Patient"
          }
        ],
        "reference": {
          "reference": "Patient/GenV2-TC-Patient"
        },
        "name": "GenV2-TC-Patient",
        "description": "CBS Patient resource for the GenV2 Test Case 1 Patient",
        "exampleCanonical": "http://cbsig.chai.gatech.edu/StructureDefinition/cbs-patient"
      },
      {
        "extension": [
          {
            "url": "http://hl7.org/fhir/tools/StructureDefinition/resource-information",
            "valueString": "Practitioner"
          }
        ],
        "reference": {
          "reference": "Practitioner/GenV2-TC-Person-Reporting"
        },
        "name": "GenV2-TC-Person-Reporting",
        "description": "Person reporting to CDC example resource for the GenV2 Test Case 1",
        "exampleCanonical": "http://cbsig.chai.gatech.edu/StructureDefinition/cbs-person-reporting-to-cdc"
      },
      {
        "extension": [
          {
            "url": "http://hl7.org/fhir/tools/StructureDefinition/resource-information",
            "valueString": "Organization"
          }
        ],
        "reference": {
          "reference": "Organization/GenV2-TC-Reporting-Source"
        },
        "name": "GenV2-TC-Reporting-Source",
        "description": "Reporting source example resource for the GenV2 Test Case 1",
        "exampleCanonical": "http://cbsig.chai.gatech.edu/StructureDefinition/cbs-reporting-source-organization"
      },
      {
        "extension": [
          {
            "url": "http://hl7.org/fhir/tools/StructureDefinition/resource-information",
            "valueString": "Observation"
          }
        ],
        "reference": {
          "reference": "Observation/HAICA-TC-CNP"
        },
        "name": "HAICA-TC-CNP",
        "description": "Case notification panel resource for the HAI-CA Test Case 2 Patient",
        "exampleCanonical": "http://cbsig.chai.gatech.edu/StructureDefinition/cbs-case-notification-panel"
      },
      {
        "extension": [
          {
            "url": "http://hl7.org/fhir/tools/StructureDefinition/resource-information",
            "valueString": "Observation"
          }
        ],
        "reference": {
          "reference": "Observation/HAICA-TC-CNP-Member1"
        },
        "name": "HAICA-TC-CNP-Member1",
        "description": "Case notification panel member resource for the HAI-CA Test Case 2 Patient",
        "exampleCanonical": "http://cbsig.chai.gatech.edu/StructureDefinition/cbs-cnp-member"
      },
      {
        "extension": [
          {
            "url": "http://hl7.org/fhir/tools/StructureDefinition/resource-information",
            "valueString": "Observation"
          }
        ],
        "reference": {
          "reference": "Observation/HAICA-TC-CNP-Member2"
        },
        "name": "HAICA-TC-CNP-Member2",
        "description": "Case notification panel member resource for the HAI-CA Test Case 2 Patient",
        "exampleCanonical": "http://cbsig.chai.gatech.edu/StructureDefinition/cbs-cnp-member"
      },
      {
        "extension": [
          {
            "url": "http://hl7.org/fhir/tools/StructureDefinition/resource-information",
            "valueString": "Observation"
          }
        ],
        "reference": {
          "reference": "Observation/HAICA-TC-CNP-Member3"
        },
        "name": "HAICA-TC-CNP-Member3",
        "description": "Case notification panel member resource for the HAI-CA Test Case 2 Patient",
        "exampleCanonical": "http://cbsig.chai.gatech.edu/StructureDefinition/cbs-cnp-member"
      },
      {
        "extension": [
          {
            "url": "http://hl7.org/fhir/tools/StructureDefinition/resource-information",
            "valueString": "Observation"
          }
        ],
        "reference": {
          "reference": "Observation/HAICA-TC-CNP-Member4"
        },
        "name": "HAICA-TC-CNP-Member4",
        "description": "Case notification panel member resource for the HAI-CA Test Case 2 Patient",
        "exampleCanonical": "http://cbsig.chai.gatech.edu/StructureDefinition/cbs-cnp-member"
      },
      {
        "extension": [
          {
            "url": "http://hl7.org/fhir/tools/StructureDefinition/resource-information",
            "valueString": "Observation"
          }
        ],
        "reference": {
          "reference": "Observation/HAICA-TC-CNP-Member5"
        },
        "name": "HAICA-TC-CNP-Member5",
        "description": "Case notification panel member resource for the HAI-CA Test Case 2 Patient",
        "exampleCanonical": "http://cbsig.chai.gatech.edu/StructureDefinition/cbs-cnp-member"
      },
      {
        "extension": [
          {
            "url": "http://hl7.org/fhir/tools/StructureDefinition/resource-information",
            "valueString": "Observation"
          }
        ],
        "reference": {
          "reference": "Observation/HAICA-TC-CNP-Member6"
        },
        "name": "HAICA-TC-CNP-Member6",
        "description": "Case notification panel member resource for the HAI-CA Test Case 2 Patient",
        "exampleCanonical": "http://cbsig.chai.gatech.edu/StructureDefinition/cbs-cnp-member"
      },
      {
        "extension": [
          {
            "url": "http://hl7.org/fhir/tools/StructureDefinition/resource-information",
            "valueString": "Composition"
          }
        ],
        "reference": {
          "reference": "Composition/HAICA-TC-Composition"
        },
        "name": "HAICA-TC-Composition",
        "description": "Composition resource for the HAI-CA Test Case 2 Patient",
        "exampleCanonical": "http://cbsig.chai.gatech.edu/StructureDefinition/cbs-composition"
      },
      {
        "extension": [
          {
            "url": "http://hl7.org/fhir/tools/StructureDefinition/resource-information",
            "valueString": "Condition"
          }
        ],
        "reference": {
          "reference": "Condition/HAICA-TC-Condition"
        },
        "name": "HAICA-TC-Condition",
        "description": "Condition of interest resource for the HAI-CA Test Case 2 Patient",
        "exampleCanonical": "http://cbsig.chai.gatech.edu/StructureDefinition/cbs-condition"
      },
      {
        "extension": [
          {
            "url": "http://hl7.org/fhir/tools/StructureDefinition/resource-information",
            "valueString": "Bundle"
          }
        ],
        "reference": {
          "reference": "Bundle/HAICA-TC-Document"
        },
        "name": "HAICA-TC-Document",
        "description": "Document bundle for the HAI-CA Test Case 2 Patient",
        "exampleCanonical": "http://cbsig.chai.gatech.edu/StructureDefinition/cbs-document-bundle"
      },
      {
        "extension": [
          {
            "url": "http://hl7.org/fhir/tools/StructureDefinition/resource-information",
            "valueString": "Encounter"
          }
        ],
        "reference": {
          "reference": "Encounter/HAICA-TC-Hospitalization"
        },
        "name": "HAICA-TC-Hospitalization",
        "description": "CBS Hospitalization resource for the HAI-CA Test Case 2 Patient",
        "exampleCanonical": "http://cbsig.chai.gatech.edu/StructureDefinition/cbs-hospitalization"
      },
      {
        "extension": [
          {
            "url": "http://hl7.org/fhir/tools/StructureDefinition/resource-information",
            "valueString": "DiagnosticReport"
          }
        ],
        "reference": {
          "reference": "DiagnosticReport/HAICA-TC-Lab-DiagnosticReport"
        },
        "name": "HAICA-TC-Lab-DiagnosticReport",
        "description": "A lab diagnostic report example resource for the HAI-CA Test Case 2.",
        "exampleCanonical": "http://cbsig.chai.gatech.edu/StructureDefinition/cbs-lab-diagnosticreport"
      },
      {
        "extension": [
          {
            "url": "http://hl7.org/fhir/tools/StructureDefinition/resource-information",
            "valueString": "Observation"
          }
        ],
        "reference": {
          "reference": "Observation/HAICA-TC-Lab-Observation"
        },
        "name": "HAICA-TC-Lab-Observation",
        "description": "A lab observation example resource for the HAI-CA Test Case 2.",
        "exampleCanonical": "http://cbsig.chai.gatech.edu/StructureDefinition/cbs-lab-observation"
      },
      {
        "extension": [
          {
            "url": "http://hl7.org/fhir/tools/StructureDefinition/resource-information",
            "valueString": "Observation"
          }
        ],
        "reference": {
          "reference": "Observation/HAICA-TC-MMWR"
        },
        "name": "HAICA-TC-MMWR",
        "description": "MMWR resource for the HAI-CA Test Case 2 Patient",
        "exampleCanonical": "http://cbsig.chai.gatech.edu/StructureDefinition/cbs-mmwr"
      },
      {
        "extension": [
          {
            "url": "http://hl7.org/fhir/tools/StructureDefinition/resource-information",
            "valueString": "Patient"
          }
        ],
        "reference": {
          "reference": "Patient/HAICA-TC-Patient"
        },
        "name": "HAICA-TC-Patient",
        "description": "CBS Patient resource for the HAI-CA Test Case 2 Patient",
        "exampleCanonical": "http://cbsig.chai.gatech.edu/StructureDefinition/cbs-patient"
      },
      {
        "extension": [
          {
            "url": "http://hl7.org/fhir/tools/StructureDefinition/resource-information",
            "valueString": "Practitioner"
          }
        ],
        "reference": {
          "reference": "Practitioner/HAICA-TC-Person-Reporting"
        },
        "name": "HAICA-TC-Person-Reporting",
        "description": "Person reporting to CDC example resource for the HAI-CA Test Case 2",
        "exampleCanonical": "http://cbsig.chai.gatech.edu/StructureDefinition/cbs-person-reporting-to-cdc"
      },
      {
        "extension": [
          {
            "url": "http://hl7.org/fhir/tools/StructureDefinition/resource-information",
            "valueString": "Organization"
          }
        ],
        "reference": {
          "reference": "Organization/HAICA-TC-Reporting-Source"
        },
        "name": "HAICA-TC-Reporting-Source",
        "description": "Reporting source example resource for the HAICA Test Case 2",
        "exampleCanonical": "http://cbsig.chai.gatech.edu/StructureDefinition/cbs-reporting-source-organization"
      },
      {
        "extension": [
          {
            "url": "http://hl7.org/fhir/tools/StructureDefinition/resource-information",
            "valueString": "Specimen"
          }
        ],
        "reference": {
          "reference": "Specimen/HAICA-TC-Specimen"
        },
        "name": "HAICA-TC-Specimen",
        "description": "A specimen example resource for the HAI-CA Test Case 2.",
        "exampleCanonical": "http://cbsig.chai.gatech.edu/StructureDefinition/cbs-specimen"
      }
    ],
    "page": {
      "nameUrl": "toc.html",
      "title": "Table of Contents",
      "generation": "html",
      "page": [
        {
          "nameUrl": "index.html",
          "title": "Home",
          "generation": "markdown"
        },
        {
          "nameUrl": "examples.html",
          "title": "Examples",
          "generation": "markdown"
        },
        {
          "nameUrl": "mapping.html",
          "title": "Mapping",
          "generation": "markdown"
        },
        {
          "nameUrl": "profiles-and-extensions.html",
          "title": "Profiles and Extensions",
          "generation": "markdown"
        },
        {
          "nameUrl": "terminology.html",
          "title": "Terminology",
          "generation": "markdown"
        }
      ]
    },
    "parameter": [
      {
        "code": "path-resource",
        "value": "input/capabilities"
      },
      {
        "code": "path-resource",
        "value": "input/examples"
      },
      {
        "code": "path-resource",
        "value": "input/extensions"
      },
      {
        "code": "path-resource",
        "value": "input/models"
      },
      {
        "code": "path-resource",
        "value": "input/operations"
      },
      {
        "code": "path-resource",
        "value": "input/profiles"
      },
      {
        "code": "path-resource",
        "value": "input/resources"
      },
      {
        "code": "path-resource",
        "value": "input/vocabulary"
      },
      {
        "code": "path-resource",
        "value": "input/maps"
      },
      {
        "code": "path-resource",
        "value": "input/testing"
      },
      {
        "code": "path-resource",
        "value": "input/history"
      },
      {
        "code": "path-resource",
        "value": "fsh-generated/resources"
      },
      {
        "code": "path-pages",
        "value": "template/config"
      },
      {
        "code": "path-pages",
        "value": "input/images"
      },
      {
        "code": "path-tx-cache",
        "value": "input-cache/txcache"
      }
    ]
  }
}