<?xml version="1.0" encoding="UTF-8"?>

<ImplementationGuide xmlns="http://hl7.org/fhir">
  <id value="gtri.fhir.cbs"/>
  <text>
    <status value="extensions"/><div xmlns="http://www.w3.org/1999/xhtml"><h2>CBSIG</h2><p>The official URL for this implementation guide is: </p><pre>http://cbsig.chai.gatech.edu/ImplementationGuide/gtri.fhir.cbs</pre><div><p>An IG that is used to support case based surveillance messaging for the public health domain</p>
</div></div>
  </text>
  <url value="http://cbsig.chai.gatech.edu/ImplementationGuide/gtri.fhir.cbs"/>
  <version value="0.1.0"/>
  <name value="CBSIG"/>
  <title value="Case Based Surveillance Implementation Guide"/>
  <status value="draft"/>
  <date value="2021-08-18T11:20:42-04:00"/>
  <publisher value="Georgia Tech Research Institute (GTRI)"/>
  <contact>
    <name value="Georgia Tech Research Institute (GTRI)"/>
    <telecom>
      <system value="url"/>
      <value value="http://gtri.gatech.edu/"/>
    </telecom>
  </contact>
  <description value="An IG that is used to support case based surveillance messaging for the public health domain"/>
  <packageId value="gtri.fhir.cbs"/>
  <license value="CC0-1.0"/>
  <fhirVersion value="4.0.1"/>
  <dependsOn id="us_cdc_phinvads">
    <uri value="http://fhir.org/packages/us.cdc.phinvads"/>
    <packageId value="us.cdc.phinvads"/>
    <version value="0.7.0"/>
  </dependsOn>
  <dependsOn id="hl7_fhir_us_core">
    <uri value="http://hl7.org/fhir/us/core/ImplementationGuide/hl7.fhir.us.core"/>
    <packageId value="hl7.fhir.us.core"/>
    <version value="4.0.0"/>
  </dependsOn>
  <dependsOn id="hl7_fhir_us_ecr">
    <uri value="http://hl7.org/fhir/us/ecr/ImplementationGuide/hl7.fhir.us.ecr"/>
    <packageId value="hl7.fhir.us.ecr"/>
    <version value="1.0.0"/>
  </dependsOn>
  <dependsOn id="hl7_fhir_us_odh">
    <uri value="http://hl7.org/fhir/us/odh/ImplementationGuide/hl7.fhir.us.odh"/>
    <packageId value="hl7.fhir.us.odh"/>
    <version value="1.1.0"/>
  </dependsOn>
  <definition>
    <extension url="http://hl7.org/fhir/tools/StructureDefinition/ig-parameter">
      <extension url="code">
        <valueString value="copyrightyear"/>
      </extension>
      <extension url="value">
        <valueString value="2021+"/>
      </extension>
    </extension>
    <extension url="http://hl7.org/fhir/tools/StructureDefinition/ig-parameter">
      <extension url="code">
        <valueString value="releaselabel"/>
      </extension>
      <extension url="value">
        <valueString value="ci-build"/>
      </extension>
    </extension>
    <extension url="http://hl7.org/fhir/tools/StructureDefinition/ig-parameter">
      <extension url="code">
        <valueString value="path-liquid"/>
      </extension>
      <extension url="value">
        <valueString value="template/liquid"/>
      </extension>
    </extension>
    <extension url="http://hl7.org/fhir/tools/StructureDefinition/ig-parameter">
      <extension url="code">
        <valueString value="path-liquid"/>
      </extension>
      <extension url="value">
        <valueString value="input/liquid"/>
      </extension>
    </extension>
    <extension url="http://hl7.org/fhir/tools/StructureDefinition/ig-parameter">
      <extension url="code">
        <valueString value="path-qa"/>
      </extension>
      <extension url="value">
        <valueString value="temp/qa"/>
      </extension>
    </extension>
    <extension url="http://hl7.org/fhir/tools/StructureDefinition/ig-parameter">
      <extension url="code">
        <valueString value="path-temp"/>
      </extension>
      <extension url="value">
        <valueString value="temp/pages"/>
      </extension>
    </extension>
    <extension url="http://hl7.org/fhir/tools/StructureDefinition/ig-parameter">
      <extension url="code">
        <valueString value="path-output"/>
      </extension>
      <extension url="value">
        <valueString value="output"/>
      </extension>
    </extension>
    <extension url="http://hl7.org/fhir/tools/StructureDefinition/ig-parameter">
      <extension url="code">
        <valueString value="path-suppressed-warnings"/>
      </extension>
      <extension url="value">
        <valueString value="input/ignoreWarnings.txt"/>
      </extension>
    </extension>
    <extension url="http://hl7.org/fhir/tools/StructureDefinition/ig-parameter">
      <extension url="code">
        <valueString value="path-history"/>
      </extension>
      <extension url="value">
        <valueString value="http://cbsig.chai.gatech.edu/history.html"/>
      </extension>
    </extension>
    <extension url="http://hl7.org/fhir/tools/StructureDefinition/ig-parameter">
      <extension url="code">
        <valueString value="template-html"/>
      </extension>
      <extension url="value">
        <valueString value="template-page.html"/>
      </extension>
    </extension>
    <extension url="http://hl7.org/fhir/tools/StructureDefinition/ig-parameter">
      <extension url="code">
        <valueString value="template-md"/>
      </extension>
      <extension url="value">
        <valueString value="template-page-md.html"/>
      </extension>
    </extension>
    <extension url="http://hl7.org/fhir/tools/StructureDefinition/ig-parameter">
      <extension url="code">
        <valueString value="apply-contact"/>
      </extension>
      <extension url="value">
        <valueString value="true"/>
      </extension>
    </extension>
    <extension url="http://hl7.org/fhir/tools/StructureDefinition/ig-parameter">
      <extension url="code">
        <valueString value="apply-context"/>
      </extension>
      <extension url="value">
        <valueString value="true"/>
      </extension>
    </extension>
    <extension url="http://hl7.org/fhir/tools/StructureDefinition/ig-parameter">
      <extension url="code">
        <valueString value="apply-copyright"/>
      </extension>
      <extension url="value">
        <valueString value="true"/>
      </extension>
    </extension>
    <extension url="http://hl7.org/fhir/tools/StructureDefinition/ig-parameter">
      <extension url="code">
        <valueString value="apply-jurisdiction"/>
      </extension>
      <extension url="value">
        <valueString value="true"/>
      </extension>
    </extension>
    <extension url="http://hl7.org/fhir/tools/StructureDefinition/ig-parameter">
      <extension url="code">
        <valueString value="apply-license"/>
      </extension>
      <extension url="value">
        <valueString value="true"/>
      </extension>
    </extension>
    <extension url="http://hl7.org/fhir/tools/StructureDefinition/ig-parameter">
      <extension url="code">
        <valueString value="apply-publisher"/>
      </extension>
      <extension url="value">
        <valueString value="true"/>
      </extension>
    </extension>
    <extension url="http://hl7.org/fhir/tools/StructureDefinition/ig-parameter">
      <extension url="code">
        <valueString value="apply-version"/>
      </extension>
      <extension url="value">
        <valueString value="true"/>
      </extension>
    </extension>
    <extension url="http://hl7.org/fhir/tools/StructureDefinition/ig-parameter">
      <extension url="code">
        <valueString value="active-tables"/>
      </extension>
      <extension url="value">
        <valueString value="true"/>
      </extension>
    </extension>
    <resource>
      <extension url="http://hl7.org/fhir/tools/StructureDefinition/resource-information">
        <valueString value="StructureDefinition:resource"/>
      </extension>
      <reference>
        <reference value="StructureDefinition/cbs-epi-questionnaire-panel"/>
      </reference>
      <name value="Case Based Surveillance Epi Questionnaire Panel"/>
      <description value="Defines constraints on Observation to represent structured resources for the collection and organization of epidemiological questions."/>
      <exampleBoolean value="false"/>
    </resource>
    <resource>
      <extension url="http://hl7.org/fhir/tools/StructureDefinition/resource-information">
        <valueString value="StructureDefinition:resource"/>
      </extension>
      <reference>
        <reference value="StructureDefinition/cbs-case-notification-panel"/>
      </reference>
      <name value="Case Based Surveillance Case Notification Panel Profile"/>
      <description value="Defines constraints on Observation to represent the case notification panel in public health surveillance programs."/>
      <exampleBoolean value="false"/>
    </resource>
    <resource>
      <extension url="http://hl7.org/fhir/tools/StructureDefinition/resource-information">
        <valueString value="StructureDefinition:resource"/>
      </extension>
      <reference>
        <reference value="StructureDefinition/cbs-cnp-member"/>
      </reference>
      <name value="Case Based Surveillance Case Notification Panel Member"/>
      <description value="Defines constraints on the CBS Case Notification Panel Profile for defining the member resources of the case notification panel in public health surveillance programs."/>
      <exampleBoolean value="false"/>
    </resource>
    <resource>
      <extension url="http://hl7.org/fhir/tools/StructureDefinition/resource-information">
        <valueString value="StructureDefinition:resource"/>
      </extension>
      <reference>
        <reference value="StructureDefinition/cbs-cause-of-death"/>
      </reference>
      <name value="Case Based Surveillance Cause of Death Profile"/>
      <description value="Defines constraints on on the Observation resource for supporting public health reporting workflows involving the cause of death of the subject."/>
      <exampleBoolean value="false"/>
    </resource>
    <resource>
      <extension url="http://hl7.org/fhir/tools/StructureDefinition/resource-information">
        <valueString value="StructureDefinition:resource"/>
      </extension>
      <reference>
        <reference value="StructureDefinition/cbs-composition"/>
      </reference>
      <name value="Case Based Surveillance Composition Profile"/>
      <description value="Defines constraints to the Composition resource in order to meet the needs of public health surveillance programs."/>
      <exampleBoolean value="false"/>
    </resource>
    <resource>
      <extension url="http://hl7.org/fhir/tools/StructureDefinition/resource-information">
        <valueString value="StructureDefinition:resource"/>
      </extension>
      <reference>
        <reference value="StructureDefinition/cbs-condition"/>
      </reference>
      <name value="Case Based Surveillance Condition of Interest Profile"/>
      <description value="Defines constraints and extensions to the Condition resource in order to meet the needs of public health surveillance programs while providing as much alignment with US Core requirements as possible."/>
      <exampleBoolean value="false"/>
    </resource>
    <resource>
      <extension url="http://hl7.org/fhir/tools/StructureDefinition/resource-information">
        <valueString value="StructureDefinition:resource"/>
      </extension>
      <reference>
        <reference value="StructureDefinition/cbs-document-bundle"/>
      </reference>
      <name value="Case Based Surveillance Document Profile"/>
      <description value="Defines a document type bundle that contains all related profiles."/>
      <exampleBoolean value="false"/>
    </resource>
    <resource>
      <extension url="http://hl7.org/fhir/tools/StructureDefinition/resource-information">
        <valueString value="StructureDefinition:resource"/>
      </extension>
      <reference>
        <reference value="StructureDefinition/cbs-exposure-observation"/>
      </reference>
      <name value="Case Based Surveillance Exposure Observation Profile"/>
      <description value="Defines constraints to the CBS Case Notification Panel Member profile to represent the exposure observations of the case notification panel."/>
      <exampleBoolean value="false"/>
    </resource>
    <resource>
      <extension url="http://hl7.org/fhir/tools/StructureDefinition/resource-information">
        <valueString value="StructureDefinition:resource"/>
      </extension>
      <reference>
        <reference value="StructureDefinition/cbs-hospitalization"/>
      </reference>
      <name value="Case Based Surveillance Hospitalization Encounter Profile"/>
      <description value="Defines constraints on Encounter to represent hospitalization due to a condition of interest in public health surveillance programs."/>
      <exampleBoolean value="false"/>
    </resource>
    <resource>
      <extension url="http://hl7.org/fhir/tools/StructureDefinition/resource-information">
        <valueString value="StructureDefinition:resource"/>
      </extension>
      <reference>
        <reference value="StructureDefinition/cbs-lab-diagnosticreport"/>
      </reference>
      <name value="Case Based Surveillance Lab Test Report"/>
      <description value="Defines a DiagnosticReport resource profile in order to meet the needs of public health surveillance programs."/>
      <exampleBoolean value="false"/>
    </resource>
    <resource>
      <extension url="http://hl7.org/fhir/tools/StructureDefinition/resource-information">
        <valueString value="StructureDefinition:resource"/>
      </extension>
      <reference>
        <reference value="StructureDefinition/cbs-lab-observation"/>
      </reference>
      <name value="Case Based Surveillance Lab Observation"/>
      <description value="Defines constraints on the Observation resource in order to meet the needs of lab reporting in public health surveillance programs."/>
      <exampleBoolean value="false"/>
    </resource>
    <resource>
      <extension url="http://hl7.org/fhir/tools/StructureDefinition/resource-information">
        <valueString value="StructureDefinition:resource"/>
      </extension>
      <reference>
        <reference value="StructureDefinition/cbs-mmwr"/>
      </reference>
      <name value="Case Based Surveillance Morbidity and Mortality Weekly Report (MMWR) Elements"/>
      <description value="Defines constraints on CBS Case Notification Panel to represent the MMWR elements of the case notification panel in public health surveillance programs."/>
      <exampleBoolean value="false"/>
    </resource>
    <resource>
      <extension url="http://hl7.org/fhir/tools/StructureDefinition/resource-information">
        <valueString value="StructureDefinition:resource"/>
      </extension>
      <reference>
        <reference value="StructureDefinition/cbs-patient"/>
      </reference>
      <name value="Case Based Surveillance Patient Profile"/>
      <description value="Defines constraints and extensions to the patient resource in order to meet the needs of public health surveillance programs while providing as much alignment with US Core requirements as possible. Mapping between similar concepts implemented with different value sets (ie: race, ethnicity, or sex assigned at birth) may be required."/>
      <exampleBoolean value="false"/>
    </resource>
    <resource>
      <extension url="http://hl7.org/fhir/tools/StructureDefinition/resource-information">
        <valueString value="StructureDefinition:resource"/>
      </extension>
      <reference>
        <reference value="StructureDefinition/cbs-performing-lab"/>
      </reference>
      <name value="Case Based Surveillance Performing Laboratory Profile"/>
      <description value="NOT FINAL GOING TO CHANGE"/>
      <exampleBoolean value="false"/>
    </resource>
    <resource>
      <extension url="http://hl7.org/fhir/tools/StructureDefinition/resource-information">
        <valueString value="StructureDefinition:resource"/>
      </extension>
      <reference>
        <reference value="StructureDefinition/cbs-person-reporting-to-cdc"/>
      </reference>
      <name value="Case Based Surveillance Person Reporting To CDC Profile"/>
      <description value="Defines constraints on on the Practitioner resource for supporting public health reporting workflows involving the person reporting to the CDC."/>
      <exampleBoolean value="false"/>
    </resource>
    <resource>
      <extension url="http://hl7.org/fhir/tools/StructureDefinition/resource-information">
        <valueString value="StructureDefinition:resource"/>
      </extension>
      <reference>
        <reference value="StructureDefinition/cbs-reporting-source-organization"/>
      </reference>
      <name value="Case Based Surveillance Reporting Source Organization Profile"/>
      <description value="Defines constraints to the Organization resource in order to meet the needs of public health surveillance programs regarding the reporting source."/>
      <exampleBoolean value="false"/>
    </resource>
    <resource>
      <extension url="http://hl7.org/fhir/tools/StructureDefinition/resource-information">
        <valueString value="StructureDefinition:resource"/>
      </extension>
      <reference>
        <reference value="StructureDefinition/cbs-specimen"/>
      </reference>
      <name value="Case Based Surveillance Specimen Profile"/>
      <description value="Defines constraints on the Specimen resource in order to meet the needs of public health surveillance programs."/>
      <exampleBoolean value="false"/>
    </resource>
    <resource>
      <extension url="http://hl7.org/fhir/tools/StructureDefinition/resource-information">
        <valueString value="StructureDefinition:extension"/>
      </extension>
      <reference>
        <reference value="StructureDefinition/cbs-birthsex"/>
      </reference>
      <name value="Case Based Surveillance Sex Assigned at Birth Extension"/>
      <description value="A code classifying the person&#39;s sex assigned at birth."/>
      <exampleBoolean value="false"/>
    </resource>
    <resource>
      <extension url="http://hl7.org/fhir/tools/StructureDefinition/resource-information">
        <valueString value="StructureDefinition:extension"/>
      </extension>
      <reference>
        <reference value="StructureDefinition/cbs-case-class-status"/>
      </reference>
      <name value="Case Based Surveillance Case Class Status"/>
      <description value="A code denoting the status of the case/event as suspect, probable, confirmed, or not a case per CSTE/CDC/surveillance case definitions."/>
      <exampleBoolean value="false"/>
    </resource>
    <resource>
      <extension url="http://hl7.org/fhir/tools/StructureDefinition/resource-information">
        <valueString value="StructureDefinition:extension"/>
      </extension>
      <reference>
        <reference value="StructureDefinition/cbs-diagnosis-date"/>
      </reference>
      <name value="Case Based Surveillance Diagnosis Date Extension"/>
      <description value="A dateTime indicating when the condition of interest was diagnosed."/>
      <exampleBoolean value="false"/>
    </resource>
    <resource>
      <extension url="http://hl7.org/fhir/tools/StructureDefinition/resource-information">
        <valueString value="StructureDefinition:extension"/>
      </extension>
      <reference>
        <reference value="StructureDefinition/cbs-ethnicity"/>
      </reference>
      <name value="Case Based Surveillance Ethnicity Extension"/>
      <description value="Concepts classifying the person into a named category of humans sharing common history, traits, geographical origin or nationality.  The ethnicity codes used to represent these concepts are based upon the [CDC ethnicity and Ethnicity Code Set Version 1.0](http://www.cdc.gov/phin/resources/vocabulary/index.html) which includes over 900 concepts for representing race and ethnicity of which 43 reference ethnicity.  The ethnicity concepts are grouped by and pre-mapped to the 2 OMB ethnicity categories: - Hispanic or Latino - Not Hispanic or Latino. This extension is based on the equivalent US Core extension though utilizes the public health focused PHIN Value Set and limiting data based on established standards in public health case based surveillance messaging."/>
      <exampleBoolean value="false"/>
    </resource>
    <resource>
      <extension url="http://hl7.org/fhir/tools/StructureDefinition/resource-information">
        <valueString value="StructureDefinition:extension"/>
      </extension>
      <reference>
        <reference value="StructureDefinition/cbs-race"/>
      </reference>
      <name value="Case Based Surveillance Race Extension"/>
      <description value="Concepts classifying the person into a named category of humans sharing common history, traits, geographical origin or nationality."/>
      <exampleBoolean value="false"/>
    </resource>
    <resource>
      <extension url="http://hl7.org/fhir/tools/StructureDefinition/resource-information">
        <valueString value="StructureDefinition:extension"/>
      </extension>
      <reference>
        <reference value="StructureDefinition/cbs-specimen-role"/>
      </reference>
      <name value="Case Based Surveillance Specimen Role Extension"/>
      <description value="Indicates the role of the sample."/>
      <exampleBoolean value="false"/>
    </resource>
    <resource>
      <extension url="http://hl7.org/fhir/tools/StructureDefinition/resource-information">
        <valueString value="StructureDefinition:extension"/>
      </extension>
      <reference>
        <reference value="StructureDefinition/cbs-illness-duration"/>
      </reference>
      <name value="Case Based Surveillance Illness Duration"/>
      <description value="Illness duration to obscure PHII in place of absokute dates."/>
      <exampleBoolean value="false"/>
    </resource>
    <resource>
      <extension url="http://hl7.org/fhir/tools/StructureDefinition/resource-information">
        <valueString value="StructureDefinition:extension"/>
      </extension>
      <reference>
        <reference value="StructureDefinition/cbs-related-case"/>
      </reference>
      <name value="Case Based Surveillance Related Case Extension"/>
      <description value="A list of strings with relevant case numbers and a type element that specifies the nature of the relation."/>
      <exampleBoolean value="false"/>
    </resource>
    <resource>
      <extension url="http://hl7.org/fhir/tools/StructureDefinition/resource-information">
        <valueString value="ValueSet"/>
      </extension>
      <reference>
        <reference value="ValueSet/CBSAddressUseVS"/>
      </reference>
      <name value="Additional codes for Address.use."/>
      <description value="Codes for Address.use which are used as slice discriminators to capture address history at relevant points in time to case surveillance."/>
      <exampleBoolean value="false"/>
    </resource>
    <resource>
      <extension url="http://hl7.org/fhir/tools/StructureDefinition/resource-information">
        <valueString value="ValueSet"/>
      </extension>
      <reference>
        <reference value="ValueSet/CBSCaseNotificationPanelVS"/>
      </reference>
      <name value="CBS Case Notification Panel Value Set"/>
      <description value="Codes found in the case notification panel that are otherwise not captured in other CBS profiles."/>
      <exampleBoolean value="false"/>
    </resource>
    <resource>
      <extension url="http://hl7.org/fhir/tools/StructureDefinition/resource-information">
        <valueString value="ValueSet"/>
      </extension>
      <reference>
        <reference value="ValueSet/CBSLabDiagnosticReportVS"/>
      </reference>
      <name value="Combined ValueSet for Lab DiagnosticReport Code."/>
      <description value="Codes for Lab Test Type. The codes are from two PHINVADS valuesets to support labs test repeating group"/>
      <exampleBoolean value="false"/>
    </resource>
    <resource>
      <extension url="http://hl7.org/fhir/tools/StructureDefinition/resource-information">
        <valueString value="ValueSet"/>
      </extension>
      <reference>
        <reference value="ValueSet/CBSLabObservationResultVS"/>
      </reference>
      <name value="Combined ValueSet for Lab Observation Result."/>
      <description value="Codes for Lab Observations Result Value. The codes are from two PHINVADS valuesets to support lab results in MMG and Lab Repeating Group"/>
      <exampleBoolean value="false"/>
    </resource>
    <resource>
      <extension url="http://hl7.org/fhir/tools/StructureDefinition/resource-information">
        <valueString value="ValueSet"/>
      </extension>
      <reference>
        <reference value="ValueSet/CBSLabObservationVS"/>
      </reference>
      <name value="Combined ValueSet for Lab Observation Code."/>
      <description value="Codes for Lab related Observations. The codes are to support labs in MMG and Lab Repeating Group"/>
      <exampleBoolean value="false"/>
    </resource>
    <resource>
      <extension url="http://hl7.org/fhir/tools/StructureDefinition/resource-information">
        <valueString value="ValueSet"/>
      </extension>
      <reference>
        <reference value="ValueSet/CBSRelatedCaseTypeVS"/>
      </reference>
      <name value="CBS Related Case Type Value Set"/>
      <description value="Codes found in the case notification panel that are otherwise not captured in other CBS profiles."/>
      <exampleBoolean value="false"/>
    </resource>
    <resource>
      <extension url="http://hl7.org/fhir/tools/StructureDefinition/resource-information">
        <valueString value="ValueSet"/>
      </extension>
      <reference>
        <reference value="ValueSet/CBSSTDSexualHistoryDrugUseQuestionnaireVS"/>
      </reference>
      <name value="STD Sexual History and Drug Use Questionnaire Panel"/>
      <description value="This is an example valueset for how to setup coding for an Epi Questionnaire Panel using a selection of codes from the STD MMG."/>
      <exampleBoolean value="false"/>
    </resource>
    <resource>
      <extension url="http://hl7.org/fhir/tools/StructureDefinition/resource-information">
        <valueString value="CodeSystem"/>
      </extension>
      <reference>
        <reference value="CodeSystem/cbs-temp-code-system"/>
      </reference>
      <name value="Case Based Surveillance temporary/placeholder code system."/>
      <description value="Code system defined as placeholders for items that are not defined in existing systems."/>
      <exampleBoolean value="false"/>
    </resource>
    <resource>
      <extension url="http://hl7.org/fhir/tools/StructureDefinition/resource-information">
        <valueString value="Observation"/>
      </extension>
      <reference>
        <reference value="Observation/GenV2-TC-CNP"/>
      </reference>
      <name value="GenV2-TC-CNP"/>
      <description value="Case notification panel resource for the GenV2 Test Case 1 Patient"/>
      <exampleCanonical value="http://cbsig.chai.gatech.edu/StructureDefinition/cbs-case-notification-panel"/>
    </resource>
    <resource>
      <extension url="http://hl7.org/fhir/tools/StructureDefinition/resource-information">
        <valueString value="Observation"/>
      </extension>
      <reference>
        <reference value="Observation/GenV2-TC-CNP-Member1"/>
      </reference>
      <name value="GenV2-TC-CNP-Member1"/>
      <description value="Case notification panel member resource for the GenV2 Test Case 1 Patient"/>
      <exampleCanonical value="http://cbsig.chai.gatech.edu/StructureDefinition/cbs-cnp-member"/>
    </resource>
    <resource>
      <extension url="http://hl7.org/fhir/tools/StructureDefinition/resource-information">
        <valueString value="Observation"/>
      </extension>
      <reference>
        <reference value="Observation/GenV2-TC-CNP-Member10"/>
      </reference>
      <name value="GenV2-TC-CNP-Member10"/>
      <description value="Case notification panel member resource for the GenV2 Test Case 1 Patient"/>
      <exampleCanonical value="http://cbsig.chai.gatech.edu/StructureDefinition/cbs-cnp-member"/>
    </resource>
    <resource>
      <extension url="http://hl7.org/fhir/tools/StructureDefinition/resource-information">
        <valueString value="Observation"/>
      </extension>
      <reference>
        <reference value="Observation/GenV2-TC-CNP-Member11"/>
      </reference>
      <name value="GenV2-TC-CNP-Member11"/>
      <description value="Case notification panel member resource for the GenV2 Test Case 1 Patient"/>
      <exampleCanonical value="http://cbsig.chai.gatech.edu/StructureDefinition/cbs-cnp-member"/>
    </resource>
    <resource>
      <extension url="http://hl7.org/fhir/tools/StructureDefinition/resource-information">
        <valueString value="Observation"/>
      </extension>
      <reference>
        <reference value="Observation/GenV2-TC-CNP-Member12"/>
      </reference>
      <name value="GenV2-TC-CNP-Member12"/>
      <description value="Case notification panel member resource for the GenV2 Test Case 1 Patient"/>
      <exampleCanonical value="http://cbsig.chai.gatech.edu/StructureDefinition/cbs-cnp-member"/>
    </resource>
    <resource>
      <extension url="http://hl7.org/fhir/tools/StructureDefinition/resource-information">
        <valueString value="Observation"/>
      </extension>
      <reference>
        <reference value="Observation/GenV2-TC-CNP-Member13"/>
      </reference>
      <name value="GenV2-TC-CNP-Member13"/>
      <description value="Case notification panel member resource for the GenV2 Test Case 1 Patient"/>
      <exampleCanonical value="http://cbsig.chai.gatech.edu/StructureDefinition/cbs-cnp-member"/>
    </resource>
    <resource>
      <extension url="http://hl7.org/fhir/tools/StructureDefinition/resource-information">
        <valueString value="Observation"/>
      </extension>
      <reference>
        <reference value="Observation/GenV2-TC-CNP-Member14"/>
      </reference>
      <name value="GenV2-TC-CNP-Member14"/>
      <description value="Case notification panel member resource for the GenV2 Test Case 1 Patient"/>
      <exampleCanonical value="http://cbsig.chai.gatech.edu/StructureDefinition/cbs-cnp-member"/>
    </resource>
    <resource>
      <extension url="http://hl7.org/fhir/tools/StructureDefinition/resource-information">
        <valueString value="Observation"/>
      </extension>
      <reference>
        <reference value="Observation/GenV2-TC-CNP-Member15"/>
      </reference>
      <name value="GenV2-TC-CNP-Member15"/>
      <description value="Case notification panel member resource for the GenV2 Test Case 1 Patient"/>
      <exampleCanonical value="http://cbsig.chai.gatech.edu/StructureDefinition/cbs-cnp-member"/>
    </resource>
    <resource>
      <extension url="http://hl7.org/fhir/tools/StructureDefinition/resource-information">
        <valueString value="Observation"/>
      </extension>
      <reference>
        <reference value="Observation/GenV2-TC-CNP-Member2"/>
      </reference>
      <name value="GenV2-TC-CNP-Member2"/>
      <description value="Case notification panel member resource for the GenV2 Test Case 1 Patient"/>
      <exampleCanonical value="http://cbsig.chai.gatech.edu/StructureDefinition/cbs-cnp-member"/>
    </resource>
    <resource>
      <extension url="http://hl7.org/fhir/tools/StructureDefinition/resource-information">
        <valueString value="Observation"/>
      </extension>
      <reference>
        <reference value="Observation/GenV2-TC-CNP-Member3"/>
      </reference>
      <name value="GenV2-TC-CNP-Member3"/>
      <description value="Case notification panel member resource for the GenV2 Test Case 1 Patient"/>
      <exampleCanonical value="http://cbsig.chai.gatech.edu/StructureDefinition/cbs-cnp-member"/>
    </resource>
    <resource>
      <extension url="http://hl7.org/fhir/tools/StructureDefinition/resource-information">
        <valueString value="Observation"/>
      </extension>
      <reference>
        <reference value="Observation/GenV2-TC-CNP-Member4"/>
      </reference>
      <name value="GenV2-TC-CNP-Member4"/>
      <description value="Case notification panel member resource for the GenV2 Test Case 1 Patient"/>
      <exampleCanonical value="http://cbsig.chai.gatech.edu/StructureDefinition/cbs-cnp-member"/>
    </resource>
    <resource>
      <extension url="http://hl7.org/fhir/tools/StructureDefinition/resource-information">
        <valueString value="Observation"/>
      </extension>
      <reference>
        <reference value="Observation/GenV2-TC-CNP-Member5"/>
      </reference>
      <name value="GenV2-TC-CNP-Member5"/>
      <description value="Case notification panel member resource for the GenV2 Test Case 1 Patient"/>
      <exampleCanonical value="http://cbsig.chai.gatech.edu/StructureDefinition/cbs-cnp-member"/>
    </resource>
    <resource>
      <extension url="http://hl7.org/fhir/tools/StructureDefinition/resource-information">
        <valueString value="Observation"/>
      </extension>
      <reference>
        <reference value="Observation/GenV2-TC-CNP-Member6"/>
      </reference>
      <name value="GenV2-TC-CNP-Member6"/>
      <description value="Case notification panel member resource for the GenV2 Test Case 1 Patient"/>
      <exampleCanonical value="http://cbsig.chai.gatech.edu/StructureDefinition/cbs-cnp-member"/>
    </resource>
    <resource>
      <extension url="http://hl7.org/fhir/tools/StructureDefinition/resource-information">
        <valueString value="Observation"/>
      </extension>
      <reference>
        <reference value="Observation/GenV2-TC-CNP-Member7"/>
      </reference>
      <name value="GenV2-TC-CNP-Member7"/>
      <description value="Case notification panel member resource for the GenV2 Test Case 1 Patient"/>
      <exampleCanonical value="http://cbsig.chai.gatech.edu/StructureDefinition/cbs-cnp-member"/>
    </resource>
    <resource>
      <extension url="http://hl7.org/fhir/tools/StructureDefinition/resource-information">
        <valueString value="Observation"/>
      </extension>
      <reference>
        <reference value="Observation/GenV2-TC-CNP-Member8"/>
      </reference>
      <name value="GenV2-TC-CNP-Member8"/>
      <description value="Case notification panel member resource for the GenV2 Test Case 1 Patient"/>
      <exampleCanonical value="http://cbsig.chai.gatech.edu/StructureDefinition/cbs-cnp-member"/>
    </resource>
    <resource>
      <extension url="http://hl7.org/fhir/tools/StructureDefinition/resource-information">
        <valueString value="Observation"/>
      </extension>
      <reference>
        <reference value="Observation/GenV2-TC-CNP-Member9"/>
      </reference>
      <name value="GenV2-TC-CNP-Member9"/>
      <description value="Case notification panel member resource for the GenV2 Test Case 1 Patient"/>
      <exampleCanonical value="http://cbsig.chai.gatech.edu/StructureDefinition/cbs-cnp-member"/>
    </resource>
    <resource>
      <extension url="http://hl7.org/fhir/tools/StructureDefinition/resource-information">
        <valueString value="Observation"/>
      </extension>
      <reference>
        <reference value="Observation/GenV2-TC-CauseOfDeath"/>
      </reference>
      <name value="GenV2-TC-CauseOfDeath"/>
      <description value="Cause of death resource for the GenV2 Test Case 1 Patient"/>
      <exampleCanonical value="http://cbsig.chai.gatech.edu/StructureDefinition/cbs-cause-of-death"/>
    </resource>
    <resource>
      <extension url="http://hl7.org/fhir/tools/StructureDefinition/resource-information">
        <valueString value="Composition"/>
      </extension>
      <reference>
        <reference value="Composition/GenV2-TC-Composition"/>
      </reference>
      <name value="GenV2-TC-Composition"/>
      <description value="Composition resource for the GenV2 Test Case 1 Patient"/>
      <exampleCanonical value="http://cbsig.chai.gatech.edu/StructureDefinition/cbs-composition"/>
    </resource>
    <resource>
      <extension url="http://hl7.org/fhir/tools/StructureDefinition/resource-information">
        <valueString value="Condition"/>
      </extension>
      <reference>
        <reference value="Condition/GenV2-TC-Condition"/>
      </reference>
      <name value="GenV2-TC-Condition"/>
      <description value="Condition of interest resource for the GenV2 Test Case 1 Patient"/>
      <exampleCanonical value="http://cbsig.chai.gatech.edu/StructureDefinition/cbs-condition"/>
    </resource>
    <resource>
      <extension url="http://hl7.org/fhir/tools/StructureDefinition/resource-information">
        <valueString value="Bundle"/>
      </extension>
      <reference>
        <reference value="Bundle/GenV2-TC-Document"/>
      </reference>
      <name value="GenV2-TC-Document"/>
      <description value="Document bundle for the GenV2 Test Case 1 Patient"/>
      <exampleCanonical value="http://cbsig.chai.gatech.edu/StructureDefinition/cbs-document-bundle"/>
    </resource>
    <resource>
      <extension url="http://hl7.org/fhir/tools/StructureDefinition/resource-information">
        <valueString value="Observation"/>
      </extension>
      <reference>
        <reference value="Observation/GenV2-TC-Exposure"/>
      </reference>
      <name value="GenV2-TC-Exposure"/>
      <description value="Exposure observation resource for the GenV2 Test Case 1 Patient"/>
      <exampleCanonical value="http://cbsig.chai.gatech.edu/StructureDefinition/cbs-exposure-observation"/>
    </resource>
    <resource>
      <extension url="http://hl7.org/fhir/tools/StructureDefinition/resource-information">
        <valueString value="Encounter"/>
      </extension>
      <reference>
        <reference value="Encounter/GenV2-TC-Hospitalization"/>
      </reference>
      <name value="GenV2-TC-Hospitalization"/>
      <description value="CBS Hospitalization resource for the GenV2 Test Case 1 Patient"/>
      <exampleCanonical value="http://cbsig.chai.gatech.edu/StructureDefinition/cbs-hospitalization"/>
    </resource>
    <resource>
      <extension url="http://hl7.org/fhir/tools/StructureDefinition/resource-information">
        <valueString value="Observation"/>
      </extension>
      <reference>
        <reference value="Observation/GenV2-TC-MMWR"/>
      </reference>
      <name value="GenV2-TC-MMWR"/>
      <description value="MMWR resource for the GenV2 Test Case 1 Patient"/>
      <exampleCanonical value="http://cbsig.chai.gatech.edu/StructureDefinition/cbs-mmwr"/>
    </resource>
    <resource>
      <extension url="http://hl7.org/fhir/tools/StructureDefinition/resource-information">
        <valueString value="Patient"/>
      </extension>
      <reference>
        <reference value="Patient/GenV2-TC-Patient"/>
      </reference>
      <name value="GenV2-TC-Patient"/>
      <description value="CBS Patient resource for the GenV2 Test Case 1 Patient"/>
      <exampleCanonical value="http://cbsig.chai.gatech.edu/StructureDefinition/cbs-patient"/>
    </resource>
    <resource>
      <extension url="http://hl7.org/fhir/tools/StructureDefinition/resource-information">
        <valueString value="Practitioner"/>
      </extension>
      <reference>
        <reference value="Practitioner/GenV2-TC-Person-Reporting"/>
      </reference>
      <name value="GenV2-TC-Person-Reporting"/>
      <description value="Person reporting to CDC example resource for the GenV2 Test Case 1"/>
      <exampleCanonical value="http://cbsig.chai.gatech.edu/StructureDefinition/cbs-person-reporting-to-cdc"/>
    </resource>
    <resource>
      <extension url="http://hl7.org/fhir/tools/StructureDefinition/resource-information">
        <valueString value="Organization"/>
      </extension>
      <reference>
        <reference value="Organization/GenV2-TC-Reporting-Source"/>
      </reference>
      <name value="GenV2-TC-Reporting-Source"/>
      <description value="Reporting source example resource for the GenV2 Test Case 1"/>
      <exampleCanonical value="http://cbsig.chai.gatech.edu/StructureDefinition/cbs-reporting-source-organization"/>
    </resource>
    <resource>
      <extension url="http://hl7.org/fhir/tools/StructureDefinition/resource-information">
        <valueString value="Observation"/>
      </extension>
      <reference>
        <reference value="Observation/HAICA-TC-CNP"/>
      </reference>
      <name value="HAICA-TC-CNP"/>
      <description value="Case notification panel resource for the HAI-CA Test Case 2 Patient"/>
      <exampleCanonical value="http://cbsig.chai.gatech.edu/StructureDefinition/cbs-case-notification-panel"/>
    </resource>
    <resource>
      <extension url="http://hl7.org/fhir/tools/StructureDefinition/resource-information">
        <valueString value="Observation"/>
      </extension>
      <reference>
        <reference value="Observation/HAICA-TC-CNP-Member1"/>
      </reference>
      <name value="HAICA-TC-CNP-Member1"/>
      <description value="Case notification panel member resource for the HAI-CA Test Case 2 Patient"/>
      <exampleCanonical value="http://cbsig.chai.gatech.edu/StructureDefinition/cbs-cnp-member"/>
    </resource>
    <resource>
      <extension url="http://hl7.org/fhir/tools/StructureDefinition/resource-information">
        <valueString value="Observation"/>
      </extension>
      <reference>
        <reference value="Observation/HAICA-TC-CNP-Member2"/>
      </reference>
      <name value="HAICA-TC-CNP-Member2"/>
      <description value="Case notification panel member resource for the HAI-CA Test Case 2 Patient"/>
      <exampleCanonical value="http://cbsig.chai.gatech.edu/StructureDefinition/cbs-cnp-member"/>
    </resource>
    <resource>
      <extension url="http://hl7.org/fhir/tools/StructureDefinition/resource-information">
        <valueString value="Observation"/>
      </extension>
      <reference>
        <reference value="Observation/HAICA-TC-CNP-Member3"/>
      </reference>
      <name value="HAICA-TC-CNP-Member3"/>
      <description value="Case notification panel member resource for the HAI-CA Test Case 2 Patient"/>
      <exampleCanonical value="http://cbsig.chai.gatech.edu/StructureDefinition/cbs-cnp-member"/>
    </resource>
    <resource>
      <extension url="http://hl7.org/fhir/tools/StructureDefinition/resource-information">
        <valueString value="Observation"/>
      </extension>
      <reference>
        <reference value="Observation/HAICA-TC-CNP-Member4"/>
      </reference>
      <name value="HAICA-TC-CNP-Member4"/>
      <description value="Case notification panel member resource for the HAI-CA Test Case 2 Patient"/>
      <exampleCanonical value="http://cbsig.chai.gatech.edu/StructureDefinition/cbs-cnp-member"/>
    </resource>
    <resource>
      <extension url="http://hl7.org/fhir/tools/StructureDefinition/resource-information">
        <valueString value="Observation"/>
      </extension>
      <reference>
        <reference value="Observation/HAICA-TC-CNP-Member5"/>
      </reference>
      <name value="HAICA-TC-CNP-Member5"/>
      <description value="Case notification panel member resource for the HAI-CA Test Case 2 Patient"/>
      <exampleCanonical value="http://cbsig.chai.gatech.edu/StructureDefinition/cbs-cnp-member"/>
    </resource>
    <resource>
      <extension url="http://hl7.org/fhir/tools/StructureDefinition/resource-information">
        <valueString value="Observation"/>
      </extension>
      <reference>
        <reference value="Observation/HAICA-TC-CNP-Member6"/>
      </reference>
      <name value="HAICA-TC-CNP-Member6"/>
      <description value="Case notification panel member resource for the HAI-CA Test Case 2 Patient"/>
      <exampleCanonical value="http://cbsig.chai.gatech.edu/StructureDefinition/cbs-cnp-member"/>
    </resource>
    <resource>
      <extension url="http://hl7.org/fhir/tools/StructureDefinition/resource-information">
        <valueString value="Composition"/>
      </extension>
      <reference>
        <reference value="Composition/HAICA-TC-Composition"/>
      </reference>
      <name value="HAICA-TC-Composition"/>
      <description value="Composition resource for the HAI-CA Test Case 2 Patient"/>
      <exampleCanonical value="http://cbsig.chai.gatech.edu/StructureDefinition/cbs-composition"/>
    </resource>
    <resource>
      <extension url="http://hl7.org/fhir/tools/StructureDefinition/resource-information">
        <valueString value="Condition"/>
      </extension>
      <reference>
        <reference value="Condition/HAICA-TC-Condition"/>
      </reference>
      <name value="HAICA-TC-Condition"/>
      <description value="Condition of interest resource for the HAI-CA Test Case 2 Patient"/>
      <exampleCanonical value="http://cbsig.chai.gatech.edu/StructureDefinition/cbs-condition"/>
    </resource>
    <resource>
      <extension url="http://hl7.org/fhir/tools/StructureDefinition/resource-information">
        <valueString value="Bundle"/>
      </extension>
      <reference>
        <reference value="Bundle/HAICA-TC-Document"/>
      </reference>
      <name value="HAICA-TC-Document"/>
      <description value="Document bundle for the HAI-CA Test Case 2 Patient"/>
      <exampleCanonical value="http://cbsig.chai.gatech.edu/StructureDefinition/cbs-document-bundle"/>
    </resource>
    <resource>
      <extension url="http://hl7.org/fhir/tools/StructureDefinition/resource-information">
        <valueString value="Encounter"/>
      </extension>
      <reference>
        <reference value="Encounter/HAICA-TC-Hospitalization"/>
      </reference>
      <name value="HAICA-TC-Hospitalization"/>
      <description value="CBS Hospitalization resource for the HAI-CA Test Case 2 Patient"/>
      <exampleCanonical value="http://cbsig.chai.gatech.edu/StructureDefinition/cbs-hospitalization"/>
    </resource>
    <resource>
      <extension url="http://hl7.org/fhir/tools/StructureDefinition/resource-information">
        <valueString value="DiagnosticReport"/>
      </extension>
      <reference>
        <reference value="DiagnosticReport/HAICA-TC-Lab-DiagnosticReport"/>
      </reference>
      <name value="HAICA-TC-Lab-DiagnosticReport"/>
      <description value="A lab diagnostic report example resource for the HAI-CA Test Case 2."/>
      <exampleCanonical value="http://cbsig.chai.gatech.edu/StructureDefinition/cbs-lab-diagnosticreport"/>
    </resource>
    <resource>
      <extension url="http://hl7.org/fhir/tools/StructureDefinition/resource-information">
        <valueString value="Observation"/>
      </extension>
      <reference>
        <reference value="Observation/HAICA-TC-Lab-Observation"/>
      </reference>
      <name value="HAICA-TC-Lab-Observation"/>
      <description value="A lab observation example resource for the HAI-CA Test Case 2."/>
      <exampleCanonical value="http://cbsig.chai.gatech.edu/StructureDefinition/cbs-lab-observation"/>
    </resource>
    <resource>
      <extension url="http://hl7.org/fhir/tools/StructureDefinition/resource-information">
        <valueString value="Observation"/>
      </extension>
      <reference>
        <reference value="Observation/HAICA-TC-MMWR"/>
      </reference>
      <name value="HAICA-TC-MMWR"/>
      <description value="MMWR resource for the HAI-CA Test Case 2 Patient"/>
      <exampleCanonical value="http://cbsig.chai.gatech.edu/StructureDefinition/cbs-mmwr"/>
    </resource>
    <resource>
      <extension url="http://hl7.org/fhir/tools/StructureDefinition/resource-information">
        <valueString value="Patient"/>
      </extension>
      <reference>
        <reference value="Patient/HAICA-TC-Patient"/>
      </reference>
      <name value="HAICA-TC-Patient"/>
      <description value="CBS Patient resource for the HAI-CA Test Case 2 Patient"/>
      <exampleCanonical value="http://cbsig.chai.gatech.edu/StructureDefinition/cbs-patient"/>
    </resource>
    <resource>
      <extension url="http://hl7.org/fhir/tools/StructureDefinition/resource-information">
        <valueString value="Practitioner"/>
      </extension>
      <reference>
        <reference value="Practitioner/HAICA-TC-Person-Reporting"/>
      </reference>
      <name value="HAICA-TC-Person-Reporting"/>
      <description value="Person reporting to CDC example resource for the HAI-CA Test Case 2"/>
      <exampleCanonical value="http://cbsig.chai.gatech.edu/StructureDefinition/cbs-person-reporting-to-cdc"/>
    </resource>
    <resource>
      <extension url="http://hl7.org/fhir/tools/StructureDefinition/resource-information">
        <valueString value="Organization"/>
      </extension>
      <reference>
        <reference value="Organization/HAICA-TC-Reporting-Source"/>
      </reference>
      <name value="HAICA-TC-Reporting-Source"/>
      <description value="Reporting source example resource for the HAICA Test Case 2"/>
      <exampleCanonical value="http://cbsig.chai.gatech.edu/StructureDefinition/cbs-reporting-source-organization"/>
    </resource>
    <resource>
      <extension url="http://hl7.org/fhir/tools/StructureDefinition/resource-information">
        <valueString value="Specimen"/>
      </extension>
      <reference>
        <reference value="Specimen/HAICA-TC-Specimen"/>
      </reference>
      <name value="HAICA-TC-Specimen"/>
      <description value="A specimen example resource for the HAI-CA Test Case 2."/>
      <exampleCanonical value="http://cbsig.chai.gatech.edu/StructureDefinition/cbs-specimen"/>
    </resource>
    <page>
      <nameUrl value="toc.html"/>
      <title value="Table of Contents"/>
      <generation value="html"/>
      <page>
        <nameUrl value="index.html"/>
        <title value="Home"/>
        <generation value="markdown"/>
      </page>
      <page>
        <nameUrl value="examples.html"/>
        <title value="Examples"/>
        <generation value="markdown"/>
      </page>
      <page>
        <nameUrl value="profiles-and-extensions.html"/>
        <title value="Profiles and Extensions"/>
        <generation value="markdown"/>
      </page>
      <page>
        <nameUrl value="terminology.html"/>
        <title value="Terminology"/>
        <generation value="markdown"/>
      </page>
    </page>
    <parameter>
      <code value="path-resource"/>
      <value value="input/capabilities"/>
    </parameter>
    <parameter>
      <code value="path-resource"/>
      <value value="input/examples"/>
    </parameter>
    <parameter>
      <code value="path-resource"/>
      <value value="input/extensions"/>
    </parameter>
    <parameter>
      <code value="path-resource"/>
      <value value="input/models"/>
    </parameter>
    <parameter>
      <code value="path-resource"/>
      <value value="input/operations"/>
    </parameter>
    <parameter>
      <code value="path-resource"/>
      <value value="input/profiles"/>
    </parameter>
    <parameter>
      <code value="path-resource"/>
      <value value="input/resources"/>
    </parameter>
    <parameter>
      <code value="path-resource"/>
      <value value="input/vocabulary"/>
    </parameter>
    <parameter>
      <code value="path-resource"/>
      <value value="input/maps"/>
    </parameter>
    <parameter>
      <code value="path-resource"/>
      <value value="input/testing"/>
    </parameter>
    <parameter>
      <code value="path-resource"/>
      <value value="input/history"/>
    </parameter>
    <parameter>
      <code value="path-resource"/>
      <value value="fsh-generated/resources"/>
    </parameter>
    <parameter>
      <code value="path-pages"/>
      <value value="template/config"/>
    </parameter>
    <parameter>
      <code value="path-pages"/>
      <value value="input/images"/>
    </parameter>
    <parameter>
      <code value="path-tx-cache"/>
      <value value="input-cache/txcache"/>
    </parameter>
  </definition>
</ImplementationGuide>