{
  "resourceType": "MedicationStatement",
  "id": "STD-TC-Medication-Statement-2",
  "text": {
    "status": "generated",
    "div": "<div xmlns=\"http://www.w3.org/1999/xhtml\"><p><b>Generated Narrative</b></p><p><b>status</b>: completed</p><p><b>medication</b>: <span title=\"Codes: {http://www.nlm.nih.gov/research/umls/rxnorm 18631}\">Azithromycin</span></p><p><b>subject</b>: <a href=\"Patient-STD-TC-Patient.html\">STD-TC Example Patient. Generated Summary: Local Record ID: STD_TC05, Local Subject ID: STD_TC05; Wwwww, Ddddd; gender: female; birthDate: 1994-03-02</a></p><p><b>effective</b>: 2014-02-25 --&gt; 2014-02-25</p></div>"
  },
  "status": "completed",
  "medicationCodeableConcept": {
    "coding": [
      {
        "system": "http://www.nlm.nih.gov/research/umls/rxnorm",
        "code": "18631",
        "display": "Azithromycin"
      }
    ]
  },
  "subject": {
    "reference": "Patient/STD-TC-Patient",
    "display": "STD-TC Example Patient"
  },
  "effectivePeriod": {
    "start": "2014-02-25",
    "end": "2014-02-25"
  },
  "dosage": [
    {
      "route": {
        "coding": [
          {
            "system": "http://snomed.info/sct",
            "code": "26643006",
            "display": "Oral route"
          }
        ]
      },
      "doseAndRate": [
        {
          "doseQuantity": {
            "value": 1,
            "unit": "mg"
          }
        }
      ]
    }
  ]
}