<?xml version="1.0" encoding="UTF-8"?>

<Observation xmlns="http://hl7.org/fhir">
  <id value="GenV2-TC-CNP-Member10"/>
  <meta>
    <profile value="http://cbsig.chai.gatech.edu/StructureDefinition/cbs-cnp-member"/>
  </meta>
  <text>
    <status value="generated"/><div xmlns="http://www.w3.org/1999/xhtml"><p><b>Generated Narrative</b></p><p></p><p><b>category</b>: <span title="Codes: {http://loinc.org 78000-7}">Case notification panel [CDC.PHIN]</span></p><p><b>code</b>: <span title="Codes: {http://cbsig.chai.gatech.edu/CodeSystem/cbs-temp-code-system case-outbreak}">Case Outbreak Name and Indicator</span></p><p><b>subject</b>: <a href="Patient-GenV2-TC-Patient.html">GenV2-TC Example Patient. Generated Summary: Local Record ID: GenV2_TC01_Record, Local Subject ID: GenV2_TC01_Subject, Legacy Case Identifier: 48432148S012014, State Case Identifier: TX4321; Zzzzz, Aaaaa; gender: female; birthDate: 1964-05-02; deceased: 2014-03-02</a></p><blockquote><p><b>component</b></p><p><b>code</b>: <span title="Codes: {http://loinc.org 77980-1}">Case is associated with a known outbreak</span></p><p><b>value</b>: <span title="Codes: {http://terminology.hl7.org/CodeSystem/v2-0005 Y}">Yes</span></p></blockquote><blockquote><p><b>component</b></p><p><b>code</b>: <span title="Codes: {http://loinc.org 77981-9}">Case outbreak name</span></p><p><b>value</b>: HANSENOUTB1</p></blockquote></div>
  </text>
  <status value="final"/>
  <category>
    <coding>
      <system value="http://loinc.org"/>
      <code value="78000-7"/>
      <display value="Case notification panel [CDC.PHIN]"/>
    </coding>
  </category>
  <code>
    <coding>
      <system value="http://cbsig.chai.gatech.edu/CodeSystem/cbs-temp-code-system"/>
      <code value="case-outbreak"/>
      <display value="Case Outbreak Name and Indicator"/>
    </coding>
  </code>
  <subject>
    <reference value="Patient/GenV2-TC-Patient"/>
    <display value="GenV2-TC Example Patient"/>
  </subject>
  <component>
    <code>
      <coding>
        <system value="http://loinc.org"/>
        <code value="77980-1"/>
      </coding>
    </code>
    <valueCodeableConcept>
      <coding>
        <system value="http://terminology.hl7.org/CodeSystem/v2-0005"/>
        <code value="Y"/>
        <display value="Yes"/>
      </coding>
    </valueCodeableConcept>
  </component>
  <component>
    <code>
      <coding>
        <system value="http://loinc.org"/>
        <code value="77981-9"/>
      </coding>
    </code>
    <valueString value="HANSENOUTB1"/>
  </component>
</Observation>