{
  "resourceType": "Observation",
  "id": "STD-TC-CNP-Member11",
  "meta": {
    "profile": [
      "http://cbsig.chai.gatech.edu/StructureDefinition/cbs-cnp-member"
    ]
  },
  "text": {
    "status": "generated",
    "div": "<div xmlns=\"http://www.w3.org/1999/xhtml\"><p><b>Generated Narrative</b></p><p></p><p><b>category</b>: <span title=\"Codes: {http://loinc.org 78000-7}\">Case notification panel [CDC.PHIN]</span></p><p><b>code</b>: <span title=\"Codes: {http://loinc.org 77988-4}\">Binational reporting criteria [CDC.PHIN]</span></p><p><b>subject</b>: <a href=\"Patient-STD-TC-Patient.html\">STD-TC Example Patient. Generated Summary: Local Record ID: STD_TC05, Local Subject ID: STD_TC05; Wwwww, Ddddd; gender: female; birthDate: 1994-03-02</a></p><p><b>value</b>: <span title=\"Codes: {urn:oid:2.16.840.1.114222.4.5.274 PHC1139}\">Has case contacts in or from Mexico or Canada</span></p></div>"
  },
  "status": "final",
  "category": [
    {
      "coding": [
        {
          "system": "http://loinc.org",
          "code": "78000-7",
          "display": "Case notification panel [CDC.PHIN]"
        }
      ]
    }
  ],
  "code": {
    "coding": [
      {
        "system": "http://loinc.org",
        "code": "77988-4",
        "display": "Binational reporting criteria [CDC.PHIN]"
      }
    ]
  },
  "subject": {
    "reference": "Patient/STD-TC-Patient",
    "display": "STD-TC Example Patient"
  },
  "valueCodeableConcept": {
    "coding": [
      {
        "system": "urn:oid:2.16.840.1.114222.4.5.274",
        "code": "PHC1139",
        "display": "Has case contacts in or from Mexico or Canada"
      }
    ]
  }
}