<?xml version="1.0" encoding="UTF-8"?>

<Observation xmlns="http://hl7.org/fhir">
  <id value="Lyme-TC-CNP-Member1"/>
  <meta>
    <profile value="http://cbsig.chai.gatech.edu/StructureDefinition/cbs-cnp-member"/>
  </meta>
  <text>
    <status value="generated"/><div xmlns="http://www.w3.org/1999/xhtml"><p><b>Generated Narrative</b></p><div style="display: inline-block; background-color: #d9e0e7; padding: 6px; margin: 4px; border: 1px solid #8da1b4; border-radius: 5px; line-height: 60%"><p style="margin-bottom: 0px">Resource "Lyme-TC-CNP-Member1" </p><p style="margin-bottom: 0px">Profile: <a href="StructureDefinition-cbs-cnp-member.html">Case Based Surveillance Case Notification Panel Member</a></p></div><p><b>status</b>: final</p><p><b>category</b>: Case notification panel [CDC.PHIN] <span style="background: LightGoldenRodYellow; margin: 4px; border: 1px solid khaki"> (<a href="https://loinc.org/">LOINC</a>#78000-7)</span></p><p><b>code</b>: Immediate national notifiable condition <span style="background: LightGoldenRodYellow; margin: 4px; border: 1px solid khaki"> (<a href="https://loinc.org/">LOINC</a>#77965-2)</span></p><p><b>subject</b>: <a href="Patient-Lyme-TC-Patient.html">Patient/Lyme-TC-Patient: Lyme-TC Example Patient</a> " XXXXX"</p><p><b>value</b>: No <span style="background: LightGoldenRodYellow; margin: 4px; border: 1px solid khaki"> (<a href="http://terminology.hl7.org/3.0.0/CodeSystem-v2-0005.html">PH_RaceAndEthnicity_CDC</a>#N)</span></p></div>
  </text>
  <status value="final"/>
  <category>
    <coding>
      <system value="http://loinc.org"/>
      <code value="78000-7"/>
      <display value="Case notification panel [CDC.PHIN]"/>
    </coding>
  </category>
  <code>
    <coding>
      <system value="http://loinc.org"/>
      <code value="77965-2"/>
      <display value="Immediate national notifiable condition"/>
    </coding>
  </code>
  <subject>
    <reference value="Patient/Lyme-TC-Patient"/>
    <display value="Lyme-TC Example Patient"/>
  </subject>
  <valueCodeableConcept>
    <coding>
      <system value="http://terminology.hl7.org/CodeSystem/v2-0005"/>
      <code value="N"/>
      <display value="No"/>
    </coding>
  </valueCodeableConcept>
</Observation>