{
  "resourceType": "Observation",
  "id": "GenV2-TC-Exposure",
  "meta": {
    "profile": [
      "http://cbsig.chai.gatech.edu/StructureDefinition/cbs-exposure-observation"
    ]
  },
  "text": {
    "status": "generated",
    "div": "<div xmlns=\"http://www.w3.org/1999/xhtml\"><p><b>Generated Narrative</b></p><p></p><p><b>category</b>: <span title=\"Codes: {http://loinc.org 78000-7}\">Case notification panel [CDC.PHIN]</span></p><p><b>code</b>: <span title=\"Codes: {http://cbsig.chai.gatech.edu/CodeSystem/cbs-temp-code-system Location-of-Exposure}\">Location of Exposure</span></p><p><b>subject</b>: <a href=\"Patient-GenV2-TC-Patient.html\">GenV2-TC Example Patient. Generated Summary: Local Record ID: GenV2_TC01_Record, Local Subject ID: GenV2_TC01_Subject, Legacy Case Identifier: 48432148S012014, State Case Identifier: TX4321; Zzzzz, Aaaaa; gender: female; birthDate: 1964-05-02; deceased: 2014-03-02</a></p><p><b>focus</b>: <a href=\"Condition-GenV2-TC-Condition.html\">GenV2-TC Example Condition of Interest. Generated Summary: <span title=\"Codes: {http://terminology.hl7.org/CodeSystem/condition-clinical inactive}\">Inactive</span>; <span title=\"Codes: {urn:oid:2.16.840.1.114222.4.5.277 11550}\">Hemolytic Uremic Syndrome</span>; onset: 2014-02-24; abatement: 2014-03-02</a></p><blockquote><p><b>component</b></p><p><b>code</b>: <span title=\"Codes: {http://loinc.org 77984-3}\">Country of exposure to illness [Location]</span></p><p><b>value</b>: <span title=\"Codes: {urn:iso:std:iso:3166 USA}\">United States of America</span></p></blockquote><blockquote><p><b>component</b></p><p><b>code</b>: <span title=\"Codes: {http://loinc.org 77985-0}\">State or province of exposure to illness</span></p><p><b>value</b>: <span title=\"Codes: {urn:oid:2.16.840.1.113883.6.92 48}\">Texas</span></p></blockquote><blockquote><p><b>component</b></p><p><b>code</b>: <span title=\"Codes: {http://loinc.org 77986-8}\">City of exposure to illness</span></p><p><b>value</b>: Houston</p></blockquote><blockquote><p><b>component</b></p><p><b>code</b>: <span title=\"Codes: {http://loinc.org 77987-6}\">County of exposure to illness [Location]</span></p><p><b>value</b>: Harris</p></blockquote></div>"
  },
  "status": "final",
  "category": [
    {
      "coding": [
        {
          "system": "http://loinc.org",
          "code": "78000-7",
          "display": "Case notification panel [CDC.PHIN]"
        }
      ]
    }
  ],
  "code": {
    "coding": [
      {
        "system": "http://cbsig.chai.gatech.edu/CodeSystem/cbs-temp-code-system",
        "code": "Location-of-Exposure"
      }
    ]
  },
  "subject": {
    "reference": "Patient/GenV2-TC-Patient",
    "display": "GenV2-TC Example Patient"
  },
  "focus": [
    {
      "reference": "Condition/GenV2-TC-Condition",
      "display": "GenV2-TC Example Condition of Interest"
    }
  ],
  "component": [
    {
      "code": {
        "coding": [
          {
            "system": "http://loinc.org",
            "code": "77984-3"
          }
        ]
      },
      "valueCodeableConcept": {
        "coding": [
          {
            "system": "urn:iso:std:iso:3166",
            "code": "USA",
            "display": "United States of America"
          }
        ]
      }
    },
    {
      "code": {
        "coding": [
          {
            "system": "http://loinc.org",
            "code": "77985-0"
          }
        ]
      },
      "valueCodeableConcept": {
        "coding": [
          {
            "system": "urn:oid:2.16.840.1.113883.6.92",
            "code": "48",
            "display": "Texas"
          }
        ]
      }
    },
    {
      "code": {
        "coding": [
          {
            "system": "http://loinc.org",
            "code": "77986-8"
          }
        ]
      },
      "valueString": "Houston"
    },
    {
      "code": {
        "coding": [
          {
            "system": "http://loinc.org",
            "code": "77987-6"
          }
        ]
      },
      "valueString": "Harris"
    }
  ]
}