<?xml version="1.0" encoding="UTF-8"?>

<Observation xmlns="http://hl7.org/fhir">
  <id value="GenV2-TC-Exposure"/>
  <meta>
    <profile value="http://cbsig.chai.gatech.edu/StructureDefinition/cbs-exposure-observation"/>
  </meta>
  <text>
    <status value="generated"/><div xmlns="http://www.w3.org/1999/xhtml"><p><b>Generated Narrative</b></p><div style="display: inline-block; background-color: #d9e0e7; padding: 6px; margin: 4px; border: 1px solid #8da1b4; border-radius: 5px; line-height: 60%"><p style="margin-bottom: 0px">Resource "GenV2-TC-Exposure" </p><p style="margin-bottom: 0px">Profile: <a href="StructureDefinition-cbs-exposure-observation.html">Case Based Surveillance Exposure Observation Profile</a></p></div><p><b>status</b>: final</p><p><b>category</b>: Case notification panel [CDC.PHIN] <span style="background: LightGoldenRodYellow; margin: 4px; border: 1px solid khaki"> (<a href="https://loinc.org/">LOINC</a>#78000-7)</span></p><p><b>code</b>: Location of Exposure <span style="background: LightGoldenRodYellow; margin: 4px; border: 1px solid khaki"> (<a href="CodeSystem-cbs-temp-code-system.html">Case Based Surveillance temporary/placeholder code system.</a>#Location-of-Exposure)</span></p><p><b>subject</b>: <a href="Patient-GenV2-TC-Patient.html">Patient/GenV2-TC-Patient: GenV2-TC Example Patient</a> ""</p><p><b>focus</b>: <a href="Condition-GenV2-TC-Condition.html">Condition/GenV2-TC-Condition: GenV2-TC Example Condition of Interest</a></p><blockquote><p><b>component</b></p><p><b>code</b>: Country of exposure to illness [Location] <span style="background: LightGoldenRodYellow; margin: 4px; border: 1px solid khaki"> (<a href="https://loinc.org/">LOINC</a>#77984-3)</span></p><p><b>value</b>: United States of America <span style="background: LightGoldenRodYellow; margin: 4px; border: 1px solid khaki"> (unknown#USA)</span></p></blockquote><blockquote><p><b>component</b></p><p><b>code</b>: State or province of exposure to illness <span style="background: LightGoldenRodYellow; margin: 4px; border: 1px solid khaki"> (<a href="https://loinc.org/">LOINC</a>#77985-0)</span></p><p><b>value</b>: Texas <span style="background: LightGoldenRodYellow; margin: 4px; border: 1px solid khaki"> (unknown#48)</span></p></blockquote><blockquote><p><b>component</b></p><p><b>code</b>: City of exposure to illness <span style="background: LightGoldenRodYellow; margin: 4px; border: 1px solid khaki"> (<a href="https://loinc.org/">LOINC</a>#77986-8)</span></p><p><b>value</b>: Houston</p></blockquote><blockquote><p><b>component</b></p><p><b>code</b>: County of exposure to illness [Location] <span style="background: LightGoldenRodYellow; margin: 4px; border: 1px solid khaki"> (<a href="https://loinc.org/">LOINC</a>#77987-6)</span></p><p><b>value</b>: Harris</p></blockquote></div>
  </text>
  <status value="final"/>
  <category>
    <coding>
      <system value="http://loinc.org"/>
      <code value="78000-7"/>
      <display value="Case notification panel [CDC.PHIN]"/>
    </coding>
  </category>
  <code>
    <coding>
      <system value="http://cbsig.chai.gatech.edu/CodeSystem/cbs-temp-code-system"/>
      <code value="Location-of-Exposure"/>
    </coding>
  </code>
  <subject>
    <reference value="Patient/GenV2-TC-Patient"/>
    <display value="GenV2-TC Example Patient"/>
  </subject>
  <focus>
    <reference value="Condition/GenV2-TC-Condition"/>
    <display value="GenV2-TC Example Condition of Interest"/>
  </focus>
  <component>
    <code>
      <coding>
        <system value="http://loinc.org"/>
        <code value="77984-3"/>
      </coding>
    </code>
    <valueCodeableConcept>
      <coding>
        <system value="urn:iso:std:iso:3166"/>
        <code value="USA"/>
        <display value="United States of America"/>
      </coding>
    </valueCodeableConcept>
  </component>
  <component>
    <code>
      <coding>
        <system value="http://loinc.org"/>
        <code value="77985-0"/>
      </coding>
    </code>
    <valueCodeableConcept>
      <coding>
        <system value="urn:oid:2.16.840.1.113883.6.92"/>
        <code value="48"/>
        <display value="Texas"/>
      </coding>
    </valueCodeableConcept>
  </component>
  <component>
    <code>
      <coding>
        <system value="http://loinc.org"/>
        <code value="77986-8"/>
      </coding>
    </code>
    <valueString value="Houston"/>
  </component>
  <component>
    <code>
      <coding>
        <system value="http://loinc.org"/>
        <code value="77987-6"/>
      </coding>
    </code>
    <valueString value="Harris"/>
  </component>
</Observation>