<?xml version="1.0" encoding="UTF-8"?>

<Observation xmlns="http://hl7.org/fhir">
  <id value="STD-TC-TreatmentDate"/>
  <text>
    <status value="generated"/><div xmlns="http://www.w3.org/1999/xhtml"><p><b>Generated Narrative</b></p><p></p><p><b>code</b>: <span title="Codes: {urn:oid:2.16.840.1.114222.4.5.232 STD105}">Date treatment initiated for the condition that is the subject of this case report</span></p><p><b>subject</b>: <a href="Patient-STD-TC-Patient.html">STD-TC Example Patient. Generated Summary: Local Record ID: STD_TC05, Local Subject ID: STD_TC05; Wwwww, Ddddd; gender: female; birthDate: 1994-03-02</a></p><p><b>value</b>: 2014-01-17</p></div>
  </text>
  <status value="final"/>
  <code>
    <coding>
      <system value="urn:oid:2.16.840.1.114222.4.5.232"/>
      <code value="STD105"/>
      <display value="Date treatment initiated for the condition that is the subject of this case report"/>
    </coding>
  </code>
  <subject>
    <reference value="Patient/STD-TC-Patient"/>
    <display value="STD-TC Example Patient"/>
  </subject>
  <valueDateTime value="2014-01-17"/>
</Observation>