{
  "resourceType": "Observation",
  "id": "STD-TC-Exposure",
  "meta": {
    "profile": [
      "http://cbsig.chai.gatech.edu/StructureDefinition/cbs-exposure-observation"
    ]
  },
  "text": {
    "status": "generated",
    "div": "<div xmlns=\"http://www.w3.org/1999/xhtml\"><p><b>Generated Narrative</b></p><div style=\"display: inline-block; background-color: #d9e0e7; padding: 6px; margin: 4px; border: 1px solid #8da1b4; border-radius: 5px; line-height: 60%\"><p style=\"margin-bottom: 0px\">Resource \"STD-TC-Exposure\" </p><p style=\"margin-bottom: 0px\">Profile: <a href=\"StructureDefinition-cbs-exposure-observation.html\">Case Based Surveillance Exposure Observation Profile</a></p></div><p><b>status</b>: final</p><p><b>category</b>: Case notification panel [CDC.PHIN] <span style=\"background: LightGoldenRodYellow; margin: 4px; border: 1px solid khaki\"> (<a href=\"https://loinc.org/\">LOINC</a>#78000-7)</span></p><p><b>code</b>: Location of Exposure <span style=\"background: LightGoldenRodYellow; margin: 4px; border: 1px solid khaki\"> (<a href=\"CodeSystem-cbs-temp-code-system.html\">Case Based Surveillance temporary/placeholder code system.</a>#Location-of-Exposure)</span></p><p><b>subject</b>: <a href=\"Patient-STD-TC-Patient.html\">Patient/STD-TC-Patient: STD-TC Example Patient</a> \"\"</p><p><b>focus</b>: <a href=\"Condition-STD-TC-Condition.html\">Condition/STD-TC-Condition: STD-TC Example Condition of Interest</a></p><blockquote><p><b>component</b></p><p><b>code</b>: Country of exposure to illness [Location] <span style=\"background: LightGoldenRodYellow; margin: 4px; border: 1px solid khaki\"> (<a href=\"https://loinc.org/\">LOINC</a>#77984-3)</span></p><p><b>value</b>: Mexico <span style=\"background: LightGoldenRodYellow; margin: 4px; border: 1px solid khaki\"> (unknown#MEX)</span></p></blockquote><blockquote><p><b>component</b></p><p><b>code</b>: State or province of exposure to illness <span style=\"background: LightGoldenRodYellow; margin: 4px; border: 1px solid khaki\"> (<a href=\"https://loinc.org/\">LOINC</a>#77985-0)</span></p><p><b>value</b>: Guerrero <span style=\"background: LightGoldenRodYellow; margin: 4px; border: 1px solid khaki\"> (<a href=\"http://terminology.hl7.org/3.0.0/CodeSystem-v3-iso3166-2.html\">ISO 3166 Part 2 Country Subdivision Codes</a>#MX-GRO)</span></p></blockquote></div>"
  },
  "status": "final",
  "category": [
    {
      "coding": [
        {
          "system": "http://loinc.org",
          "code": "78000-7",
          "display": "Case notification panel [CDC.PHIN]"
        }
      ]
    }
  ],
  "code": {
    "coding": [
      {
        "system": "http://cbsig.chai.gatech.edu/CodeSystem/cbs-temp-code-system",
        "code": "Location-of-Exposure"
      }
    ]
  },
  "subject": {
    "reference": "Patient/STD-TC-Patient",
    "display": "STD-TC Example Patient"
  },
  "focus": [
    {
      "reference": "Condition/STD-TC-Condition",
      "display": "STD-TC Example Condition of Interest"
    }
  ],
  "component": [
    {
      "code": {
        "coding": [
          {
            "system": "http://loinc.org",
            "code": "77984-3"
          }
        ]
      },
      "valueCodeableConcept": {
        "coding": [
          {
            "system": "urn:iso:std:iso:3166",
            "code": "MEX",
            "display": "Mexico"
          }
        ]
      }
    },
    {
      "code": {
        "coding": [
          {
            "system": "http://loinc.org",
            "code": "77985-0"
          }
        ]
      },
      "valueCodeableConcept": {
        "coding": [
          {
            "system": "urn:iso:std:iso:3166:-2",
            "code": "MX-GRO",
            "display": "Guerrero"
          }
        ]
      }
    }
  ]
}