{
  "resourceType": "Observation",
  "id": "GenV2-TC-CNP",
  "meta": {
    "profile": [
      "http://cbsig.chai.gatech.edu/StructureDefinition/cbs-case-notification-panel"
    ]
  },
  "text": {
    "status": "generated",
    "div": "<div xmlns=\"http://www.w3.org/1999/xhtml\"><p><b>Generated Narrative</b></p><p></p><p><b>category</b>: <span title=\"Codes: {http://loinc.org 78000-7}\">Case notification panel [CDC.PHIN]</span></p><p><b>code</b>: <span title=\"Codes: {http://loinc.org 78000-7}\">Case notification panel [CDC.PHIN]</span></p><p><b>subject</b>: <a href=\"Patient-GenV2-TC-Patient.html\">GenV2-TC Example Patient. Generated Summary: Local Record ID: GenV2_TC01_Record, Local Subject ID: GenV2_TC01_Subject, Legacy Case Identifier: 48432148S012014, State Case Identifier: TX4321; gender: female; birthDate: 1964-05-02; deceased: 2014-03-02</a></p><p><b>hasMember</b>: </p><ul><li><a href=\"Observation-GenV2-TC-MMWR.html\">Generated Summary: <span title=\"Codes: {http://loinc.org 78000-7}\">Case notification panel [CDC.PHIN]</span>; <span title=\"Codes: {http://cbsig.chai.gatech.edu/CodeSystem/cbs-temp-code-system MMWR}\">MMWR Week/Year</span></a></li><li><a href=\"Observation-GenV2-TC-Exposure.html\">Generated Summary: <span title=\"Codes: {http://loinc.org 78000-7}\">Case notification panel [CDC.PHIN]</span>; <span title=\"Codes: {http://cbsig.chai.gatech.edu/CodeSystem/cbs-temp-code-system Location-of-Exposure}\">Location of Exposure</span></a></li><li><a href=\"Observation-GenV2-TC-CNP-Member1.html\">Generated Summary: <span title=\"Codes: {http://loinc.org 78000-7}\">Case notification panel [CDC.PHIN]</span>; <span title=\"Codes: {http://loinc.org 77965-2}\">Immediate national notifiable condition</span>; <span title=\"Codes: {http://terminology.hl7.org/CodeSystem/v2-0005 N}\">No</span></a></li><li><a href=\"Observation-GenV2-TC-CNP-Member2.html\">Generated Summary: <span title=\"Codes: {http://loinc.org 78000-7}\">Case notification panel [CDC.PHIN]</span>; <span title=\"Codes: {http://loinc.org 77966-0}\">Reporting state</span>; <span title=\"Codes: {urn:oid:2.16.840.1.113883.6.92 48}\">Texas</span></a></li><li><a href=\"Observation-GenV2-TC-CNP-Member3.html\">Generated Summary: <span title=\"Codes: {http://loinc.org 78000-7}\">Case notification panel [CDC.PHIN]</span>; <span title=\"Codes: {http://loinc.org 77967-8}\">Reporting county</span>; <span title=\"Codes: {urn:oid:2.16.840.1.113883.6.93 48201}\">Harris</span></a></li><li><a href=\"Observation-GenV2-TC-CNP-Member4.html\">Generated Summary: <span title=\"Codes: {http://loinc.org 78000-7}\">Case notification panel [CDC.PHIN]</span>; <span title=\"Codes: {http://loinc.org 77968-6}\">Reporting state</span>; <span title=\"Codes: {urn:oid:2.16.840.1.113883.6.92 48}\">Texas</span></a></li><li><a href=\"Observation-GenV2-TC-CNP-Member5.html\">Generated Summary: <span title=\"Codes: {http://loinc.org 78000-7}\">Case notification panel [CDC.PHIN]</span>; <span title=\"Codes: {http://loinc.org 77969-4}\">Jurisdiction code</span>; value: S01</a></li><li><a href=\"Observation-GenV2-TC-CNP-Member6.html\">Generated Summary: <span title=\"Codes: {http://loinc.org 78000-7}\">Case notification panel [CDC.PHIN]</span>; <span title=\"Codes: {http://loinc.org 77970-2}\">Date of initial report</span>; value: 2014-02-25</a></li><li><a href=\"Observation-GenV2-TC-CNP-Member7.html\">Generated Summary: <span title=\"Codes: {http://loinc.org 78000-7}\">Case notification panel [CDC.PHIN]</span>; <span title=\"Codes: {http://loinc.org 77972-8}\">Earliest date reported to county</span>; value: 2014-02-25</a></li><li><a href=\"Observation-GenV2-TC-CNP-Member8.html\">Generated Summary: <span title=\"Codes: {http://loinc.org 78000-7}\">Case notification panel [CDC.PHIN]</span>; <span title=\"Codes: {http://loinc.org 77973-6}\">Earliest date reported to state</span>; value: 2014-02-25</a></li><li><a href=\"Observation-GenV2-TC-CNP-Member9.html\">Generated Summary: <span title=\"Codes: {http://loinc.org 78000-7}\">Case notification panel [CDC.PHIN]</span>; <span title=\"Codes: {http://loinc.org 77979-3}\">Case investigation start date</span>; value: 2014-02-25</a></li><li><a href=\"Observation-GenV2-TC-CNP-Member10.html\">Generated Summary: <span title=\"Codes: {http://loinc.org 78000-7}\">Case notification panel [CDC.PHIN]</span>; <span title=\"Codes: {http://cbsig.chai.gatech.edu/CodeSystem/cbs-temp-code-system case-outbreak}\">Case Outbreak</span></a></li><li><a href=\"Observation-GenV2-TC-CNP-Member11.html\">Generated Summary: <span title=\"Codes: {http://loinc.org 78000-7}\">Case notification panel [CDC.PHIN]</span>; <span title=\"Codes: {http://loinc.org 77988-4}\">Binational reporting criteria [CDC.PHIN]</span>; <span title=\"Codes: {urn:oid:2.16.840.1.114222.4.5.274 PHC1140}\">Exposure to suspected product from Canada or Mexico</span></a></li><li><a href=\"Observation-GenV2-TC-CNP-Member12.html\">Generated Summary: <span title=\"Codes: {http://loinc.org 78000-7}\">Case notification panel [CDC.PHIN]</span>; <span title=\"Codes: {http://loinc.org 77989-2}\">Disease transmission mode</span>; <span title=\"Codes: {http://snomed.info/sct 416086007}\">Food-borne transmission</span></a></li><li><a href=\"Observation-GenV2-TC-CNP-Member13.html\">Generated Summary: <span title=\"Codes: {http://loinc.org 78000-7}\">Case notification panel [CDC.PHIN]</span>; <span title=\"Codes: {http://loinc.org 77995-9}\">Date of first report to public health department</span>; value: 2014-02-25</a></li><li><a href=\"Observation-GenV2-TC-CNP-Member14.html\">Generated Summary: <span title=\"Codes: {http://loinc.org 78000-7}\">Case notification panel [CDC.PHIN]</span>; <span title=\"Codes: {http://loinc.org 77996-7}\">Pregnancy status at time of illness or condition</span>; <span title=\"Codes: {http://terminology.hl7.org/CodeSystem/v2-0532 N}\">No</span></a></li><li><a href=\"Observation-GenV2-TC-CNP-Member15.html\">Generated Summary: <span title=\"Codes: {http://loinc.org 78000-7}\">Case notification panel [CDC.PHIN]</span>; <span title=\"Codes: {http://loinc.org 77998-3}\">Age at time of case investigation</span>; 49</a></li></ul></div>"
  },
  "status": "final",
  "category": [
    {
      "coding": [
        {
          "system": "http://loinc.org",
          "code": "78000-7",
          "display": "Case notification panel [CDC.PHIN]"
        }
      ]
    }
  ],
  "code": {
    "coding": [
      {
        "system": "http://loinc.org",
        "code": "78000-7",
        "display": "Case notification panel [CDC.PHIN]"
      }
    ]
  },
  "subject": {
    "reference": "Patient/GenV2-TC-Patient",
    "display": "GenV2-TC Example Patient"
  },
  "hasMember": [
    {
      "reference": "Observation/GenV2-TC-MMWR"
    },
    {
      "reference": "Observation/GenV2-TC-Exposure"
    },
    {
      "reference": "Observation/GenV2-TC-CNP-Member1"
    },
    {
      "reference": "Observation/GenV2-TC-CNP-Member2"
    },
    {
      "reference": "Observation/GenV2-TC-CNP-Member3"
    },
    {
      "reference": "Observation/GenV2-TC-CNP-Member4"
    },
    {
      "reference": "Observation/GenV2-TC-CNP-Member5"
    },
    {
      "reference": "Observation/GenV2-TC-CNP-Member6"
    },
    {
      "reference": "Observation/GenV2-TC-CNP-Member7"
    },
    {
      "reference": "Observation/GenV2-TC-CNP-Member8"
    },
    {
      "reference": "Observation/GenV2-TC-CNP-Member9"
    },
    {
      "reference": "Observation/GenV2-TC-CNP-Member10"
    },
    {
      "reference": "Observation/GenV2-TC-CNP-Member11"
    },
    {
      "reference": "Observation/GenV2-TC-CNP-Member12"
    },
    {
      "reference": "Observation/GenV2-TC-CNP-Member13"
    },
    {
      "reference": "Observation/GenV2-TC-CNP-Member14"
    },
    {
      "reference": "Observation/GenV2-TC-CNP-Member15"
    }
  ]
}