{
  "resourceType": "Observation",
  "id": "GenV2-TC-CauseOfDeath",
  "meta": {
    "profile": [
      "http://cbsig.chai.gatech.edu/StructureDefinition/cbs-cause-of-death"
    ]
  },
  "text": {
    "status": "generated",
    "div": "<div xmlns=\"http://www.w3.org/1999/xhtml\"><p><b>Generated Narrative</b></p><p></p><p><b>code</b>: <span title=\"Codes: {http://loinc.org 79378-6}\">Cause of death</span></p><p><b>subject</b>: <a href=\"Patient-GenV2-TC-Patient.html\">GenV2-TC Example Patient. Generated Summary: Local Record ID: GenV2_TC01_Record, Local Subject ID: GenV2_TC01_Subject, Legacy Case Identifier: 48432148S012014, State Case Identifier: TX4321; Zzzzz, Aaaaa; gender: female; birthDate: 1964-05-02; deceased: 2014-03-02</a></p><p><b>focus</b>: <a href=\"Condition-GenV2-TC-Condition.html\">GenV2-TC Example Condition of Interest. Generated Summary: <span title=\"Codes: {http://terminology.hl7.org/CodeSystem/condition-clinical inactive}\">Inactive</span>; <span title=\"Codes: {urn:oid:2.16.840.1.114222.4.5.277 11550}\">Hemolytic Uremic Syndrome</span>; onset: 2014-02-24; abatement: 2014-03-02</a></p></div>"
  },
  "status": "final",
  "code": {
    "coding": [
      {
        "system": "http://loinc.org",
        "code": "79378-6"
      }
    ]
  },
  "subject": {
    "reference": "Patient/GenV2-TC-Patient",
    "display": "GenV2-TC Example Patient"
  },
  "focus": [
    {
      "reference": "Condition/GenV2-TC-Condition",
      "display": "GenV2-TC Example Condition of Interest"
    }
  ]
}