{
  "resourceType": "Observation",
  "id": "Lyme-TC-ODH-Example",
  "meta": {
    "profile": [
      "http://hl7.org/fhir/us/odh/StructureDefinition/odh-PastOrPresentJob"
    ]
  },
  "text": {
    "status": "generated",
    "div": "<div xmlns=\"http://www.w3.org/1999/xhtml\"><p><b>Generated Narrative</b></p><p></p><p><b>code</b>: <span title=\"Codes: {http://loinc.org 11341-5}\">History of Occupation</span></p><p><b>subject</b>: <a href=\"Patient-Lyme-TC-Patient.html\">Lyme-TC Example Patient. Generated Summary: Local Record ID: TickborneLyme_TC01, Local Subject ID: TickborneLyme_TC01, Legacy Case Identifier: 34022747S012018, State Case Identifier: 340227; Xxxxx, Ccccc; gender: male; birthDate: 1993-06-01</a></p><p><b>effective</b>: ?? --&gt; (ongoing)</p><p><b>value</b>: <span title=\"Codes: {http://terminology.hl7.org/CodeSystem/PHOccupationCDCCensus2010 6230}\">Carpenters</span></p><h3>Components</h3><table class=\"grid\"><tr><td>-</td><td><b>Code</b></td><td><b>Value[x]</b></td></tr><tr><td>*</td><td><span title=\"Codes: {http://loinc.org 86188-0}\">History of Occupation industry</span></td><td><span title=\"Codes: {http://terminology.hl7.org/CodeSystem/PHIndustryCDCCensus2010 4090}\">4090</span></td></tr></table></div>"
  },
  "status": "final",
  "code": {
    "coding": [
      {
        "system": "http://loinc.org",
        "code": "11341-5"
      }
    ]
  },
  "subject": {
    "reference": "Patient/Lyme-TC-Patient",
    "display": "Lyme-TC Example Patient"
  },
  "effectivePeriod": {
    "extension": [
      {
        "url": "http://hl7.org/fhir/StructureDefinition/data-absent-reason",
        "valueCode": "masked"
      }
    ]
  },
  "valueCodeableConcept": {
    "coding": [
      {
        "system": "http://terminology.hl7.org/CodeSystem/PHOccupationCDCCensus2010",
        "code": "6230",
        "display": "Carpenters"
      }
    ]
  },
  "component": [
    {
      "code": {
        "coding": [
          {
            "system": "http://loinc.org",
            "code": "86188-0"
          }
        ]
      },
      "valueCodeableConcept": {
        "coding": [
          {
            "system": "http://terminology.hl7.org/CodeSystem/PHIndustryCDCCensus2010",
            "code": "4090"
          }
        ]
      }
    }
  ]
}