<?xml version="1.0" encoding="UTF-8"?>

<Observation xmlns="http://hl7.org/fhir">
  <id value="STD-TC-CNP"/>
  <meta>
    <profile value="http://cbsig.chai.gatech.edu/StructureDefinition/cbs-case-notification-panel"/>
  </meta>
  <text>
    <status value="generated"/><div xmlns="http://www.w3.org/1999/xhtml"><p><b>Generated Narrative</b></p><p></p><p><b>category</b>: <span title="Codes: {http://loinc.org 78000-7}">Case notification panel [CDC.PHIN]</span></p><p><b>code</b>: <span title="Codes: {http://loinc.org 78000-7}">Case notification panel [CDC.PHIN]</span></p><p><b>subject</b>: <a href="Patient-STD-TC-Patient.html">STD-TC Example Patient. Generated Summary: Local Record ID: STD_TC05, Local Subject ID: STD_TC05; Wwwww, Ddddd; gender: female; birthDate: 1994-03-02</a></p><p><b>hasMember</b>: </p><ul><li><a href="Observation-STD-TC-MMWR.html">Generated Summary: <span title="Codes: {http://loinc.org 78000-7}">Case notification panel [CDC.PHIN]</span>; <span title="Codes: {http://cbsig.chai.gatech.edu/CodeSystem/cbs-temp-code-system MMWR}">MMWR Week/Year</span></a></li><li><a href="Observation-STD-TC-Exposure.html">Generated Summary: <span title="Codes: {http://loinc.org 78000-7}">Case notification panel [CDC.PHIN]</span>; <span title="Codes: {http://cbsig.chai.gatech.edu/CodeSystem/cbs-temp-code-system Location-of-Exposure}">Location of Exposure</span></a></li><li><a href="Observation-STD-TC-CNP-Member1.html">Generated Summary: <span title="Codes: {http://loinc.org 78000-7}">Case notification panel [CDC.PHIN]</span>; <span title="Codes: {http://loinc.org 77965-2}">Immediate national notifiable condition</span>; <span title="Codes: {http://terminology.hl7.org/CodeSystem/v2-0005 N}">No</span></a></li><li><a href="Observation-STD-TC-CNP-Member2.html">Generated Summary: <span title="Codes: {http://loinc.org 78000-7}">Case notification panel [CDC.PHIN]</span>; <span title="Codes: {http://loinc.org 77966-0}">Reporting state</span>; <span title="Codes: {urn:oid:2.16.840.1.113883.6.92 51}">Virginia</span></a></li><li><a href="Observation-STD-TC-CNP-Member3.html">Generated Summary: <span title="Codes: {http://loinc.org 78000-7}">Case notification panel [CDC.PHIN]</span>; <span title="Codes: {http://loinc.org 77967-8}">Reporting county</span>; <span title="Codes: {urn:oid:2.16.840.1.113883.6.93 51760}">Richmond City, VA</span></a></li><li><a href="Observation-STD-TC-CNP-Member4.html">Generated Summary: <span title="Codes: {http://loinc.org 78000-7}">Case notification panel [CDC.PHIN]</span>; <span title="Codes: {http://loinc.org 77968-6}">National reporting jurisdiction</span>; <span title="Codes: {urn:oid:2.16.840.1.113883.6.92 51}">VA</span></a></li><li><a href="Observation-STD-TC-CNP-Member5.html">Generated Summary: <span title="Codes: {http://loinc.org 78000-7}">Case notification panel [CDC.PHIN]</span>; <span title="Codes: {http://loinc.org 77969-4}">Jurisdiction code</span>; value: S01</a></li><li><a href="Observation-STD-TC-CNP-Member6.html">Generated Summary: <span title="Codes: {http://loinc.org 78000-7}">Case notification panel [CDC.PHIN]</span>; <span title="Codes: {http://loinc.org 77970-2}">Date of initial report</span>; value: 2014-01-17</a></li><li><a href="Observation-STD-TC-CNP-Member7.html">Generated Summary: <span title="Codes: {http://loinc.org 78000-7}">Case notification panel [CDC.PHIN]</span>; <span title="Codes: {http://loinc.org 77972-8}">Earliest date reported to county</span>; value: 2014-01-17</a></li><li><a href="Observation-STD-TC-CNP-Member8.html">Generated Summary: <span title="Codes: {http://loinc.org 78000-7}">Case notification panel [CDC.PHIN]</span>; <span title="Codes: {http://loinc.org 77973-6}">Earliest date reported to state</span>; value: 2014-01-17</a></li><li><a href="Observation-STD-TC-CNP-Member9.html">Generated Summary: <span title="Codes: {http://loinc.org 78000-7}">Case notification panel [CDC.PHIN]</span>; <span title="Codes: {http://loinc.org 77979-3}">Case investigation start date</span>; value: 2014-01-17</a></li><li><a href="Observation-STD-TC-CNP-Member10.html">Generated Summary: <span title="Codes: {http://loinc.org 78000-7}">Case notification panel [CDC.PHIN]</span>; <span title="Codes: {http://cbsig.chai.gatech.edu/CodeSystem/cbs-temp-code-system case-outbreak}">Case Outbreak Name and Indicator</span></a></li><li><a href="Observation-STD-TC-CNP-Member11.html">Generated Summary: <span title="Codes: {http://loinc.org 78000-7}">Case notification panel [CDC.PHIN]</span>; <span title="Codes: {http://loinc.org 77988-4}">Binational reporting criteria [CDC.PHIN]</span>; <span title="Codes: {urn:oid:2.16.840.1.114222.4.5.274 PHC1139}">Has case contacts in or from Mexico or Canada</span></a></li><li><a href="Observation-STD-TC-CNP-Member12.html">Generated Summary: <span title="Codes: {http://loinc.org 78000-7}">Case notification panel [CDC.PHIN]</span>; <span title="Codes: {http://loinc.org 77989-2}">Disease transmission mode</span>; <span title="Codes: {http://snomed.info/sct 417564009}">Sexual transmission</span></a></li><li><a href="Observation-STD-TC-CNP-Member13.html">Generated Summary: <span title="Codes: {http://loinc.org 78000-7}">Case notification panel [CDC.PHIN]</span>; <span title="Codes: {http://loinc.org 77995-9}">Date of first report to public health department</span>; value: 2014-01-20</a></li><li><a href="Observation-STD-TC-CNP-Member14.html">Generated Summary: <span title="Codes: {http://loinc.org 78000-7}">Case notification panel [CDC.PHIN]</span>; <span title="Codes: {http://loinc.org 77996-7}">Pregnancy status at time of illness or condition</span>; <span title="Codes: {http://terminology.hl7.org/CodeSystem/v2-0532 N}">No</span></a></li><li><a href="Observation-STD-TC-CNP-Member15.html">Generated Summary: <span title="Codes: {http://loinc.org 78000-7}">Case notification panel [CDC.PHIN]</span>; <span title="Codes: {http://loinc.org 77998-3}">Age at time of case investigation</span>; 19</a></li></ul></div>
  </text>
  <status value="final"/>
  <category>
    <coding>
      <system value="http://loinc.org"/>
      <code value="78000-7"/>
      <display value="Case notification panel [CDC.PHIN]"/>
    </coding>
  </category>
  <code>
    <coding>
      <system value="http://loinc.org"/>
      <code value="78000-7"/>
      <display value="Case notification panel [CDC.PHIN]"/>
    </coding>
  </code>
  <subject>
    <reference value="Patient/STD-TC-Patient"/>
    <display value="STD-TC Example Patient"/>
  </subject>
  <hasMember>
    <reference value="Observation/STD-TC-MMWR"/>
  </hasMember>
  <hasMember>
    <reference value="Observation/STD-TC-Exposure"/>
  </hasMember>
  <hasMember>
    <reference value="Observation/STD-TC-CNP-Member1"/>
  </hasMember>
  <hasMember>
    <reference value="Observation/STD-TC-CNP-Member2"/>
  </hasMember>
  <hasMember>
    <reference value="Observation/STD-TC-CNP-Member3"/>
  </hasMember>
  <hasMember>
    <reference value="Observation/STD-TC-CNP-Member4"/>
  </hasMember>
  <hasMember>
    <reference value="Observation/STD-TC-CNP-Member5"/>
  </hasMember>
  <hasMember>
    <reference value="Observation/STD-TC-CNP-Member6"/>
  </hasMember>
  <hasMember>
    <reference value="Observation/STD-TC-CNP-Member7"/>
  </hasMember>
  <hasMember>
    <reference value="Observation/STD-TC-CNP-Member8"/>
  </hasMember>
  <hasMember>
    <reference value="Observation/STD-TC-CNP-Member9"/>
  </hasMember>
  <hasMember>
    <reference value="Observation/STD-TC-CNP-Member10"/>
  </hasMember>
  <hasMember>
    <reference value="Observation/STD-TC-CNP-Member11"/>
  </hasMember>
  <hasMember>
    <reference value="Observation/STD-TC-CNP-Member12"/>
  </hasMember>
  <hasMember>
    <reference value="Observation/STD-TC-CNP-Member13"/>
  </hasMember>
  <hasMember>
    <reference value="Observation/STD-TC-CNP-Member14"/>
  </hasMember>
  <hasMember>
    <reference value="Observation/STD-TC-CNP-Member15"/>
  </hasMember>
</Observation>