{
  "resourceType": "Observation",
  "id": "HAICA-TC-Lab-Observation",
  "meta": {
    "profile": [
      "http://cbsig.chai.gatech.edu/StructureDefinition/us-cbs-lab-observation"
    ]
  },
  "text": {
    "status": "generated",
    "div": "<div xmlns=\"http://www.w3.org/1999/xhtml\"><p><b>Generated Narrative</b></p><div style=\"display: inline-block; background-color: #d9e0e7; padding: 6px; margin: 4px; border: 1px solid #8da1b4; border-radius: 5px; line-height: 60%\"><p style=\"margin-bottom: 0px\">Resource \"HAICA-TC-Lab-Observation\" </p><p style=\"margin-bottom: 0px\">Profile: <a href=\"StructureDefinition-us-cbs-lab-observation.html\">US Case Based Surveillance Lab Observation</a></p></div><p><b>status</b>: final</p><p><b>category</b>: Laboratory <span style=\"background: LightGoldenRodYellow; margin: 4px; border: 1px solid khaki\"> (<a href=\"http://terminology.hl7.org/3.0.0/CodeSystem-observation-category.html\">Observation Category Codes</a>#laboratory)</span></p><p><b>code</b>: DNA Sequencing <span style=\"background: LightGoldenRodYellow; margin: 4px; border: 1px solid khaki\"> (unknown#LAB723)</span></p><p><b>subject</b>: <a href=\"Patient-HAICA-TC-Patient.html\">Patient/HAICA-TC-Patient: HAICA-TC Example Patient</a> \"\"</p><p><b>value</b>: Positive <span style=\"background: LightGoldenRodYellow; margin: 4px; border: 1px solid khaki\"> (<a href=\"https://browser.ihtsdotools.org/\">SNOMED CT</a>#10828004)</span></p><p><b>method</b>: D1/D2 <span style=\"background: LightGoldenRodYellow; margin: 4px; border: 1px solid khaki\"> ([not stated]#D1D2)</span></p></div>"
  },
  "status": "final",
  "category": [
    {
      "coding": [
        {
          "system": "http://terminology.hl7.org/CodeSystem/observation-category",
          "code": "laboratory"
        }
      ]
    }
  ],
  "code": {
    "coding": [
      {
        "system": "urn:oid:2.16.840.1.114222.4.5.232",
        "code": "LAB723",
        "display": "DNA Sequencing"
      }
    ]
  },
  "subject": {
    "reference": "Patient/HAICA-TC-Patient",
    "display": "HAICA-TC Example Patient"
  },
  "valueCodeableConcept": {
    "coding": [
      {
        "system": "http://snomed.info/sct",
        "code": "10828004",
        "display": "Positive"
      }
    ]
  },
  "method": {
    "coding": [
      {
        "code": "D1D2",
        "display": "D1/D2"
      }
    ]
  }
}