{
  "resourceType": "Organization",
  "id": "GenV2-TC-Reporting-Source",
  "meta": {
    "profile": [
      "http://cbsig.chai.gatech.edu/StructureDefinition/cbs-reporting-source-organization"
    ]
  },
  "text": {
    "status": "generated",
    "div": "<div xmlns=\"http://www.w3.org/1999/xhtml\"><p><b>Generated Narrative</b></p><p><b>type</b>: <span title=\"Codes: {http://terminology.hl7.org/CodeSystem/v2-0406 1}\">Hospital</span></p><p><b>name</b>: Reporting Source</p><p><b>address</b>: 77018 </p></div>"
  },
  "type": [
    {
      "coding": [
        {
          "system": "http://terminology.hl7.org/CodeSystem/v2-0406",
          "code": "1"
        }
      ]
    }
  ],
  "name": "Reporting Source",
  "address": [
    {
      "postalCode": "77018"
    }
  ]
}