{
  "resourceType": "Organization",
  "id": "HAICA-TC-Reporting-Source",
  "meta": {
    "profile": [
      "http://cbsig.chai.gatech.edu/StructureDefinition/us-cbs-reporting-source-organization"
    ]
  },
  "text": {
    "status": "generated",
    "div": "<div xmlns=\"http://www.w3.org/1999/xhtml\"><p><b>Generated Narrative</b></p><div style=\"display: inline-block; background-color: #d9e0e7; padding: 6px; margin: 4px; border: 1px solid #8da1b4; border-radius: 5px; line-height: 60%\"><p style=\"margin-bottom: 0px\">Resource \"HAICA-TC-Reporting-Source\" </p><p style=\"margin-bottom: 0px\">Profile: <a href=\"StructureDefinition-us-cbs-reporting-source-organization.html\">US Case Based Surveillance Reporting Source Organization Profile</a></p></div><p><b>active</b>: true</p><p><b>type</b>: Unknown <span style=\"background: LightGoldenRodYellow; margin: 4px; border: 1px solid khaki\"> (<a href=\"http://terminology.hl7.org/3.0.0/CodeSystem-v3-NullFlavor.html\">NullFlavor</a>#UNK)</span></p><p><b>name</b>: Reporting Source</p><p><b>telecom</b>: -unknown-</p><p><b>address</b>: </p><h3>Contacts</h3><table class=\"grid\"><tr><td>-</td><td><b>Name</b></td><td><b>Telecom</b></td></tr><tr><td>*</td><td>von Count, Count</td><td><a href=\"mailto:count_voncount@gadph.gov\">count_voncount@gadph.gov</a></td></tr></table></div>"
  },
  "active": true,
  "type": [
    {
      "coding": [
        {
          "system": "http://terminology.hl7.org/CodeSystem/v3-NullFlavor",
          "code": "UNK",
          "display": "Unknown"
        }
      ]
    }
  ],
  "name": "Reporting Source",
  "telecom": [
    {
      "extension": [
        {
          "url": "http://hl7.org/fhir/StructureDefinition/data-absent-reason",
          "valueCode": "unknown"
        }
      ]
    }
  ],
  "address": [
    {
      "extension": [
        {
          "url": "http://hl7.org/fhir/StructureDefinition/data-absent-reason",
          "valueCode": "unknown"
        }
      ]
    }
  ],
  "contact": [
    {
      "name": {
        "text": "von Count, Count",
        "family": "von Count",
        "given": [
          "Count"
        ]
      },
      "telecom": [
        {
          "system": "email",
          "value": "count_voncount@gadph.gov"
        }
      ]
    }
  ]
}