{
  "resourceType": "Organization",
  "id": "HAICA-TC-Reporting-Source",
  "meta": {
    "profile": [
      "http://cbsig.chai.gatech.edu/StructureDefinition/cbs-reporting-source-organization"
    ]
  },
  "text": {
    "status": "generated",
    "div": "<div xmlns=\"http://www.w3.org/1999/xhtml\"><p><b>Generated Narrative</b></p><div style=\"display: inline-block; background-color: #d9e0e7; padding: 6px; margin: 4px; border: 1px solid #8da1b4; border-radius: 5px; line-height: 60%\"><p style=\"margin-bottom: 0px\">Resource \"HAICA-TC-Reporting-Source\" </p><p style=\"margin-bottom: 0px\">Profile: <a href=\"StructureDefinition-cbs-reporting-source-organization.html\">Case Based Surveillance Reporting Source Organization Profile</a></p></div><p><b>type</b>: Unknown <span style=\"background: LightGoldenRodYellow; margin: 4px; border: 1px solid khaki\"> (<a href=\"http://terminology.hl7.org/3.0.0/CodeSystem-v3-NullFlavor.html\">NullFlavor</a>#UNK)</span></p><p><b>name</b>: Reporting Source</p></div>"
  },
  "type": [
    {
      "coding": [
        {
          "system": "http://terminology.hl7.org/CodeSystem/v3-NullFlavor",
          "code": "UNK",
          "display": "Unknown"
        }
      ]
    }
  ],
  "name": "Reporting Source"
}