<?xml version="1.0" encoding="UTF-8"?>

<Practitioner xmlns="http://hl7.org/fhir">
  <id value="GenV2-TC-Person-Reporting"/>
  <meta>
    <profile value="http://cbsig.chai.gatech.edu/StructureDefinition/cbs-person-reporting-to-cdc"/>
  </meta>
  <text>
    <status value="generated"/><div xmlns="http://www.w3.org/1999/xhtml"><p><b>Generated Narrative</b></p><p><b>name</b>: Smith, John</p><p><b>telecom</b>: ph: 444-321-1234, <a href="mailto:jsmith@txdoh.org">jsmith@txdoh.org</a></p></div>
  </text>
  <name>
    <text value="Smith, John"/>
    <family value="Smith"/>
    <given value="John"/>
  </name>
  <telecom>
    <system value="phone"/>
    <value value="444-321-1234"/>
  </telecom>
  <telecom>
    <system value="email"/>
    <value value="jsmith@txdoh.org"/>
  </telecom>
</Practitioner>