{
  "resourceType": "Practitioner",
  "id": "GenV2-TC-Person-Reporting",
  "meta": {
    "profile": [
      "http://cbsig.chai.gatech.edu/StructureDefinition/cbs-person-reporting-to-cdc"
    ]
  },
  "text": {
    "status": "generated",
    "div": "<div xmlns=\"http://www.w3.org/1999/xhtml\"><p><b>Generated Narrative</b></p><p><b>name</b>: Smith, John</p><p><b>telecom</b>: ph: 444-321-1234, <a href=\"mailto:jsmith@txdoh.org\">jsmith@txdoh.org</a></p></div>"
  },
  "name": [
    {
      "text": "Smith, John",
      "family": "Smith",
      "given": [
        "John"
      ]
    }
  ],
  "telecom": [
    {
      "system": "phone",
      "value": "444-321-1234"
    },
    {
      "system": "email",
      "value": "jsmith@txdoh.org"
    }
  ]
}