{
  "resourceType": "Specimen",
  "id": "HAICA-TC-Specimen",
  "meta": {
    "profile": [
      "http://cbsig.chai.gatech.edu/StructureDefinition/cbs-specimen"
    ]
  },
  "text": {
    "status": "generated",
    "div": "<div xmlns=\"http://www.w3.org/1999/xhtml\"><p><b>Generated Narrative</b></p><p><b>identifier</b>: State Lab Specimen ID: IDR908765140, Performing Laboratory Specimen ID: 198374-9</p><p><b>type</b>: <span title=\"Codes: {http://snomed.info/sct 119297000}\">Blood specimen</span></p><p><b>subject</b>: <a href=\"Patient-HAICA-TC-Patient.html\">HAICA-TC Example Patient. Generated Summary: Local Record ID: C_auris_02, Local Subject ID: C_auris_PAT_02; Yyyyy, Bbbbb; gender: female; birthDate: 1940-01-01</a></p><h3>Collections</h3><table class=\"grid\"><tr><td>-</td><td><b>Collected[x]</b></td></tr><tr><td>*</td><td>2018-11-24</td></tr></table></div>"
  },
  "identifier": [
    {
      "type": {
        "coding": [
          {
            "system": "urn:oid:2.16.840.1.114222.4.5.232",
            "code": "PLT687",
            "display": "State Lab Specimen ID"
          }
        ]
      },
      "value": "IDR908765140"
    },
    {
      "type": {
        "coding": [
          {
            "system": "urn:oid:2.16.840.1.114222.4.5.232",
            "code": "LAB202",
            "display": "Performing Laboratory Specimen ID"
          }
        ]
      },
      "value": "198374-9"
    }
  ],
  "type": {
    "coding": [
      {
        "system": "http://snomed.info/sct",
        "code": "119297000",
        "display": "Blood specimen"
      }
    ]
  },
  "subject": {
    "reference": "Patient/HAICA-TC-Patient",
    "display": "HAICA-TC Example Patient"
  },
  "collection": {
    "collectedDateTime": "2018-11-24"
  }
}