{
  "resourceType": "Specimen",
  "id": "Specimen-Example",
  "meta": {
    "profile": [
      "http://cbsig.chai.gatech.edu/StructureDefinition/cbs-specimen"
    ]
  },
  "text": {
    "status": "extensions",
    "div": "<div xmlns=\"http://www.w3.org/1999/xhtml\"><p><b>Generated Narrative</b></p><p><b>Case Based Surveillance Specimen Role Extension</b>: <span title=\"Codes: {http://terminology.hl7.org/CodeSystem/v2-0369 P}\">Patient</span></p><p><b>identifier</b>: Placer Identifier: HEP23456-1, Filler Identifier: HEP9700123-1</p><p><b>type</b>: <span title=\"Codes: {http://snomed.info/sct 119364003}\">Serum specimen</span></p><p><b>subject</b>: <a href=\"Patient-GenV2-TC-Patient.html\">GenV2-TC Example Patient. Generated Summary: Local Record ID: GenV2_TC01_Record, Local Subject ID: GenV2_TC01_Subject, Legacy Case Identifier: 48432148S012014, State Case Identifier: TX4321; gender: female; birthDate: 1964-05-02; deceased: 2014-03-02</a></p><p><b>receivedTime</b>: Feb 25, 2014, 10:15:00 AM</p><h3>Collections</h3><table class=\"grid\"><tr><td>-</td><td><b>Collected[x]</b></td><td><b>Quantity</b></td><td><b>BodySite</b></td></tr><tr><td>*</td><td>2014-02-25</td><td>2 mL</td><td><span title=\"Codes: {http://snomed.info/sct 244001006}\">Antecubital fossa</span></td></tr></table></div>"
  },
  "extension": [
    {
      "url": "http://cbsig.chai.gatech.edu/StructureDefinition/cbs-specimen-role",
      "valueCodeableConcept": {
        "coding": [
          {
            "system": "http://terminology.hl7.org/CodeSystem/v2-0369",
            "code": "P"
          }
        ]
      }
    }
  ],
  "identifier": [
    {
      "type": {
        "coding": [
          {
            "system": "http://terminology.hl7.org/CodeSystem/v2-0203",
            "code": "PLAC"
          }
        ]
      },
      "value": "HEP23456-1"
    },
    {
      "type": {
        "coding": [
          {
            "system": "http://terminology.hl7.org/CodeSystem/v2-0203",
            "code": "FILL"
          }
        ]
      },
      "value": "HEP9700123-1"
    }
  ],
  "type": {
    "coding": [
      {
        "system": "http://snomed.info/sct",
        "code": "119364003"
      }
    ]
  },
  "subject": {
    "reference": "Patient/GenV2-TC-Patient",
    "display": "GenV2-TC Example Patient"
  },
  "receivedTime": "2014-02-25T10:15:00-05:00",
  "collection": {
    "collectedDateTime": "2014-02-25",
    "quantity": {
      "value": 2,
      "system": "http://unitsofmeasure.org",
      "code": "mL"
    },
    "bodySite": {
      "coding": [
        {
          "system": "http://snomed.info/sct",
          "code": "244001006"
        }
      ]
    }
  }
}