<?xml version="1.0" encoding="UTF-8"?>

<ValueSet xmlns="http://hl7.org/fhir">
  <id value="CBSSTDSexualHistoryDrugUseQuestionnaireVS"/>
  <text>
    <status value="generated"/><div xmlns="http://www.w3.org/1999/xhtml"><p>This value set includes codes based on the following rules:</p><ul><li>Include these codes as defined in <a href="CodeSystem-cbs-temp-code-system.html"><code>http://cbsig.chai.gatech.edu/CodeSystem/cbs-temp-code-system</code></a><table class="none"><tr><td style="white-space:nowrap"><b>Code</b></td><td><b>Display</b></td></tr><tr><td><a href="CodeSystem-cbs-temp-code-system.html#cbs-temp-code-system-std-program-questionnaire-panel">std-program-questionnaire-panel</a></td><td>STD Program Questionnaire Panel</td></tr></table></li><li>Include these codes as defined in <code>https://phinvads.cdc.gov/vads/ViewCodeSystem.action?id=2.16.840.1.114222.4.5.232</code><table class="none"><tr><td style="white-space:nowrap"><b>Code</b></td><td><b>Display</b></td></tr><tr><td>STD107</td><td/></tr><tr><td>STD108</td><td/></tr><tr><td>STD109</td><td/></tr><tr><td>STD110</td><td/></tr><tr><td>STD111</td><td/></tr><tr><td>STD112</td><td/></tr><tr><td>STD113</td><td/></tr><tr><td>STD114</td><td/></tr></table></li></ul></div>
  </text>
  <url value="http://cbsig.chai.gatech.edu/ValueSet/CBSSTDSexualHistoryDrugUseQuestionnaireVS"/>
  <version value="0.1.0"/>
  <name value="CBSSTDSexualHistoryDrugUseQuestionnaireVS"/>
  <title value="STD Sexual History and Drug Use Questionnaire Panel"/>
  <status value="active"/>
  <date value="2021-07-09T14:32:25-04:00"/>
  <description value="This is an example valueset for how to setup coding for an Epi Questionnaire Panel using a selection of codes from the STD MMG."/>
  <compose>
    <include>
      <system value="http://cbsig.chai.gatech.edu/CodeSystem/cbs-temp-code-system"/>
      <concept>
        <code value="std-program-questionnaire-panel"/>
      </concept>
    </include>
    <include>
      <system value="https://phinvads.cdc.gov/vads/ViewCodeSystem.action?id=2.16.840.1.114222.4.5.232"/>
      <concept>
        <code value="STD107"/>
      </concept>
      <concept>
        <code value="STD108"/>
      </concept>
      <concept>
        <code value="STD109"/>
      </concept>
      <concept>
        <code value="STD110"/>
      </concept>
      <concept>
        <code value="STD111"/>
      </concept>
      <concept>
        <code value="STD112"/>
      </concept>
      <concept>
        <code value="STD113"/>
      </concept>
      <concept>
        <code value="STD114"/>
      </concept>
    </include>
  </compose>
</ValueSet>