{
  "resourceType": "Bundle",
  "id": "GenV2-TC-Document",
  "meta": {
    "profile": [
      "http://cbsig.chai.gatech.edu/StructureDefinition/cbs-document-bundle"
    ]
  },
  "identifier": {
    "type": {
      "coding": [
        {
          "system": "http://cbsig.chai.gatech.edu/CodeSystem/cbs-temp-code-system",
          "code": "Local-Record-ID",
          "display": "Local Record ID"
        }
      ],
      "text": "Local Record ID"
    },
    "system": "urn:temp:national-reporting-jurisdiction:48",
    "value": "GenV2_TC01_Record"
  },
  "type": "document",
  "timestamp": "2014-03-02T00:00:00Z",
  "entry": [
    {
      "fullUrl": "Composition/GenV2-TC-Composition",
      "resource": {
        "resourceType": "Composition",
        "id": "GenV2-TC-Composition",
        "meta": {
          "profile": [
            "http://cbsig.chai.gatech.edu/StructureDefinition/cbs-composition"
          ]
        },
        "text": {
          "status": "generated",
          "div": "<div xmlns=\"http://www.w3.org/1999/xhtml\"><p><b>Generated Narrative</b></p><div style=\"display: inline-block; background-color: #d9e0e7; padding: 6px; margin: 4px; border: 1px solid #8da1b4; border-radius: 5px; line-height: 60%\"><p style=\"margin-bottom: 0px\">Resource \"GenV2-TC-Composition\" </p><p style=\"margin-bottom: 0px\">Profile: <a href=\"StructureDefinition-cbs-composition.html\">Case Based Surveillance Composition Profile</a></p></div><p><b>status</b>: final</p><p><b>type</b>: Public health Case report <span style=\"background: LightGoldenRodYellow; margin: 4px; border: 1px solid khaki\"> (<a href=\"https://loinc.org/\">LOINC</a>#55751-2)</span></p><p><b>date</b>: 2014-03-02</p><p><b>author</b>: <a href=\"#Organization_GenV2-TC-Reporting-Source\">See above (Organization/GenV2-TC-Reporting-Source)</a></p><p><b>title</b>: Case Based Surveillance Composition</p></div>"
        },
        "status": "final",
        "type": {
          "coding": [
            {
              "system": "http://loinc.org",
              "code": "55751-2"
            }
          ]
        },
        "subject": {
          "reference": "Patient/GenV2-TC-Patient"
        },
        "date": "2014-03-02",
        "author": [
          {
            "reference": "Organization/GenV2-TC-Reporting-Source"
          }
        ],
        "title": "Case Based Surveillance Composition",
        "section": [
          {
            "title": "Condition of Interest",
            "entry": [
              {
                "reference": "Condition/GenV2-TC-Condition"
              }
            ]
          },
          {
            "title": "Case Notification Panel",
            "entry": [
              {
                "reference": "Observation/GenV2-TC-CNP"
              }
            ],
            "section": [
              {
                "entry": [
                  {
                    "reference": "Observation/GenV2-TC-MMWR"
                  },
                  {
                    "reference": "Observation/GenV2-TC-Exposure"
                  },
                  {
                    "reference": "Observation/GenV2-TC-CNP-Member1"
                  },
                  {
                    "reference": "Observation/GenV2-TC-CNP-Member2"
                  },
                  {
                    "reference": "Observation/GenV2-TC-CNP-Member3"
                  },
                  {
                    "reference": "Observation/GenV2-TC-CNP-Member4"
                  },
                  {
                    "reference": "Observation/GenV2-TC-CNP-Member5"
                  },
                  {
                    "reference": "Observation/GenV2-TC-CNP-Member6"
                  },
                  {
                    "reference": "Observation/GenV2-TC-CNP-Member7"
                  },
                  {
                    "reference": "Observation/GenV2-TC-CNP-Member8"
                  },
                  {
                    "reference": "Observation/GenV2-TC-CNP-Member9"
                  },
                  {
                    "reference": "Observation/GenV2-TC-CNP-Member10"
                  },
                  {
                    "reference": "Observation/GenV2-TC-CNP-Member11"
                  },
                  {
                    "reference": "Observation/GenV2-TC-CNP-Member12"
                  },
                  {
                    "reference": "Observation/GenV2-TC-CNP-Member13"
                  },
                  {
                    "reference": "Observation/GenV2-TC-CNP-Member14"
                  },
                  {
                    "reference": "Observation/GenV2-TC-CNP-Member15"
                  }
                ]
              }
            ]
          },
          {
            "title": "History of Encounters (Hospitalizations)",
            "entry": [
              {
                "reference": "Encounter/GenV2-TC-Hospitalization"
              }
            ]
          },
          {
            "title": "Epi Observations",
            "entry": [
              {
                "reference": "Observation/GenV2-TC-CauseOfDeath"
              }
            ]
          },
          {
            "title": "Reporting Entities",
            "entry": [
              {
                "reference": "Organization/GenV2-TC-Reporting-Source"
              }
            ]
          }
        ]
      }
    },
    {
      "fullUrl": "Patient/GenV2-TC-Patient",
      "resource": {
        "resourceType": "Patient",
        "id": "GenV2-TC-Patient",
        "meta": {
          "profile": [
            "http://cbsig.chai.gatech.edu/StructureDefinition/us-cbs-patient"
          ]
        },
        "text": {
          "status": "extensions",
          "div": "<div xmlns=\"http://www.w3.org/1999/xhtml\"><p><b>Generated Narrative</b></p><div style=\"display: inline-block; background-color: #d9e0e7; padding: 6px; margin: 4px; border: 1px solid #8da1b4; border-radius: 5px; line-height: 60%\"><p style=\"margin-bottom: 0px\">Resource \"GenV2-TC-Patient\" </p><p style=\"margin-bottom: 0px\">Profile: <a href=\"StructureDefinition-us-cbs-patient.html\">US Case Based Surveillance Patient Profile</a></p></div><blockquote><p><b>US Core Race Extension</b></p><p><b>value</b>: White (Details: urn:oid:2.16.840.1.113883.6.238 code 2106-3 = 'White', stated as 'White')</p><p><b>value</b>: Apache (Details: urn:oid:2.16.840.1.113883.6.238 code 1010-8 = 'Apache', stated as 'Apache')</p><p><b>value</b>: Mixed</p></blockquote><blockquote><p><b>US Core Ethnicity Extension</b></p><p><b>value</b>: Not Hispanic or Latino (Details: urn:oid:2.16.840.1.113883.6.238 code 2186-5 = 'Not Hispanic or Latino', stated as 'Not Hispanic or Latino')</p><p><b>value</b>: Not Hispanic or Latino</p></blockquote><p><b>US Core Birth Sex Extension</b>: F</p><p><b>Birth Place</b>: USA </p><p><b>identifier</b>: Local Record ID: GenV2_TC01_Record, Local Subject ID: GenV2_TC01_Subject, Legacy Case Identifier: 48432148S012014, State Case Identifier: TX4321</p><p><b>name</b>: </p><p><b>telecom</b>: </p><p><b style=\"color: maroon\">Exception generating Narrative: Cannot invoke \"String.startsWith(String)\" because the return value of \"org.hl7.fhir.r5.model.ContactPoint.getValue()\" is null</b></p></div>"
        },
        "extension": [
          {
            "extension": [
              {
                "url": "ombCategory",
                "valueCoding": {
                  "system": "urn:oid:2.16.840.1.113883.6.238",
                  "code": "2106-3",
                  "display": "White"
                }
              },
              {
                "url": "detailed",
                "valueCoding": {
                  "system": "urn:oid:2.16.840.1.113883.6.238",
                  "code": "1010-8",
                  "display": "Apache"
                }
              },
              {
                "url": "text",
                "valueString": "Mixed"
              }
            ],
            "url": "http://hl7.org/fhir/us/core/StructureDefinition/us-core-race"
          },
          {
            "extension": [
              {
                "url": "ombCategory",
                "valueCoding": {
                  "system": "urn:oid:2.16.840.1.113883.6.238",
                  "code": "2186-5",
                  "display": "Not Hispanic or Latino"
                }
              },
              {
                "url": "text",
                "valueString": "Not Hispanic or Latino"
              }
            ],
            "url": "http://hl7.org/fhir/us/core/StructureDefinition/us-core-ethnicity"
          },
          {
            "url": "http://hl7.org/fhir/us/core/StructureDefinition/us-core-birthsex",
            "valueCode": "F"
          },
          {
            "url": "http://hl7.org/fhir/StructureDefinition/patient-birthPlace",
            "valueAddress": {
              "country": "USA"
            }
          }
        ],
        "identifier": [
          {
            "type": {
              "coding": [
                {
                  "system": "http://cbsig.chai.gatech.edu/CodeSystem/cbs-temp-code-system",
                  "code": "Local-Record-ID",
                  "display": "Local Record ID"
                }
              ],
              "text": "Local Record ID"
            },
            "system": "urn:temp:national-reporting-jurisdiction:48",
            "value": "GenV2_TC01_Record"
          },
          {
            "type": {
              "coding": [
                {
                  "system": "http://cbsig.chai.gatech.edu/CodeSystem/cbs-temp-code-system",
                  "code": "Local-Subject-ID",
                  "display": "Local Subject ID"
                }
              ],
              "text": "Local Subject ID"
            },
            "system": "urn:temp:national-reporting-jurisdiction:48",
            "value": "GenV2_TC01_Subject"
          },
          {
            "type": {
              "coding": [
                {
                  "system": "http://loinc.org",
                  "code": "77997-5",
                  "display": "Legacy case identifier [CDC.PHIN]"
                }
              ],
              "text": "Legacy Case Identifier"
            },
            "system": "urn:temp:national-reporting-jurisdiction:48",
            "value": "48432148S012014"
          },
          {
            "type": {
              "coding": [
                {
                  "system": "http://loinc.org",
                  "code": "77993-4",
                  "display": "State notifiable condition case identifier"
                }
              ],
              "text": "State Case Identifier"
            },
            "system": "urn:temp:national-reporting-jurisdiction:48",
            "value": "TX4321"
          }
        ],
        "name": [
          {
            "extension": [
              {
                "url": "http://hl7.org/fhir/StructureDefinition/data-absent-reason",
                "valueCode": "masked"
              }
            ]
          }
        ],
        "telecom": [
          {
            "system": "phone",
            "_value": {
              "extension": [
                {
                  "url": "http://hl7.org/fhir/StructureDefinition/data-absent-reason",
                  "valueCode": "masked"
                }
              ]
            }
          },
          {
            "system": "email",
            "_value": {
              "extension": [
                {
                  "url": "http://hl7.org/fhir/StructureDefinition/data-absent-reason",
                  "valueCode": "masked"
                }
              ]
            }
          }
        ],
        "gender": "female",
        "birthDate": "1964-05-02",
        "deceasedDateTime": "2014-03-02",
        "address": [
          {
            "use": "home",
            "district": "Harris",
            "state": "Texas",
            "postalCode": "77018"
          },
          {
            "extension": [
              {
                "url": "http://cbsig.chai.gatech.edu/StructureDefinition/cbs-cdc-address-use",
                "valueCoding": {
                  "system": "http://cbsig.chai.gatech.edu/CodeSystem/cbs-temp-code-system",
                  "code": "Usual-Residence"
                }
              }
            ],
            "country": "USA"
          }
        ]
      }
    },
    {
      "fullUrl": "Condition/GenV2-TC-Condition",
      "resource": {
        "resourceType": "Condition",
        "id": "GenV2-TC-Condition",
        "meta": {
          "profile": [
            "http://cbsig.chai.gatech.edu/StructureDefinition/us-cbs-condition"
          ]
        },
        "text": {
          "status": "extensions",
          "div": "<div xmlns=\"http://www.w3.org/1999/xhtml\"><p><b>Generated Narrative</b></p><div style=\"display: inline-block; background-color: #d9e0e7; padding: 6px; margin: 4px; border: 1px solid #8da1b4; border-radius: 5px; line-height: 60%\"><p style=\"margin-bottom: 0px\">Resource \"GenV2-TC-Condition\" </p><p style=\"margin-bottom: 0px\">Profile: <a href=\"StructureDefinition-us-cbs-condition.html\">US Case Based Surveillance Condition of Interest Profile</a></p></div><p><b>Case Based Surveillance Case Class Status</b>: Confirmed present <span style=\"background: LightGoldenRodYellow; margin: 4px; border: 1px solid khaki\"> (<a href=\"https://browser.ihtsdotools.org/\">SNOMED CT</a>#410605003)</span></p><p><b>Case Based Surveillance Illness Duration</b>: 6 d<span style=\"background: LightGoldenRodYellow\"> (Details: UCUM code d = 'd')</span></p><p><b>clinicalStatus</b>: Inactive <span style=\"background: LightGoldenRodYellow; margin: 4px; border: 1px solid khaki\"> (<a href=\"http://terminology.hl7.org/3.0.0/CodeSystem-condition-clinical.html\">Condition Clinical Status Codes</a>#inactive)</span></p><p><b>category</b>: Problem List Item <span style=\"background: LightGoldenRodYellow; margin: 4px; border: 1px solid khaki\"> (<a href=\"http://terminology.hl7.org/3.0.0/CodeSystem-condition-category.html\">Condition Category Codes</a>#problem-list-item)</span></p><p><b>code</b>: Hemolytic Uremic Syndrome <span style=\"background: LightGoldenRodYellow; margin: 4px; border: 1px solid khaki\"> (unknown#11550)</span></p><p><b>subject</b>: <a href=\"#Patient_GenV2-TC-Patient\">See above (Patient/GenV2-TC-Patient: GenV2-TC Example Patient)</a></p><p><b>onset</b>: 2014-02-24</p><p><b>abatement</b>: 2014-03-02</p></div>"
        },
        "extension": [
          {
            "url": "http://cbsig.chai.gatech.edu/StructureDefinition/cbs-case-class-status",
            "valueCodeableConcept": {
              "coding": [
                {
                  "system": "http://snomed.info/sct",
                  "code": "410605003",
                  "display": "Confirmed present"
                }
              ]
            }
          },
          {
            "url": "http://cbsig.chai.gatech.edu/StructureDefinition/cbs-illness-duration",
            "valueQuantity": {
              "value": 6,
              "system": "http://unitsofmeasure.org",
              "code": "d"
            }
          }
        ],
        "clinicalStatus": {
          "coding": [
            {
              "system": "http://terminology.hl7.org/CodeSystem/condition-clinical",
              "code": "inactive"
            }
          ]
        },
        "category": [
          {
            "coding": [
              {
                "system": "http://terminology.hl7.org/CodeSystem/condition-category",
                "code": "problem-list-item"
              }
            ]
          }
        ],
        "code": {
          "coding": [
            {
              "system": "urn:oid:2.16.840.1.114222.4.5.277",
              "code": "11550",
              "display": "Hemolytic Uremic Syndrome"
            }
          ]
        },
        "subject": {
          "reference": "Patient/GenV2-TC-Patient",
          "display": "GenV2-TC Example Patient"
        },
        "onsetDateTime": "2014-02-24",
        "abatementDateTime": "2014-03-02"
      }
    },
    {
      "fullUrl": "Encounter/GenV2-TC-Hospitalization",
      "resource": {
        "resourceType": "Encounter",
        "id": "GenV2-TC-Hospitalization",
        "meta": {
          "profile": [
            "http://cbsig.chai.gatech.edu/StructureDefinition/us-cbs-hospitalization"
          ]
        },
        "text": {
          "status": "generated",
          "div": "<div xmlns=\"http://www.w3.org/1999/xhtml\"><p><b>Generated Narrative</b></p><div style=\"display: inline-block; background-color: #d9e0e7; padding: 6px; margin: 4px; border: 1px solid #8da1b4; border-radius: 5px; line-height: 60%\"><p style=\"margin-bottom: 0px\">Resource \"GenV2-TC-Hospitalization\" </p><p style=\"margin-bottom: 0px\">Profile: <a href=\"StructureDefinition-us-cbs-hospitalization.html\">US Case Based Surveillance Hospitalization Encounter Profile</a></p></div><p><b>status</b>: unknown</p><p><b>class</b>: inpatient encounter (Details: http://terminology.hl7.org/CodeSystem/v3-ActCode code IMP = 'inpatient encounter', stated as 'inpatient encounter')</p><p><b>type</b>: Inpatient Hospital <span style=\"background: LightGoldenRodYellow; margin: 4px; border: 1px solid khaki\"> (<a href=\"http://terminology.hl7.org/3.0.0/CodeSystem-CPT.html\">Current Procedural Terminology (CPT&reg;)</a>#42628595)</span></p><p><b>subject</b>: <a href=\"#Patient_GenV2-TC-Patient\">See above (Patient/GenV2-TC-Patient: GenV2-TC Example Patient)</a></p><p><b>period</b>: 2014-02-26 --&gt; 2014-03-02</p><p><b>reasonReference</b>: <a href=\"#Condition_GenV2-TC-Condition\">See above (Condition/GenV2-TC-Condition)</a></p><h3>Locations</h3><table class=\"grid\"><tr><td>-</td><td><b>Location</b></td></tr><tr><td>*</td><td><span>: Masked Location</span></td></tr></table></div>"
        },
        "status": "unknown",
        "class": {
          "system": "http://terminology.hl7.org/CodeSystem/v3-ActCode",
          "code": "IMP",
          "display": "inpatient encounter"
        },
        "type": [
          {
            "coding": [
              {
                "system": "http://www.ama-assn.org/go/cpt",
                "code": "42628595",
                "display": "Inpatient Hospital"
              }
            ]
          }
        ],
        "subject": {
          "reference": "Patient/GenV2-TC-Patient",
          "display": "GenV2-TC Example Patient"
        },
        "period": {
          "start": "2014-02-26",
          "end": "2014-03-02"
        },
        "length": {
          "value": 4,
          "unit": "days",
          "system": "http://unitsofmeasure.org",
          "code": "d"
        },
        "reasonReference": [
          {
            "reference": "Condition/GenV2-TC-Condition"
          }
        ],
        "location": [
          {
            "location": {
              "extension": [
                {
                  "url": "http://hl7.org/fhir/StructureDefinition/data-absent-reason",
                  "valueCode": "masked"
                }
              ],
              "display": "Masked Location"
            }
          }
        ]
      }
    },
    {
      "fullUrl": "Observation/GenV2-TC-CauseOfDeath",
      "resource": {
        "resourceType": "Observation",
        "id": "GenV2-TC-CauseOfDeath",
        "meta": {
          "profile": [
            "http://cbsig.chai.gatech.edu/StructureDefinition/cbs-cause-of-death"
          ]
        },
        "text": {
          "status": "generated",
          "div": "<div xmlns=\"http://www.w3.org/1999/xhtml\"><p><b>Generated Narrative</b></p><div style=\"display: inline-block; background-color: #d9e0e7; padding: 6px; margin: 4px; border: 1px solid #8da1b4; border-radius: 5px; line-height: 60%\"><p style=\"margin-bottom: 0px\">Resource \"GenV2-TC-CauseOfDeath\" </p><p style=\"margin-bottom: 0px\">Profile: <a href=\"StructureDefinition-cbs-cause-of-death.html\">Case Based Surveillance Cause of Death Profile</a></p></div><p><b>status</b>: final</p><p><b>code</b>: Cause of death <span style=\"background: LightGoldenRodYellow; margin: 4px; border: 1px solid khaki\"> (<a href=\"https://loinc.org/\">LOINC</a>#79378-6)</span></p><p><b>subject</b>: <a href=\"#Patient_GenV2-TC-Patient\">See above (Patient/GenV2-TC-Patient: GenV2-TC Example Patient)</a></p><p><b>focus</b>: <a href=\"#Condition_GenV2-TC-Condition\">See above (Condition/GenV2-TC-Condition: GenV2-TC Example Condition of Interest)</a></p></div>"
        },
        "status": "final",
        "code": {
          "coding": [
            {
              "system": "http://loinc.org",
              "code": "79378-6"
            }
          ]
        },
        "subject": {
          "reference": "Patient/GenV2-TC-Patient",
          "display": "GenV2-TC Example Patient"
        },
        "focus": [
          {
            "reference": "Condition/GenV2-TC-Condition",
            "display": "GenV2-TC Example Condition of Interest"
          }
        ]
      }
    },
    {
      "fullUrl": "Organization/GenV2-TC-Reporting-Source",
      "resource": {
        "resourceType": "Organization",
        "id": "GenV2-TC-Reporting-Source",
        "meta": {
          "profile": [
            "http://cbsig.chai.gatech.edu/StructureDefinition/us-cbs-reporting-source-organization"
          ]
        },
        "text": {
          "status": "generated",
          "div": "<div xmlns=\"http://www.w3.org/1999/xhtml\"><p><b>Generated Narrative</b></p><div style=\"display: inline-block; background-color: #d9e0e7; padding: 6px; margin: 4px; border: 1px solid #8da1b4; border-radius: 5px; line-height: 60%\"><p style=\"margin-bottom: 0px\">Resource \"GenV2-TC-Reporting-Source\" </p><p style=\"margin-bottom: 0px\">Profile: <a href=\"StructureDefinition-us-cbs-reporting-source-organization.html\">US Case Based Surveillance Reporting Source Organization Profile</a></p></div><p><b>active</b>: true</p><p><b>type</b>: Hospital <span style=\"background: LightGoldenRodYellow; margin: 4px; border: 1px solid khaki\"> (<a href=\"http://terminology.hl7.org/3.0.0/CodeSystem-v2-0406.html\">organizationUnitType</a>#1)</span></p><p><b>name</b>: Reporting Source</p><p><b>telecom</b>: -unknown-</p><p><b>address</b>: 77018 </p><h3>Contacts</h3><table class=\"grid\"><tr><td>-</td><td><b>Name</b></td><td><b>Telecom</b></td></tr><tr><td>*</td><td>Smith, John</td><td>ph: 444-321-1234, <a href=\"mailto:jsmith@txdoh.org\">jsmith@txdoh.org</a></td></tr></table></div>"
        },
        "active": true,
        "type": [
          {
            "coding": [
              {
                "system": "http://terminology.hl7.org/CodeSystem/v2-0406",
                "code": "1",
                "display": "Hospital"
              }
            ]
          }
        ],
        "name": "Reporting Source",
        "telecom": [
          {
            "extension": [
              {
                "url": "http://hl7.org/fhir/StructureDefinition/data-absent-reason",
                "valueCode": "unknown"
              }
            ]
          }
        ],
        "address": [
          {
            "postalCode": "77018"
          }
        ],
        "contact": [
          {
            "name": {
              "text": "Smith, John",
              "family": "Smith",
              "given": [
                "John"
              ]
            },
            "telecom": [
              {
                "system": "phone",
                "value": "444-321-1234"
              },
              {
                "system": "email",
                "value": "jsmith@txdoh.org"
              }
            ]
          }
        ]
      }
    },
    {
      "fullUrl": "Observation/GenV2-TC-CNP",
      "resource": {
        "resourceType": "Observation",
        "id": "GenV2-TC-CNP",
        "meta": {
          "profile": [
            "http://cbsig.chai.gatech.edu/StructureDefinition/cbs-case-notification-panel"
          ]
        },
        "text": {
          "status": "generated",
          "div": "<div xmlns=\"http://www.w3.org/1999/xhtml\"><p><b>Generated Narrative</b></p><div style=\"display: inline-block; background-color: #d9e0e7; padding: 6px; margin: 4px; border: 1px solid #8da1b4; border-radius: 5px; line-height: 60%\"><p style=\"margin-bottom: 0px\">Resource \"GenV2-TC-CNP\" </p><p style=\"margin-bottom: 0px\">Profile: <a href=\"StructureDefinition-cbs-case-notification-panel.html\">Case Based Surveillance Case Notification Panel Profile</a></p></div><p><b>status</b>: final</p><p><b>category</b>: Case notification panel [CDC.PHIN] <span style=\"background: LightGoldenRodYellow; margin: 4px; border: 1px solid khaki\"> (<a href=\"https://loinc.org/\">LOINC</a>#78000-7)</span></p><p><b>code</b>: Case notification panel [CDC.PHIN] <span style=\"background: LightGoldenRodYellow; margin: 4px; border: 1px solid khaki\"> (<a href=\"https://loinc.org/\">LOINC</a>#78000-7)</span></p><p><b>subject</b>: <a href=\"#Patient_GenV2-TC-Patient\">See above (Patient/GenV2-TC-Patient: GenV2-TC Example Patient)</a></p><p><b>hasMember</b>: </p><ul><li><a href=\"#Observation_GenV2-TC-MMWR\">See above (Observation/GenV2-TC-MMWR)</a></li><li><a href=\"#Observation_GenV2-TC-Exposure\">See above (Observation/GenV2-TC-Exposure)</a></li><li><a href=\"#Observation_GenV2-TC-CNP-Member1\">See above (Observation/GenV2-TC-CNP-Member1)</a></li><li><a href=\"#Observation_GenV2-TC-CNP-Member2\">See above (Observation/GenV2-TC-CNP-Member2)</a></li><li><a href=\"#Observation_GenV2-TC-CNP-Member3\">See above (Observation/GenV2-TC-CNP-Member3)</a></li><li><a href=\"#Observation_GenV2-TC-CNP-Member4\">See above (Observation/GenV2-TC-CNP-Member4)</a></li><li><a href=\"#Observation_GenV2-TC-CNP-Member5\">See above (Observation/GenV2-TC-CNP-Member5)</a></li><li><a href=\"#Observation_GenV2-TC-CNP-Member6\">See above (Observation/GenV2-TC-CNP-Member6)</a></li><li><a href=\"#Observation_GenV2-TC-CNP-Member7\">See above (Observation/GenV2-TC-CNP-Member7)</a></li><li><a href=\"#Observation_GenV2-TC-CNP-Member8\">See above (Observation/GenV2-TC-CNP-Member8)</a></li><li><a href=\"#Observation_GenV2-TC-CNP-Member9\">See above (Observation/GenV2-TC-CNP-Member9)</a></li><li><a href=\"#Observation_GenV2-TC-CNP-Member10\">See above (Observation/GenV2-TC-CNP-Member10)</a></li><li><a href=\"#Observation_GenV2-TC-CNP-Member11\">See above (Observation/GenV2-TC-CNP-Member11)</a></li><li><a href=\"#Observation_GenV2-TC-CNP-Member12\">See above (Observation/GenV2-TC-CNP-Member12)</a></li><li><a href=\"#Observation_GenV2-TC-CNP-Member13\">See above (Observation/GenV2-TC-CNP-Member13)</a></li><li><a href=\"#Observation_GenV2-TC-CNP-Member14\">See above (Observation/GenV2-TC-CNP-Member14)</a></li><li><a href=\"#Observation_GenV2-TC-CNP-Member15\">See above (Observation/GenV2-TC-CNP-Member15)</a></li></ul></div>"
        },
        "status": "final",
        "category": [
          {
            "coding": [
              {
                "system": "http://loinc.org",
                "code": "78000-7",
                "display": "Case notification panel [CDC.PHIN]"
              }
            ]
          }
        ],
        "code": {
          "coding": [
            {
              "system": "http://loinc.org",
              "code": "78000-7",
              "display": "Case notification panel [CDC.PHIN]"
            }
          ]
        },
        "subject": {
          "reference": "Patient/GenV2-TC-Patient",
          "display": "GenV2-TC Example Patient"
        },
        "hasMember": [
          {
            "reference": "Observation/GenV2-TC-MMWR"
          },
          {
            "reference": "Observation/GenV2-TC-Exposure"
          },
          {
            "reference": "Observation/GenV2-TC-CNP-Member1"
          },
          {
            "reference": "Observation/GenV2-TC-CNP-Member2"
          },
          {
            "reference": "Observation/GenV2-TC-CNP-Member3"
          },
          {
            "reference": "Observation/GenV2-TC-CNP-Member4"
          },
          {
            "reference": "Observation/GenV2-TC-CNP-Member5"
          },
          {
            "reference": "Observation/GenV2-TC-CNP-Member6"
          },
          {
            "reference": "Observation/GenV2-TC-CNP-Member7"
          },
          {
            "reference": "Observation/GenV2-TC-CNP-Member8"
          },
          {
            "reference": "Observation/GenV2-TC-CNP-Member9"
          },
          {
            "reference": "Observation/GenV2-TC-CNP-Member10"
          },
          {
            "reference": "Observation/GenV2-TC-CNP-Member11"
          },
          {
            "reference": "Observation/GenV2-TC-CNP-Member12"
          },
          {
            "reference": "Observation/GenV2-TC-CNP-Member13"
          },
          {
            "reference": "Observation/GenV2-TC-CNP-Member14"
          },
          {
            "reference": "Observation/GenV2-TC-CNP-Member15"
          }
        ]
      }
    },
    {
      "fullUrl": "Observation/GenV2-TC-MMWR",
      "resource": {
        "resourceType": "Observation",
        "id": "GenV2-TC-MMWR",
        "meta": {
          "profile": [
            "http://cbsig.chai.gatech.edu/StructureDefinition/cbs-mmwr"
          ]
        },
        "text": {
          "status": "generated",
          "div": "<div xmlns=\"http://www.w3.org/1999/xhtml\"><p><b>Generated Narrative</b></p><div style=\"display: inline-block; background-color: #d9e0e7; padding: 6px; margin: 4px; border: 1px solid #8da1b4; border-radius: 5px; line-height: 60%\"><p style=\"margin-bottom: 0px\">Resource \"GenV2-TC-MMWR\" </p><p style=\"margin-bottom: 0px\">Profile: <a href=\"StructureDefinition-cbs-mmwr.html\">Case Based Surveillance Morbidity and Mortality Weekly Report (MMWR) Elements</a></p></div><p><b>status</b>: final</p><p><b>category</b>: Case notification panel [CDC.PHIN] <span style=\"background: LightGoldenRodYellow; margin: 4px; border: 1px solid khaki\"> (<a href=\"https://loinc.org/\">LOINC</a>#78000-7)</span></p><p><b>code</b>: MMWR Week/Year <span style=\"background: LightGoldenRodYellow; margin: 4px; border: 1px solid khaki\"> (<a href=\"CodeSystem-cbs-temp-code-system.html\">Case Based Surveillance temporary/placeholder code system.</a>#MMWR)</span></p><p><b>subject</b>: <a href=\"#Patient_GenV2-TC-Patient\">See above (Patient/GenV2-TC-Patient: GenV2-TC Example Patient)</a></p><blockquote><p><b>component</b></p><p><b>code</b>: MMWR Week [CDC.PHIN] <span style=\"background: LightGoldenRodYellow; margin: 4px; border: 1px solid khaki\"> (<a href=\"https://loinc.org/\">LOINC</a>#77991-8)</span></p><p><b>value</b>: 9</p></blockquote><blockquote><p><b>component</b></p><p><b>code</b>: MMWR Year [CDC.PHIN] <span style=\"background: LightGoldenRodYellow; margin: 4px; border: 1px solid khaki\"> (<a href=\"https://loinc.org/\">LOINC</a>#77992-6)</span></p><p><b>value</b>: 2014</p></blockquote></div>"
        },
        "status": "final",
        "category": [
          {
            "coding": [
              {
                "system": "http://loinc.org",
                "code": "78000-7",
                "display": "Case notification panel [CDC.PHIN]"
              }
            ]
          }
        ],
        "code": {
          "coding": [
            {
              "system": "http://cbsig.chai.gatech.edu/CodeSystem/cbs-temp-code-system",
              "code": "MMWR"
            }
          ]
        },
        "subject": {
          "reference": "Patient/GenV2-TC-Patient",
          "display": "GenV2-TC Example Patient"
        },
        "component": [
          {
            "code": {
              "coding": [
                {
                  "system": "http://loinc.org",
                  "code": "77991-8"
                }
              ]
            },
            "valueInteger": 9
          },
          {
            "code": {
              "coding": [
                {
                  "system": "http://loinc.org",
                  "code": "77992-6"
                }
              ]
            },
            "valueInteger": 2014
          }
        ]
      }
    },
    {
      "fullUrl": "Observation/GenV2-TC-Exposure",
      "resource": {
        "resourceType": "Observation",
        "id": "GenV2-TC-Exposure",
        "meta": {
          "profile": [
            "http://cbsig.chai.gatech.edu/StructureDefinition/cbs-exposure-observation"
          ]
        },
        "text": {
          "status": "generated",
          "div": "<div xmlns=\"http://www.w3.org/1999/xhtml\"><p><b>Generated Narrative</b></p><div style=\"display: inline-block; background-color: #d9e0e7; padding: 6px; margin: 4px; border: 1px solid #8da1b4; border-radius: 5px; line-height: 60%\"><p style=\"margin-bottom: 0px\">Resource \"GenV2-TC-Exposure\" </p><p style=\"margin-bottom: 0px\">Profile: <a href=\"StructureDefinition-cbs-exposure-observation.html\">Case Based Surveillance Exposure Observation Profile</a></p></div><p><b>status</b>: final</p><p><b>category</b>: Case notification panel [CDC.PHIN] <span style=\"background: LightGoldenRodYellow; margin: 4px; border: 1px solid khaki\"> (<a href=\"https://loinc.org/\">LOINC</a>#78000-7)</span></p><p><b>code</b>: Location of Exposure <span style=\"background: LightGoldenRodYellow; margin: 4px; border: 1px solid khaki\"> (<a href=\"CodeSystem-cbs-temp-code-system.html\">Case Based Surveillance temporary/placeholder code system.</a>#Location-of-Exposure)</span></p><p><b>subject</b>: <a href=\"#Patient_GenV2-TC-Patient\">See above (Patient/GenV2-TC-Patient: GenV2-TC Example Patient)</a></p><p><b>focus</b>: <a href=\"#Condition_GenV2-TC-Condition\">See above (Condition/GenV2-TC-Condition: GenV2-TC Example Condition of Interest)</a></p><blockquote><p><b>component</b></p><p><b>code</b>: Country of exposure to illness [Location] <span style=\"background: LightGoldenRodYellow; margin: 4px; border: 1px solid khaki\"> (<a href=\"https://loinc.org/\">LOINC</a>#77984-3)</span></p><p><b>value</b>: United States of America <span style=\"background: LightGoldenRodYellow; margin: 4px; border: 1px solid khaki\"> (unknown#USA)</span></p></blockquote><blockquote><p><b>component</b></p><p><b>code</b>: State or province of exposure to illness <span style=\"background: LightGoldenRodYellow; margin: 4px; border: 1px solid khaki\"> (<a href=\"https://loinc.org/\">LOINC</a>#77985-0)</span></p><p><b>value</b>: Texas <span style=\"background: LightGoldenRodYellow; margin: 4px; border: 1px solid khaki\"> (unknown#48)</span></p></blockquote><blockquote><p><b>component</b></p><p><b>code</b>: City of exposure to illness <span style=\"background: LightGoldenRodYellow; margin: 4px; border: 1px solid khaki\"> (<a href=\"https://loinc.org/\">LOINC</a>#77986-8)</span></p><p><b>value</b>: Houston</p></blockquote><blockquote><p><b>component</b></p><p><b>code</b>: County of exposure to illness [Location] <span style=\"background: LightGoldenRodYellow; margin: 4px; border: 1px solid khaki\"> (<a href=\"https://loinc.org/\">LOINC</a>#77987-6)</span></p><p><b>value</b>: Harris</p></blockquote></div>"
        },
        "status": "final",
        "category": [
          {
            "coding": [
              {
                "system": "http://loinc.org",
                "code": "78000-7",
                "display": "Case notification panel [CDC.PHIN]"
              }
            ]
          }
        ],
        "code": {
          "coding": [
            {
              "system": "http://cbsig.chai.gatech.edu/CodeSystem/cbs-temp-code-system",
              "code": "Location-of-Exposure"
            }
          ]
        },
        "subject": {
          "reference": "Patient/GenV2-TC-Patient",
          "display": "GenV2-TC Example Patient"
        },
        "focus": [
          {
            "reference": "Condition/GenV2-TC-Condition",
            "display": "GenV2-TC Example Condition of Interest"
          }
        ],
        "component": [
          {
            "code": {
              "coding": [
                {
                  "system": "http://loinc.org",
                  "code": "77984-3"
                }
              ]
            },
            "valueCodeableConcept": {
              "coding": [
                {
                  "system": "urn:iso:std:iso:3166",
                  "code": "USA",
                  "display": "United States of America"
                }
              ]
            }
          },
          {
            "code": {
              "coding": [
                {
                  "system": "http://loinc.org",
                  "code": "77985-0"
                }
              ]
            },
            "valueCodeableConcept": {
              "coding": [
                {
                  "system": "urn:oid:2.16.840.1.113883.6.92",
                  "code": "48",
                  "display": "Texas"
                }
              ]
            }
          },
          {
            "code": {
              "coding": [
                {
                  "system": "http://loinc.org",
                  "code": "77986-8"
                }
              ]
            },
            "valueString": "Houston"
          },
          {
            "code": {
              "coding": [
                {
                  "system": "http://loinc.org",
                  "code": "77987-6"
                }
              ]
            },
            "valueString": "Harris"
          }
        ]
      }
    },
    {
      "fullUrl": "Observation/GenV2-TC-CNP-Member1",
      "resource": {
        "resourceType": "Observation",
        "id": "GenV2-TC-CNP-Member1",
        "meta": {
          "profile": [
            "http://cbsig.chai.gatech.edu/StructureDefinition/cbs-immediate-nnc"
          ]
        },
        "text": {
          "status": "generated",
          "div": "<div xmlns=\"http://www.w3.org/1999/xhtml\"><p><b>Generated Narrative</b></p><div style=\"display: inline-block; background-color: #d9e0e7; padding: 6px; margin: 4px; border: 1px solid #8da1b4; border-radius: 5px; line-height: 60%\"><p style=\"margin-bottom: 0px\">Resource \"GenV2-TC-CNP-Member1\" </p><p style=\"margin-bottom: 0px\">Profile: <a href=\"StructureDefinition-cbs-immediate-nnc.html\">Case Based Surveillance Immediate National Notifiable Condition</a></p></div><p><b>status</b>: final</p><p><b>category</b>: Case notification panel [CDC.PHIN] <span style=\"background: LightGoldenRodYellow; margin: 4px; border: 1px solid khaki\"> (<a href=\"https://loinc.org/\">LOINC</a>#78000-7)</span></p><p><b>code</b>: Immediate National Notifiable Condition <span style=\"background: LightGoldenRodYellow; margin: 4px; border: 1px solid khaki\"> (<a href=\"https://loinc.org/\">LOINC</a>#77965-2)</span></p><p><b>subject</b>: <a href=\"#Patient_GenV2-TC-Patient\">See above (Patient/GenV2-TC-Patient: GenV2-TC Example Patient)</a></p><p><b>value</b>: No <span style=\"background: LightGoldenRodYellow; margin: 4px; border: 1px solid khaki\"> (<a href=\"http://terminology.hl7.org/3.0.0/CodeSystem-v2-0005.html\">PH_RaceAndEthnicity_CDC</a>#N)</span></p></div>"
        },
        "status": "final",
        "category": [
          {
            "coding": [
              {
                "system": "http://loinc.org",
                "code": "78000-7",
                "display": "Case notification panel [CDC.PHIN]"
              }
            ]
          }
        ],
        "code": {
          "coding": [
            {
              "system": "http://loinc.org",
              "code": "77965-2",
              "display": "Immediate National Notifiable Condition"
            }
          ]
        },
        "subject": {
          "reference": "Patient/GenV2-TC-Patient",
          "display": "GenV2-TC Example Patient"
        },
        "valueCodeableConcept": {
          "coding": [
            {
              "system": "http://terminology.hl7.org/CodeSystem/v2-0005",
              "code": "N",
              "display": "No"
            }
          ]
        }
      }
    },
    {
      "fullUrl": "Observation/GenV2-TC-CNP-Member2",
      "resource": {
        "resourceType": "Observation",
        "id": "GenV2-TC-CNP-Member2",
        "meta": {
          "profile": [
            "http://cbsig.chai.gatech.edu/StructureDefinition/cbs-reporting-state"
          ]
        },
        "text": {
          "status": "generated",
          "div": "<div xmlns=\"http://www.w3.org/1999/xhtml\"><p><b>Generated Narrative</b></p><div style=\"display: inline-block; background-color: #d9e0e7; padding: 6px; margin: 4px; border: 1px solid #8da1b4; border-radius: 5px; line-height: 60%\"><p style=\"margin-bottom: 0px\">Resource \"GenV2-TC-CNP-Member2\" </p><p style=\"margin-bottom: 0px\">Profile: <a href=\"StructureDefinition-cbs-reporting-state.html\">Case Based Surveillance Reporting State</a></p></div><p><b>status</b>: final</p><p><b>category</b>: Case notification panel [CDC.PHIN] <span style=\"background: LightGoldenRodYellow; margin: 4px; border: 1px solid khaki\"> (<a href=\"https://loinc.org/\">LOINC</a>#78000-7)</span></p><p><b>code</b>: Reporting State <span style=\"background: LightGoldenRodYellow; margin: 4px; border: 1px solid khaki\"> (<a href=\"https://loinc.org/\">LOINC</a>#77966-0)</span></p><p><b>subject</b>: <a href=\"#Patient_GenV2-TC-Patient\">See above (Patient/GenV2-TC-Patient: GenV2-TC Example Patient)</a></p><p><b>value</b>: Texas <span style=\"background: LightGoldenRodYellow; margin: 4px; border: 1px solid khaki\"> (unknown#48)</span></p></div>"
        },
        "status": "final",
        "category": [
          {
            "coding": [
              {
                "system": "http://loinc.org",
                "code": "78000-7",
                "display": "Case notification panel [CDC.PHIN]"
              }
            ]
          }
        ],
        "code": {
          "coding": [
            {
              "system": "http://loinc.org",
              "code": "77966-0",
              "display": "Reporting State"
            }
          ]
        },
        "subject": {
          "reference": "Patient/GenV2-TC-Patient",
          "display": "GenV2-TC Example Patient"
        },
        "valueCodeableConcept": {
          "coding": [
            {
              "system": "urn:oid:2.16.840.1.113883.6.92",
              "code": "48",
              "display": "Texas"
            }
          ]
        }
      }
    },
    {
      "fullUrl": "Observation/GenV2-TC-CNP-Member3",
      "resource": {
        "resourceType": "Observation",
        "id": "GenV2-TC-CNP-Member3",
        "meta": {
          "profile": [
            "http://cbsig.chai.gatech.edu/StructureDefinition/cbs-reporting-county"
          ]
        },
        "text": {
          "status": "generated",
          "div": "<div xmlns=\"http://www.w3.org/1999/xhtml\"><p><b>Generated Narrative</b></p><div style=\"display: inline-block; background-color: #d9e0e7; padding: 6px; margin: 4px; border: 1px solid #8da1b4; border-radius: 5px; line-height: 60%\"><p style=\"margin-bottom: 0px\">Resource \"GenV2-TC-CNP-Member3\" </p><p style=\"margin-bottom: 0px\">Profile: <a href=\"StructureDefinition-cbs-reporting-county.html\">Case Based Surveillance Reporting County</a></p></div><p><b>status</b>: final</p><p><b>category</b>: Case notification panel [CDC.PHIN] <span style=\"background: LightGoldenRodYellow; margin: 4px; border: 1px solid khaki\"> (<a href=\"https://loinc.org/\">LOINC</a>#78000-7)</span></p><p><b>code</b>: Reporting County <span style=\"background: LightGoldenRodYellow; margin: 4px; border: 1px solid khaki\"> (<a href=\"https://loinc.org/\">LOINC</a>#77967-8)</span></p><p><b>subject</b>: <a href=\"#Patient_GenV2-TC-Patient\">See above (Patient/GenV2-TC-Patient: GenV2-TC Example Patient)</a></p><p><b>value</b>: Harris <span style=\"background: LightGoldenRodYellow; margin: 4px; border: 1px solid khaki\"> (unknown#48201)</span></p></div>"
        },
        "status": "final",
        "category": [
          {
            "coding": [
              {
                "system": "http://loinc.org",
                "code": "78000-7",
                "display": "Case notification panel [CDC.PHIN]"
              }
            ]
          }
        ],
        "code": {
          "coding": [
            {
              "system": "http://loinc.org",
              "code": "77967-8",
              "display": "Reporting County"
            }
          ]
        },
        "subject": {
          "reference": "Patient/GenV2-TC-Patient",
          "display": "GenV2-TC Example Patient"
        },
        "valueCodeableConcept": {
          "coding": [
            {
              "system": "urn:oid:2.16.840.1.113883.6.93",
              "code": "48201",
              "display": "Harris"
            }
          ]
        }
      }
    },
    {
      "fullUrl": "Observation/GenV2-TC-CNP-Member4",
      "resource": {
        "resourceType": "Observation",
        "id": "GenV2-TC-CNP-Member4",
        "meta": {
          "profile": [
            "http://cbsig.chai.gatech.edu/StructureDefinition/cbs-national-reporting-jurisdiction"
          ]
        },
        "text": {
          "status": "generated",
          "div": "<div xmlns=\"http://www.w3.org/1999/xhtml\"><p><b>Generated Narrative</b></p><div style=\"display: inline-block; background-color: #d9e0e7; padding: 6px; margin: 4px; border: 1px solid #8da1b4; border-radius: 5px; line-height: 60%\"><p style=\"margin-bottom: 0px\">Resource \"GenV2-TC-CNP-Member4\" </p><p style=\"margin-bottom: 0px\">Profile: <a href=\"StructureDefinition-cbs-national-reporting-jurisdiction.html\">Case Based Surveillance National Reporting Jurisdiction</a></p></div><p><b>status</b>: final</p><p><b>category</b>: Case notification panel [CDC.PHIN] <span style=\"background: LightGoldenRodYellow; margin: 4px; border: 1px solid khaki\"> (<a href=\"https://loinc.org/\">LOINC</a>#78000-7)</span></p><p><b>code</b>: National Reporting Jurisdiction <span style=\"background: LightGoldenRodYellow; margin: 4px; border: 1px solid khaki\"> (<a href=\"https://loinc.org/\">LOINC</a>#77968-6)</span></p><p><b>subject</b>: <a href=\"#Patient_GenV2-TC-Patient\">See above (Patient/GenV2-TC-Patient: GenV2-TC Example Patient)</a></p><p><b>value</b>: Texas <span style=\"background: LightGoldenRodYellow; margin: 4px; border: 1px solid khaki\"> (unknown#48)</span></p></div>"
        },
        "status": "final",
        "category": [
          {
            "coding": [
              {
                "system": "http://loinc.org",
                "code": "78000-7",
                "display": "Case notification panel [CDC.PHIN]"
              }
            ]
          }
        ],
        "code": {
          "coding": [
            {
              "system": "http://loinc.org",
              "code": "77968-6",
              "display": "National Reporting Jurisdiction"
            }
          ]
        },
        "subject": {
          "reference": "Patient/GenV2-TC-Patient",
          "display": "GenV2-TC Example Patient"
        },
        "valueCodeableConcept": {
          "coding": [
            {
              "system": "urn:oid:2.16.840.1.113883.6.92",
              "code": "48",
              "display": "Texas"
            }
          ]
        }
      }
    },
    {
      "fullUrl": "Observation/GenV2-TC-CNP-Member5",
      "resource": {
        "resourceType": "Observation",
        "id": "GenV2-TC-CNP-Member5",
        "meta": {
          "profile": [
            "http://cbsig.chai.gatech.edu/StructureDefinition/cbs-jurisdiction-code"
          ]
        },
        "text": {
          "status": "generated",
          "div": "<div xmlns=\"http://www.w3.org/1999/xhtml\"><p><b>Generated Narrative</b></p><div style=\"display: inline-block; background-color: #d9e0e7; padding: 6px; margin: 4px; border: 1px solid #8da1b4; border-radius: 5px; line-height: 60%\"><p style=\"margin-bottom: 0px\">Resource \"GenV2-TC-CNP-Member5\" </p><p style=\"margin-bottom: 0px\">Profile: <a href=\"StructureDefinition-cbs-jurisdiction-code.html\">Case Based Surveillance Jurisdiction Code</a></p></div><p><b>status</b>: final</p><p><b>category</b>: Case notification panel [CDC.PHIN] <span style=\"background: LightGoldenRodYellow; margin: 4px; border: 1px solid khaki\"> (<a href=\"https://loinc.org/\">LOINC</a>#78000-7)</span></p><p><b>code</b>: Jurisdiction Code <span style=\"background: LightGoldenRodYellow; margin: 4px; border: 1px solid khaki\"> (<a href=\"https://loinc.org/\">LOINC</a>#77969-4)</span></p><p><b>subject</b>: <a href=\"#Patient_GenV2-TC-Patient\">See above (Patient/GenV2-TC-Patient: GenV2-TC Example Patient)</a></p><p><b>value</b>: S01</p></div>"
        },
        "status": "final",
        "category": [
          {
            "coding": [
              {
                "system": "http://loinc.org",
                "code": "78000-7",
                "display": "Case notification panel [CDC.PHIN]"
              }
            ]
          }
        ],
        "code": {
          "coding": [
            {
              "system": "http://loinc.org",
              "code": "77969-4",
              "display": "Jurisdiction Code"
            }
          ]
        },
        "subject": {
          "reference": "Patient/GenV2-TC-Patient",
          "display": "GenV2-TC Example Patient"
        },
        "valueString": "S01"
      }
    },
    {
      "fullUrl": "Observation/GenV2-TC-CNP-Member6",
      "resource": {
        "resourceType": "Observation",
        "id": "GenV2-TC-CNP-Member6",
        "meta": {
          "profile": [
            "http://cbsig.chai.gatech.edu/StructureDefinition/cbs-date-initial-report"
          ]
        },
        "text": {
          "status": "generated",
          "div": "<div xmlns=\"http://www.w3.org/1999/xhtml\"><p><b>Generated Narrative</b></p><div style=\"display: inline-block; background-color: #d9e0e7; padding: 6px; margin: 4px; border: 1px solid #8da1b4; border-radius: 5px; line-height: 60%\"><p style=\"margin-bottom: 0px\">Resource \"GenV2-TC-CNP-Member6\" </p><p style=\"margin-bottom: 0px\">Profile: <a href=\"StructureDefinition-cbs-date-initial-report.html\">Case Based Surveillance Date of Initial Report</a></p></div><p><b>status</b>: final</p><p><b>category</b>: Case notification panel [CDC.PHIN] <span style=\"background: LightGoldenRodYellow; margin: 4px; border: 1px solid khaki\"> (<a href=\"https://loinc.org/\">LOINC</a>#78000-7)</span></p><p><b>code</b>: Date of Initial Report <span style=\"background: LightGoldenRodYellow; margin: 4px; border: 1px solid khaki\"> (<a href=\"https://loinc.org/\">LOINC</a>#77970-2)</span></p><p><b>subject</b>: <a href=\"#Patient_GenV2-TC-Patient\">See above (Patient/GenV2-TC-Patient: GenV2-TC Example Patient)</a></p><p><b>value</b>: 2014-02-25</p></div>"
        },
        "status": "final",
        "category": [
          {
            "coding": [
              {
                "system": "http://loinc.org",
                "code": "78000-7",
                "display": "Case notification panel [CDC.PHIN]"
              }
            ]
          }
        ],
        "code": {
          "coding": [
            {
              "system": "http://loinc.org",
              "code": "77970-2",
              "display": "Date of Initial Report"
            }
          ]
        },
        "subject": {
          "reference": "Patient/GenV2-TC-Patient",
          "display": "GenV2-TC Example Patient"
        },
        "valueDateTime": "2014-02-25"
      }
    },
    {
      "fullUrl": "Observation/GenV2-TC-CNP-Member7",
      "resource": {
        "resourceType": "Observation",
        "id": "GenV2-TC-CNP-Member7",
        "meta": {
          "profile": [
            "http://cbsig.chai.gatech.edu/StructureDefinition/cbs-earliest-date-reported-to-county"
          ]
        },
        "text": {
          "status": "generated",
          "div": "<div xmlns=\"http://www.w3.org/1999/xhtml\"><p><b>Generated Narrative</b></p><div style=\"display: inline-block; background-color: #d9e0e7; padding: 6px; margin: 4px; border: 1px solid #8da1b4; border-radius: 5px; line-height: 60%\"><p style=\"margin-bottom: 0px\">Resource \"GenV2-TC-CNP-Member7\" </p><p style=\"margin-bottom: 0px\">Profile: <a href=\"StructureDefinition-cbs-earliest-date-reported-to-county.html\">Case Based Surveillance Earliest Date Reported</a></p></div><p><b>status</b>: final</p><p><b>category</b>: Case notification panel [CDC.PHIN] <span style=\"background: LightGoldenRodYellow; margin: 4px; border: 1px solid khaki\"> (<a href=\"https://loinc.org/\">LOINC</a>#78000-7)</span></p><p><b>code</b>: Earliest Date Reported to County <span style=\"background: LightGoldenRodYellow; margin: 4px; border: 1px solid khaki\"> (<a href=\"https://loinc.org/\">LOINC</a>#77972-8)</span></p><p><b>subject</b>: <a href=\"#Patient_GenV2-TC-Patient\">See above (Patient/GenV2-TC-Patient: GenV2-TC Example Patient)</a></p><p><b>value</b>: 2014-02-25</p></div>"
        },
        "status": "final",
        "category": [
          {
            "coding": [
              {
                "system": "http://loinc.org",
                "code": "78000-7",
                "display": "Case notification panel [CDC.PHIN]"
              }
            ]
          }
        ],
        "code": {
          "coding": [
            {
              "system": "http://loinc.org",
              "code": "77972-8",
              "display": "Earliest Date Reported to County"
            }
          ]
        },
        "subject": {
          "reference": "Patient/GenV2-TC-Patient",
          "display": "GenV2-TC Example Patient"
        },
        "valueDateTime": "2014-02-25"
      }
    },
    {
      "fullUrl": "Observation/GenV2-TC-CNP-Member8",
      "resource": {
        "resourceType": "Observation",
        "id": "GenV2-TC-CNP-Member8",
        "meta": {
          "profile": [
            "http://cbsig.chai.gatech.edu/StructureDefinition/cbs-earliest-date-reported-to-state"
          ]
        },
        "text": {
          "status": "generated",
          "div": "<div xmlns=\"http://www.w3.org/1999/xhtml\"><p><b>Generated Narrative</b></p><div style=\"display: inline-block; background-color: #d9e0e7; padding: 6px; margin: 4px; border: 1px solid #8da1b4; border-radius: 5px; line-height: 60%\"><p style=\"margin-bottom: 0px\">Resource \"GenV2-TC-CNP-Member8\" </p><p style=\"margin-bottom: 0px\">Profile: <a href=\"StructureDefinition-cbs-earliest-date-reported-to-state.html\">Case Based Surveillance Earliest Date Reported to State</a></p></div><p><b>status</b>: final</p><p><b>category</b>: Case notification panel [CDC.PHIN] <span style=\"background: LightGoldenRodYellow; margin: 4px; border: 1px solid khaki\"> (<a href=\"https://loinc.org/\">LOINC</a>#78000-7)</span></p><p><b>code</b>: Earliest Date Reported to State <span style=\"background: LightGoldenRodYellow; margin: 4px; border: 1px solid khaki\"> (<a href=\"https://loinc.org/\">LOINC</a>#77973-6)</span></p><p><b>subject</b>: <a href=\"#Patient_GenV2-TC-Patient\">See above (Patient/GenV2-TC-Patient: GenV2-TC Example Patient)</a></p><p><b>value</b>: 2014-02-25</p></div>"
        },
        "status": "final",
        "category": [
          {
            "coding": [
              {
                "system": "http://loinc.org",
                "code": "78000-7",
                "display": "Case notification panel [CDC.PHIN]"
              }
            ]
          }
        ],
        "code": {
          "coding": [
            {
              "system": "http://loinc.org",
              "code": "77973-6",
              "display": "Earliest Date Reported to State"
            }
          ]
        },
        "subject": {
          "reference": "Patient/GenV2-TC-Patient",
          "display": "GenV2-TC Example Patient"
        },
        "valueDateTime": "2014-02-25"
      }
    },
    {
      "fullUrl": "Observation/GenV2-TC-CNP-Member9",
      "resource": {
        "resourceType": "Observation",
        "id": "GenV2-TC-CNP-Member9",
        "meta": {
          "profile": [
            "http://cbsig.chai.gatech.edu/StructureDefinition/cbs-investigation-start-date"
          ]
        },
        "text": {
          "status": "generated",
          "div": "<div xmlns=\"http://www.w3.org/1999/xhtml\"><p><b>Generated Narrative</b></p><div style=\"display: inline-block; background-color: #d9e0e7; padding: 6px; margin: 4px; border: 1px solid #8da1b4; border-radius: 5px; line-height: 60%\"><p style=\"margin-bottom: 0px\">Resource \"GenV2-TC-CNP-Member9\" </p><p style=\"margin-bottom: 0px\">Profile: <a href=\"StructureDefinition-cbs-investigation-start-date.html\">Case Based Surveillance Case Investigation Start Date</a></p></div><p><b>status</b>: final</p><p><b>category</b>: Case notification panel [CDC.PHIN] <span style=\"background: LightGoldenRodYellow; margin: 4px; border: 1px solid khaki\"> (<a href=\"https://loinc.org/\">LOINC</a>#78000-7)</span></p><p><b>code</b>: Case Investigation Start Date <span style=\"background: LightGoldenRodYellow; margin: 4px; border: 1px solid khaki\"> (<a href=\"https://loinc.org/\">LOINC</a>#77979-3)</span></p><p><b>subject</b>: <a href=\"#Patient_GenV2-TC-Patient\">See above (Patient/GenV2-TC-Patient: GenV2-TC Example Patient)</a></p><p><b>value</b>: 2014-02-25</p></div>"
        },
        "status": "final",
        "category": [
          {
            "coding": [
              {
                "system": "http://loinc.org",
                "code": "78000-7",
                "display": "Case notification panel [CDC.PHIN]"
              }
            ]
          }
        ],
        "code": {
          "coding": [
            {
              "system": "http://loinc.org",
              "code": "77979-3",
              "display": "Case Investigation Start Date"
            }
          ]
        },
        "subject": {
          "reference": "Patient/GenV2-TC-Patient",
          "display": "GenV2-TC Example Patient"
        },
        "valueDateTime": "2014-02-25"
      }
    },
    {
      "fullUrl": "Observation/GenV2-TC-CNP-Member10",
      "resource": {
        "resourceType": "Observation",
        "id": "GenV2-TC-CNP-Member10",
        "meta": {
          "profile": [
            "http://cbsig.chai.gatech.edu/StructureDefinition/cbs-case-outbreak"
          ]
        },
        "text": {
          "status": "generated",
          "div": "<div xmlns=\"http://www.w3.org/1999/xhtml\"><p><b>Generated Narrative</b></p><div style=\"display: inline-block; background-color: #d9e0e7; padding: 6px; margin: 4px; border: 1px solid #8da1b4; border-radius: 5px; line-height: 60%\"><p style=\"margin-bottom: 0px\">Resource \"GenV2-TC-CNP-Member10\" </p><p style=\"margin-bottom: 0px\">Profile: <a href=\"StructureDefinition-cbs-case-outbreak.html\">Case Based Surveillance Case Outbreak</a></p></div><p><b>status</b>: final</p><p><b>category</b>: Case notification panel [CDC.PHIN] <span style=\"background: LightGoldenRodYellow; margin: 4px; border: 1px solid khaki\"> (<a href=\"https://loinc.org/\">LOINC</a>#78000-7)</span></p><p><b>code</b>: Case Outbreak Name and Indicator <span style=\"background: LightGoldenRodYellow; margin: 4px; border: 1px solid khaki\"> (<a href=\"CodeSystem-cbs-temp-code-system.html\">Case Based Surveillance temporary/placeholder code system.</a>#case-outbreak)</span></p><p><b>subject</b>: <a href=\"#Patient_GenV2-TC-Patient\">See above (Patient/GenV2-TC-Patient: GenV2-TC Example Patient)</a></p><blockquote><p><b>component</b></p><p><b>code</b>: Case is associated with a known outbreak <span style=\"background: LightGoldenRodYellow; margin: 4px; border: 1px solid khaki\"> (<a href=\"https://loinc.org/\">LOINC</a>#77980-1)</span></p><p><b>value</b>: Yes <span style=\"background: LightGoldenRodYellow; margin: 4px; border: 1px solid khaki\"> (<a href=\"http://terminology.hl7.org/3.0.0/CodeSystem-v2-0005.html\">PH_RaceAndEthnicity_CDC</a>#Y)</span></p></blockquote><blockquote><p><b>component</b></p><p><b>code</b>: Case Outbreak Name <span style=\"background: LightGoldenRodYellow; margin: 4px; border: 1px solid khaki\"> (<a href=\"https://loinc.org/\">LOINC</a>#77981-9)</span></p><p><b>value</b>: HANSENOUTB1</p></blockquote></div>"
        },
        "status": "final",
        "category": [
          {
            "coding": [
              {
                "system": "http://loinc.org",
                "code": "78000-7",
                "display": "Case notification panel [CDC.PHIN]"
              }
            ]
          }
        ],
        "code": {
          "coding": [
            {
              "system": "http://cbsig.chai.gatech.edu/CodeSystem/cbs-temp-code-system",
              "code": "case-outbreak",
              "display": "Case Outbreak Name and Indicator"
            }
          ]
        },
        "subject": {
          "reference": "Patient/GenV2-TC-Patient",
          "display": "GenV2-TC Example Patient"
        },
        "component": [
          {
            "code": {
              "coding": [
                {
                  "system": "http://loinc.org",
                  "code": "77980-1",
                  "display": "Case is associated with a known outbreak"
                }
              ]
            },
            "valueCodeableConcept": {
              "coding": [
                {
                  "system": "http://terminology.hl7.org/CodeSystem/v2-0005",
                  "code": "Y",
                  "display": "Yes"
                }
              ]
            }
          },
          {
            "code": {
              "coding": [
                {
                  "system": "http://loinc.org",
                  "code": "77981-9",
                  "display": "Case Outbreak Name"
                }
              ]
            },
            "valueString": "HANSENOUTB1"
          }
        ]
      }
    },
    {
      "fullUrl": "Observation/GenV2-TC-CNP-Member11",
      "resource": {
        "resourceType": "Observation",
        "id": "GenV2-TC-CNP-Member11",
        "meta": {
          "profile": [
            "http://cbsig.chai.gatech.edu/StructureDefinition/cbs-binational-reporting-criteria"
          ]
        },
        "text": {
          "status": "generated",
          "div": "<div xmlns=\"http://www.w3.org/1999/xhtml\"><p><b>Generated Narrative</b></p><div style=\"display: inline-block; background-color: #d9e0e7; padding: 6px; margin: 4px; border: 1px solid #8da1b4; border-radius: 5px; line-height: 60%\"><p style=\"margin-bottom: 0px\">Resource \"GenV2-TC-CNP-Member11\" </p><p style=\"margin-bottom: 0px\">Profile: <a href=\"StructureDefinition-cbs-binational-reporting-criteria.html\">Case Based Surveillance Binational Reporting Criteria</a></p></div><p><b>status</b>: final</p><p><b>category</b>: Case notification panel [CDC.PHIN] <span style=\"background: LightGoldenRodYellow; margin: 4px; border: 1px solid khaki\"> (<a href=\"https://loinc.org/\">LOINC</a>#78000-7)</span></p><p><b>code</b>: Binational reporting criteria [CDC.PHIN] <span style=\"background: LightGoldenRodYellow; margin: 4px; border: 1px solid khaki\"> (<a href=\"https://loinc.org/\">LOINC</a>#77988-4)</span></p><p><b>subject</b>: <a href=\"#Patient_GenV2-TC-Patient\">See above (Patient/GenV2-TC-Patient: GenV2-TC Example Patient)</a></p><p><b>value</b>: Exposure to suspected product from Canada or Mexico <span style=\"background: LightGoldenRodYellow; margin: 4px; border: 1px solid khaki\"> (unknown#PHC1140)</span></p></div>"
        },
        "status": "final",
        "category": [
          {
            "coding": [
              {
                "system": "http://loinc.org",
                "code": "78000-7",
                "display": "Case notification panel [CDC.PHIN]"
              }
            ]
          }
        ],
        "code": {
          "coding": [
            {
              "system": "http://loinc.org",
              "code": "77988-4",
              "display": "Binational reporting criteria [CDC.PHIN]"
            }
          ]
        },
        "subject": {
          "reference": "Patient/GenV2-TC-Patient",
          "display": "GenV2-TC Example Patient"
        },
        "valueCodeableConcept": {
          "coding": [
            {
              "system": "urn:oid:2.16.840.1.114222.4.5.274",
              "code": "PHC1140",
              "display": "Exposure to suspected product from Canada or Mexico"
            }
          ]
        }
      }
    },
    {
      "fullUrl": "Observation/GenV2-TC-CNP-Member12",
      "resource": {
        "resourceType": "Observation",
        "id": "GenV2-TC-CNP-Member12",
        "meta": {
          "profile": [
            "http://cbsig.chai.gatech.edu/StructureDefinition/cbs-transmission-mode"
          ]
        },
        "text": {
          "status": "generated",
          "div": "<div xmlns=\"http://www.w3.org/1999/xhtml\"><p><b>Generated Narrative</b></p><div style=\"display: inline-block; background-color: #d9e0e7; padding: 6px; margin: 4px; border: 1px solid #8da1b4; border-radius: 5px; line-height: 60%\"><p style=\"margin-bottom: 0px\">Resource \"GenV2-TC-CNP-Member12\" </p><p style=\"margin-bottom: 0px\">Profile: <a href=\"StructureDefinition-cbs-transmission-mode.html\">Case Based Surveillance Transmission Mode</a></p></div><p><b>status</b>: final</p><p><b>category</b>: Case notification panel [CDC.PHIN] <span style=\"background: LightGoldenRodYellow; margin: 4px; border: 1px solid khaki\"> (<a href=\"https://loinc.org/\">LOINC</a>#78000-7)</span></p><p><b>code</b>: Disease transmission mode <span style=\"background: LightGoldenRodYellow; margin: 4px; border: 1px solid khaki\"> (<a href=\"https://loinc.org/\">LOINC</a>#77989-2)</span></p><p><b>subject</b>: <a href=\"#Patient_GenV2-TC-Patient\">See above (Patient/GenV2-TC-Patient: GenV2-TC Example Patient)</a></p><p><b>value</b>: Food-borne transmission <span style=\"background: LightGoldenRodYellow; margin: 4px; border: 1px solid khaki\"> (<a href=\"https://browser.ihtsdotools.org/\">SNOMED CT</a>#416086007)</span></p></div>"
        },
        "status": "final",
        "category": [
          {
            "coding": [
              {
                "system": "http://loinc.org",
                "code": "78000-7",
                "display": "Case notification panel [CDC.PHIN]"
              }
            ]
          }
        ],
        "code": {
          "coding": [
            {
              "system": "http://loinc.org",
              "code": "77989-2",
              "display": "Disease transmission mode"
            }
          ]
        },
        "subject": {
          "reference": "Patient/GenV2-TC-Patient",
          "display": "GenV2-TC Example Patient"
        },
        "valueCodeableConcept": {
          "coding": [
            {
              "system": "http://snomed.info/sct",
              "code": "416086007",
              "display": "Food-borne transmission"
            }
          ]
        }
      }
    },
    {
      "fullUrl": "Observation/GenV2-TC-CNP-Member13",
      "resource": {
        "resourceType": "Observation",
        "id": "GenV2-TC-CNP-Member13",
        "meta": {
          "profile": [
            "http://cbsig.chai.gatech.edu/StructureDefinition/cbs-date-reported-to-phd"
          ]
        },
        "text": {
          "status": "generated",
          "div": "<div xmlns=\"http://www.w3.org/1999/xhtml\"><p><b>Generated Narrative</b></p><div style=\"display: inline-block; background-color: #d9e0e7; padding: 6px; margin: 4px; border: 1px solid #8da1b4; border-radius: 5px; line-height: 60%\"><p style=\"margin-bottom: 0px\">Resource \"GenV2-TC-CNP-Member13\" </p><p style=\"margin-bottom: 0px\">Profile: <a href=\"StructureDefinition-cbs-date-reported-to-phd.html\">Case Based Surveillance Date of First Report to Public Health Department</a></p></div><p><b>status</b>: final</p><p><b>category</b>: Case notification panel [CDC.PHIN] <span style=\"background: LightGoldenRodYellow; margin: 4px; border: 1px solid khaki\"> (<a href=\"https://loinc.org/\">LOINC</a>#78000-7)</span></p><p><b>code</b>: Date of first report to public health department <span style=\"background: LightGoldenRodYellow; margin: 4px; border: 1px solid khaki\"> (<a href=\"https://loinc.org/\">LOINC</a>#77995-9)</span></p><p><b>subject</b>: <a href=\"#Patient_GenV2-TC-Patient\">See above (Patient/GenV2-TC-Patient: GenV2-TC Example Patient)</a></p><p><b>value</b>: 2014-02-25</p></div>"
        },
        "status": "final",
        "category": [
          {
            "coding": [
              {
                "system": "http://loinc.org",
                "code": "78000-7",
                "display": "Case notification panel [CDC.PHIN]"
              }
            ]
          }
        ],
        "code": {
          "coding": [
            {
              "system": "http://loinc.org",
              "code": "77995-9",
              "display": "Date of first report to public health department"
            }
          ]
        },
        "subject": {
          "reference": "Patient/GenV2-TC-Patient",
          "display": "GenV2-TC Example Patient"
        },
        "valueDateTime": "2014-02-25"
      }
    },
    {
      "fullUrl": "Observation/GenV2-TC-CNP-Member14",
      "resource": {
        "resourceType": "Observation",
        "id": "GenV2-TC-CNP-Member14",
        "meta": {
          "profile": [
            "http://cbsig.chai.gatech.edu/StructureDefinition/cbs-pregnancy-status"
          ]
        },
        "text": {
          "status": "generated",
          "div": "<div xmlns=\"http://www.w3.org/1999/xhtml\"><p><b>Generated Narrative</b></p><div style=\"display: inline-block; background-color: #d9e0e7; padding: 6px; margin: 4px; border: 1px solid #8da1b4; border-radius: 5px; line-height: 60%\"><p style=\"margin-bottom: 0px\">Resource \"GenV2-TC-CNP-Member14\" </p><p style=\"margin-bottom: 0px\">Profile: <a href=\"StructureDefinition-cbs-pregnancy-status.html\">Case Based Surveillance Pregnancy Status</a></p></div><p><b>status</b>: final</p><p><b>category</b>: Case notification panel [CDC.PHIN] <span style=\"background: LightGoldenRodYellow; margin: 4px; border: 1px solid khaki\"> (<a href=\"https://loinc.org/\">LOINC</a>#78000-7)</span></p><p><b>code</b>: Pregnancy status at time of illness or condition <span style=\"background: LightGoldenRodYellow; margin: 4px; border: 1px solid khaki\"> (<a href=\"https://loinc.org/\">LOINC</a>#77996-7)</span></p><p><b>subject</b>: <a href=\"#Patient_GenV2-TC-Patient\">See above (Patient/GenV2-TC-Patient: GenV2-TC Example Patient)</a></p><p><b>value</b>: No <span style=\"background: LightGoldenRodYellow; margin: 4px; border: 1px solid khaki\"> (<a href=\"http://terminology.hl7.org/3.0.0/CodeSystem-v2-0532.html\">expandedYes-NoIndicator</a>#N)</span></p></div>"
        },
        "status": "final",
        "category": [
          {
            "coding": [
              {
                "system": "http://loinc.org",
                "code": "78000-7",
                "display": "Case notification panel [CDC.PHIN]"
              }
            ]
          }
        ],
        "code": {
          "coding": [
            {
              "system": "http://loinc.org",
              "code": "77996-7",
              "display": "Pregnancy status at time of illness or condition"
            }
          ]
        },
        "subject": {
          "reference": "Patient/GenV2-TC-Patient",
          "display": "GenV2-TC Example Patient"
        },
        "valueCodeableConcept": {
          "coding": [
            {
              "system": "http://terminology.hl7.org/CodeSystem/v2-0532",
              "code": "N",
              "display": "No"
            }
          ]
        }
      }
    },
    {
      "fullUrl": "Observation/GenV2-TC-CNP-Member15",
      "resource": {
        "resourceType": "Observation",
        "id": "GenV2-TC-CNP-Member15",
        "meta": {
          "profile": [
            "http://cbsig.chai.gatech.edu/StructureDefinition/cbs-age-at-investigation"
          ]
        },
        "text": {
          "status": "generated",
          "div": "<div xmlns=\"http://www.w3.org/1999/xhtml\"><p><b>Generated Narrative</b></p><div style=\"display: inline-block; background-color: #d9e0e7; padding: 6px; margin: 4px; border: 1px solid #8da1b4; border-radius: 5px; line-height: 60%\"><p style=\"margin-bottom: 0px\">Resource \"GenV2-TC-CNP-Member15\" </p><p style=\"margin-bottom: 0px\">Profile: <a href=\"StructureDefinition-cbs-age-at-investigation.html\">Case Based Surveillance Age at Case Investigation</a></p></div><p><b>status</b>: final</p><p><b>category</b>: Case notification panel [CDC.PHIN] <span style=\"background: LightGoldenRodYellow; margin: 4px; border: 1px solid khaki\"> (<a href=\"https://loinc.org/\">LOINC</a>#78000-7)</span></p><p><b>code</b>: Age at time of case investigation <span style=\"background: LightGoldenRodYellow; margin: 4px; border: 1px solid khaki\"> (<a href=\"https://loinc.org/\">LOINC</a>#77998-3)</span></p><p><b>subject</b>: <a href=\"#Patient_GenV2-TC-Patient\">See above (Patient/GenV2-TC-Patient: GenV2-TC Example Patient)</a></p><p><b>value</b>: 49 year<span style=\"background: LightGoldenRodYellow\"> (Details: UCUM code a = 'a')</span></p></div>"
        },
        "status": "final",
        "category": [
          {
            "coding": [
              {
                "system": "http://loinc.org",
                "code": "78000-7",
                "display": "Case notification panel [CDC.PHIN]"
              }
            ]
          }
        ],
        "code": {
          "coding": [
            {
              "system": "http://loinc.org",
              "code": "77998-3",
              "display": "Age at time of case investigation"
            }
          ]
        },
        "subject": {
          "reference": "Patient/GenV2-TC-Patient",
          "display": "GenV2-TC Example Patient"
        },
        "valueQuantity": {
          "value": 49,
          "unit": "year",
          "system": "http://unitsofmeasure.org",
          "code": "a"
        }
      }
    }
  ]
}