{
  "resourceType": "Composition",
  "id": "Lyme-TC-Composition",
  "meta": {
    "profile": [
      "http://cbsig.chai.gatech.edu/StructureDefinition/cbs-composition"
    ]
  },
  "text": {
    "status": "generated",
    "div": "<div xmlns=\"http://www.w3.org/1999/xhtml\"><p><b>Generated Narrative</b></p><p><b>status</b>: final</p><p><b>type</b>: <span title=\"Codes: {http://loinc.org 55751-2}\">Public health Case report</span></p><p><b>date</b>: 2018-09-12</p><p><b>author</b>: <a href=\"Organization-Lyme-TC-Reporting-Source.html\">Generated Summary: <span title=\"Codes: {urn:oid:2.16.840.1.114222.4.5.274 PHC247}\">Laboratory</span>; name: Reporting Source</a></p><p><b>title</b>: Case Based Surveillance Composition</p></div>"
  },
  "status": "final",
  "type": {
    "coding": [
      {
        "system": "http://loinc.org",
        "code": "55751-2"
      }
    ]
  },
  "subject": {
    "reference": "Patient/Lyme-TC-Patient"
  },
  "date": "2018-09-12",
  "author": [
    {
      "reference": "Organization/Lyme-TC-Reporting-Source"
    }
  ],
  "title": "Case Based Surveillance Composition",
  "section": [
    {
      "title": "Condition of Interest",
      "entry": [
        {
          "reference": "Condition/Lyme-TC-Condition"
        }
      ]
    },
    {
      "title": "Case Notification Panel",
      "entry": [
        {
          "reference": "Observation/Lyme-TC-CNP"
        }
      ],
      "section": [
        {
          "entry": [
            {
              "reference": "Observation/Lyme-TC-MMWR"
            },
            {
              "reference": "Observation/Lyme-TC-Exposure"
            },
            {
              "reference": "Observation/Lyme-TC-CNP-Member1"
            },
            {
              "reference": "Observation/Lyme-TC-CNP-Member2"
            },
            {
              "reference": "Observation/Lyme-TC-CNP-Member3"
            },
            {
              "reference": "Observation/Lyme-TC-CNP-Member4"
            },
            {
              "reference": "Observation/Lyme-TC-CNP-Member5"
            },
            {
              "reference": "Observation/Lyme-TC-CNP-Member6"
            },
            {
              "reference": "Observation/Lyme-TC-CNP-Member7"
            },
            {
              "reference": "Observation/Lyme-TC-CNP-Member8"
            },
            {
              "reference": "Observation/Lyme-TC-CNP-Member9"
            },
            {
              "reference": "Observation/Lyme-TC-CNP-Member10"
            },
            {
              "reference": "Observation/Lyme-TC-CNP-Member11"
            },
            {
              "reference": "Observation/Lyme-TC-CNP-Member12"
            },
            {
              "reference": "Observation/Lyme-TC-CNP-Member13"
            }
          ]
        }
      ]
    },
    {
      "title": "History of Encounters (Hospitalizations)",
      "entry": [
        {
          "reference": "Encounter/Lyme-TC-Hospitalization"
        }
      ]
    },
    {
      "title": "Reporting Entities",
      "entry": [
        {
          "reference": "Practitioner/Lyme-TC-Person-Reporting"
        },
        {
          "reference": "Organization/Lyme-TC-Reporting-Source"
        }
      ]
    },
    {
      "title": "Laboratory Related Resources",
      "entry": [
        {
          "reference": "DiagnosticReport/Lyme-TC-Lab-DiagnosticReport"
        },
        {
          "reference": "Observation/Lyme-TC-Lab-Observation-1"
        },
        {
          "reference": "Observation/Lyme-TC-Lab-Observation-2"
        },
        {
          "reference": "Specimen/Lyme-TC-Specimen"
        }
      ]
    },
    {
      "title": "Medication Administered",
      "entry": [
        {
          "reference": "MedicationStatement/Lyme-TC-Medication-Statement"
        }
      ]
    },
    {
      "title": "Occupational Data",
      "entry": [
        {
          "reference": "Observation/Lyme-TC-ODH-Example"
        }
      ]
    }
  ]
}