{
  "resourceType": "Composition",
  "id": "GenV2-TC-Composition",
  "meta": {
    "profile": [
      "http://cbsig.chai.gatech.edu/StructureDefinition/cbs-composition"
    ]
  },
  "text": {
    "status": "generated",
    "div": "<div xmlns=\"http://www.w3.org/1999/xhtml\"><p><b>Generated Narrative</b></p><div style=\"display: inline-block; background-color: #d9e0e7; padding: 6px; margin: 4px; border: 1px solid #8da1b4; border-radius: 5px; line-height: 60%\"><p style=\"margin-bottom: 0px\">Resource \"GenV2-TC-Composition\" </p><p style=\"margin-bottom: 0px\">Profile: <a href=\"StructureDefinition-cbs-composition.html\">Case Based Surveillance Composition Profile</a></p></div><p><b>status</b>: final</p><p><b>type</b>: Public health Case report <span style=\"background: LightGoldenRodYellow; margin: 4px; border: 1px solid khaki\"> (<a href=\"https://loinc.org/\">LOINC</a>#55751-2)</span></p><p><b>date</b>: 2014-03-02</p><p><b>author</b>: <a href=\"Organization-GenV2-TC-Reporting-Source.html\">Organization/GenV2-TC-Reporting-Source</a> \"Reporting Source\"</p><p><b>title</b>: Case Based Surveillance Composition</p></div>"
  },
  "status": "final",
  "type": {
    "coding": [
      {
        "system": "http://loinc.org",
        "code": "55751-2"
      }
    ]
  },
  "subject": {
    "reference": "Patient/GenV2-TC-Patient"
  },
  "date": "2014-03-02",
  "author": [
    {
      "reference": "Organization/GenV2-TC-Reporting-Source"
    }
  ],
  "title": "Case Based Surveillance Composition",
  "section": [
    {
      "title": "Condition of Interest",
      "entry": [
        {
          "reference": "Condition/GenV2-TC-Condition"
        }
      ]
    },
    {
      "title": "Case Notification Panel",
      "entry": [
        {
          "reference": "Observation/GenV2-TC-CNP"
        }
      ],
      "section": [
        {
          "entry": [
            {
              "reference": "Observation/GenV2-TC-MMWR"
            },
            {
              "reference": "Observation/GenV2-TC-Exposure"
            },
            {
              "reference": "Observation/GenV2-TC-CNP-Member1"
            },
            {
              "reference": "Observation/GenV2-TC-CNP-Member2"
            },
            {
              "reference": "Observation/GenV2-TC-CNP-Member3"
            },
            {
              "reference": "Observation/GenV2-TC-CNP-Member4"
            },
            {
              "reference": "Observation/GenV2-TC-CNP-Member5"
            },
            {
              "reference": "Observation/GenV2-TC-CNP-Member6"
            },
            {
              "reference": "Observation/GenV2-TC-CNP-Member7"
            },
            {
              "reference": "Observation/GenV2-TC-CNP-Member8"
            },
            {
              "reference": "Observation/GenV2-TC-CNP-Member9"
            },
            {
              "reference": "Observation/GenV2-TC-CNP-Member10"
            },
            {
              "reference": "Observation/GenV2-TC-CNP-Member11"
            },
            {
              "reference": "Observation/GenV2-TC-CNP-Member12"
            },
            {
              "reference": "Observation/GenV2-TC-CNP-Member13"
            },
            {
              "reference": "Observation/GenV2-TC-CNP-Member14"
            },
            {
              "reference": "Observation/GenV2-TC-CNP-Member15"
            }
          ]
        }
      ]
    },
    {
      "title": "History of Encounters (Hospitalizations)",
      "entry": [
        {
          "reference": "Encounter/GenV2-TC-Hospitalization"
        }
      ]
    },
    {
      "title": "Epi Observations",
      "entry": [
        {
          "reference": "Observation/GenV2-TC-CauseOfDeath"
        }
      ]
    },
    {
      "title": "Reporting Entities",
      "entry": [
        {
          "reference": "Organization/GenV2-TC-Reporting-Source"
        }
      ]
    }
  ]
}