{
  "resourceType": "Composition",
  "id": "GenV2-TC-Composition",
  "meta": {
    "profile": [
      "http://cbsig.chai.gatech.edu/StructureDefinition/cbs-composition"
    ]
  },
  "text": {
    "status": "generated",
    "div": "<div xmlns=\"http://www.w3.org/1999/xhtml\"><p><b>Generated Narrative</b></p><p><b>status</b>: final</p><p><b>type</b>: <span title=\"Codes: {http://loinc.org 55751-2}\">Public health Case report</span></p><p><b>date</b>: 2014-03-02</p><p><b>author</b>: <a href=\"Organization-GenV2-TC-Reporting-Source.html\">Generated Summary: <span title=\"Codes: {http://terminology.hl7.org/CodeSystem/v2-0406 1}\">Hospital</span>; name: Reporting Source</a></p><p><b>title</b>: Case Based Surveillance Composition</p></div>"
  },
  "status": "final",
  "type": {
    "coding": [
      {
        "system": "http://loinc.org",
        "code": "55751-2"
      }
    ]
  },
  "subject": {
    "reference": "Patient/GenV2-TC-Patient"
  },
  "date": "2014-03-02",
  "author": [
    {
      "reference": "Organization/GenV2-TC-Reporting-Source"
    }
  ],
  "title": "Case Based Surveillance Composition",
  "section": [
    {
      "title": "Condition of Interest",
      "entry": [
        {
          "reference": "Condition/GenV2-TC-Condition"
        }
      ]
    },
    {
      "title": "Case Notification Panel",
      "entry": [
        {
          "reference": "Observation/GenV2-TC-CNP"
        }
      ],
      "section": [
        {
          "entry": [
            {
              "reference": "Observation/GenV2-TC-MMWR"
            },
            {
              "reference": "Observation/GenV2-TC-Exposure"
            },
            {
              "reference": "Observation/GenV2-TC-CNP-Member1"
            },
            {
              "reference": "Observation/GenV2-TC-CNP-Member2"
            },
            {
              "reference": "Observation/GenV2-TC-CNP-Member3"
            },
            {
              "reference": "Observation/GenV2-TC-CNP-Member4"
            },
            {
              "reference": "Observation/GenV2-TC-CNP-Member5"
            },
            {
              "reference": "Observation/GenV2-TC-CNP-Member6"
            },
            {
              "reference": "Observation/GenV2-TC-CNP-Member7"
            },
            {
              "reference": "Observation/GenV2-TC-CNP-Member8"
            },
            {
              "reference": "Observation/GenV2-TC-CNP-Member9"
            },
            {
              "reference": "Observation/GenV2-TC-CNP-Member10"
            },
            {
              "reference": "Observation/GenV2-TC-CNP-Member11"
            },
            {
              "reference": "Observation/GenV2-TC-CNP-Member12"
            },
            {
              "reference": "Observation/GenV2-TC-CNP-Member13"
            },
            {
              "reference": "Observation/GenV2-TC-CNP-Member14"
            },
            {
              "reference": "Observation/GenV2-TC-CNP-Member15"
            }
          ]
        }
      ]
    },
    {
      "title": "Encounters",
      "entry": [
        {
          "reference": "Encounter/GenV2-TC-Hospitalization"
        }
      ]
    },
    {
      "title": "Reporting",
      "entry": [
        {
          "reference": "Practitioner/GenV2-TC-Person-Reporting"
        },
        {
          "reference": "Organization/GenV2-TC-Reporting-Source"
        }
      ]
    }
  ]
}