{
  "resourceType": "Condition",
  "id": "GenV2-TC-Condition",
  "meta": {
    "profile": [
      "http://cbsig.chai.gatech.edu/StructureDefinition/cbs-condition"
    ]
  },
  "text": {
    "status": "extensions",
    "div": "<div xmlns=\"http://www.w3.org/1999/xhtml\"><p><b>Generated Narrative</b></p><p><b>Case Based Surveillance Case Class Status</b>: <span title=\"Codes: {http://snomed.info/sct 410605003}\">Confirmed present (qualifier value)</span></p><p><b>Case Based Surveillance Diagnosis Date Extension</b>: 2014-02-02</p><p><b>Case Based Surveillance Illness Duration</b>: 6 d</p><p><b>clinicalStatus</b>: <span title=\"Codes: {http://terminology.hl7.org/CodeSystem/condition-clinical inactive}\">Inactive</span></p><p><b>code</b>: <span title=\"Codes: {urn:oid:2.16.840.1.114222.4.5.277 11550}\">Hemolytic Uremic Syndrome</span></p><p><b>subject</b>: <a href=\"Patient-GenV2-TC-Patient.html\">GenV2-TC Example Patient. Generated Summary: Local Record ID: GenV2_TC01_Record, Local Subject ID: GenV2_TC01_Subject, Legacy Case Identifier: 48432148S012014, State Case Identifier: TX4321; gender: female; birthDate: 1964-05-02; deceased: 2014-03-02</a></p><p><b>onset</b>: 2014-02-24</p><p><b>abatement</b>: 2014-03-02</p></div>"
  },
  "extension": [
    {
      "url": "http://cbsig.chai.gatech.edu/StructureDefinition/cbs-case-class-status",
      "valueCodeableConcept": {
        "coding": [
          {
            "system": "http://snomed.info/sct",
            "code": "410605003"
          }
        ]
      }
    },
    {
      "url": "http://cbsig.chai.gatech.edu/StructureDefinition/cbs-diagnosis-date",
      "valueDateTime": "2014-02-02"
    },
    {
      "url": "http://cbsig.chai.gatech.edu/StructureDefinition/cbs-illness-duration",
      "valueQuantity": {
        "value": 6,
        "system": "http://unitsofmeasure.org",
        "code": "d"
      }
    }
  ],
  "clinicalStatus": {
    "coding": [
      {
        "system": "http://terminology.hl7.org/CodeSystem/condition-clinical",
        "code": "inactive"
      }
    ]
  },
  "code": {
    "coding": [
      {
        "system": "urn:oid:2.16.840.1.114222.4.5.277",
        "code": "11550",
        "display": "Hemolytic Uremic Syndrome"
      }
    ]
  },
  "subject": {
    "reference": "Patient/GenV2-TC-Patient",
    "display": "GenV2-TC Example Patient"
  },
  "onsetDateTime": "2014-02-24",
  "abatementDateTime": "2014-03-02"
}