{
  "resourceType": "Condition",
  "id": "STD-TC-Condition",
  "meta": {
    "profile": [
      "http://cbsig.chai.gatech.edu/StructureDefinition/cbs-condition"
    ]
  },
  "text": {
    "status": "extensions",
    "div": "<div xmlns=\"http://www.w3.org/1999/xhtml\"><p><b>Generated Narrative</b></p><div style=\"display: inline-block; background-color: #d9e0e7; padding: 6px; margin: 4px; border: 1px solid #8da1b4; border-radius: 5px; line-height: 60%\"><p style=\"margin-bottom: 0px\">Resource \"STD-TC-Condition\" </p><p style=\"margin-bottom: 0px\">Profile: <a href=\"StructureDefinition-cbs-condition.html\">Case Based Surveillance Condition of Interest Profile</a></p></div><p><b>Case Based Surveillance Case Class Status</b>: Confirmed present <span style=\"background: LightGoldenRodYellow; margin: 4px; border: 1px solid khaki\"> (<a href=\"https://browser.ihtsdotools.org/\">SNOMED CT</a>#410605003)</span></p><p><b>Case Based Surveillance Diagnosis Date Extension</b>: 2014-01-17</p><p><b>Case Based Surveillance Illness Duration</b>: 12 d<span style=\"background: LightGoldenRodYellow\"> (Details: UCUM code d = 'd')</span></p><p><b>clinicalStatus</b>: Inactive <span style=\"background: LightGoldenRodYellow; margin: 4px; border: 1px solid khaki\"> (<a href=\"http://terminology.hl7.org/3.0.0/CodeSystem-condition-clinical.html\">Condition Clinical Status Codes</a>#inactive)</span></p><p><b>code</b>: Gonorrhea <span style=\"background: LightGoldenRodYellow; margin: 4px; border: 1px solid khaki\"> (unknown#10280)</span></p><p><b>subject</b>: <a href=\"Patient-STD-TC-Patient.html\">Patient/STD-TC-Patient: STD-TC Example Patient</a> \" WWWWW\"</p><p><b>onset</b>: 2014-01-15</p><p><b>abatement</b>: 2014-01-27</p><blockquote><p><b>evidence</b></p><p><b>code</b>: Erythema Migrans <span style=\"background: LightGoldenRodYellow; margin: 4px; border: 1px solid khaki\"> (<a href=\"https://browser.ihtsdotools.org/\">SNOMED CT</a>#69588003)</span></p></blockquote><blockquote><p><b>evidence</b></p><p><b>code</b>: Atrioventricular block <span style=\"background: LightGoldenRodYellow; margin: 4px; border: 1px solid khaki\"> (<a href=\"https://browser.ihtsdotools.org/\">SNOMED CT</a>#233917008)</span></p></blockquote></div>"
  },
  "extension": [
    {
      "url": "http://cbsig.chai.gatech.edu/StructureDefinition/cbs-case-class-status",
      "valueCodeableConcept": {
        "coding": [
          {
            "system": "http://snomed.info/sct",
            "code": "410605003",
            "display": "Confirmed present"
          }
        ]
      }
    },
    {
      "url": "http://cbsig.chai.gatech.edu/StructureDefinition/cbs-diagnosis-date",
      "valueDateTime": "2014-01-17"
    },
    {
      "url": "http://cbsig.chai.gatech.edu/StructureDefinition/cbs-illness-duration",
      "valueQuantity": {
        "value": 12,
        "system": "http://unitsofmeasure.org",
        "code": "d"
      }
    }
  ],
  "clinicalStatus": {
    "coding": [
      {
        "system": "http://terminology.hl7.org/CodeSystem/condition-clinical",
        "code": "inactive"
      }
    ]
  },
  "code": {
    "coding": [
      {
        "system": "urn:oid:2.16.840.1.114222.4.5.277",
        "code": "10280",
        "display": "Gonorrhea"
      }
    ]
  },
  "subject": {
    "reference": "Patient/STD-TC-Patient",
    "display": "STD-TC Example Patient"
  },
  "onsetDateTime": "2014-01-15",
  "abatementDateTime": "2014-01-27",
  "evidence": [
    {
      "code": [
        {
          "coding": [
            {
              "system": "http://snomed.info/sct",
              "code": "69588003",
              "display": "Erythema Migrans"
            }
          ]
        }
      ]
    },
    {
      "code": [
        {
          "coding": [
            {
              "system": "http://snomed.info/sct",
              "code": "233917008",
              "display": "Atrioventricular block"
            }
          ]
        }
      ]
    }
  ]
}