{
  "resourceType": "Condition",
  "id": "Co-Condition-Example",
  "meta": {
    "profile": [
      "http://cbsig.chai.gatech.edu/StructureDefinition/cbs-co-condition"
    ]
  },
  "text": {
    "status": "generated",
    "div": "<div xmlns=\"http://www.w3.org/1999/xhtml\"><p><b>Generated Narrative</b></p><p><b>code</b>: <span title=\"Codes: {http://loinc.org 91558-7}\">Coinfection type</span></p><p><b>subject</b>: <a href=\"Patient-GenV2-TC-Patient.html\">GenV2-TC Example Patient. Generated Summary: Local Record ID: GenV2_TC01_Record, Local Subject ID: GenV2_TC01_Subject, Legacy Case Identifier: 48432148S012014, State Case Identifier: TX4321; gender: female; birthDate: 1964-05-02; deceased: 2014-03-02</a></p><h3>Evidences</h3><table class=\"grid\"><tr><td>-</td><td><b>Detail</b></td></tr><tr><td>*</td><td><a href=\"Condition-GenV2-TC-Condition.html\">GenV2-TC Condition of Interest. Generated Summary: <span title=\"Codes: {http://terminology.hl7.org/CodeSystem/condition-clinical inactive}\">Inactive</span>; <span title=\"Codes: {urn:oid:2.16.840.1.114222.4.5.277 11550}\">Hemolytic Uremic Syndrome</span>; onset: 2014-02-24; abatement: 2014-03-02</a></td></tr></table><p><b>note</b>: http://snomed.info/sct#5933001 C. difficile</p></div>"
  },
  "code": {
    "coding": [
      {
        "system": "http://loinc.org",
        "code": "91558-7"
      }
    ]
  },
  "subject": {
    "reference": "Patient/GenV2-TC-Patient",
    "display": "GenV2-TC Example Patient"
  },
  "evidence": [
    {
      "detail": [
        {
          "reference": "Condition/GenV2-TC-Condition",
          "display": "GenV2-TC Condition of Interest"
        }
      ]
    }
  ],
  "note": [
    {
      "text": "http://snomed.info/sct#5933001 C. difficile"
    }
  ]
}