{
  "resourceType": "Encounter",
  "id": "STD-TC-Hospitalization",
  "meta": {
    "profile": [
      "http://cbsig.chai.gatech.edu/StructureDefinition/cbs-hospitalization"
    ]
  },
  "text": {
    "status": "generated",
    "div": "<div xmlns=\"http://www.w3.org/1999/xhtml\"><p><b>Generated Narrative</b></p><div style=\"display: inline-block; background-color: #d9e0e7; padding: 6px; margin: 4px; border: 1px solid #8da1b4; border-radius: 5px; line-height: 60%\"><p style=\"margin-bottom: 0px\">Resource \"STD-TC-Hospitalization\" </p><p style=\"margin-bottom: 0px\">Profile: <a href=\"StructureDefinition-cbs-hospitalization.html\">Case Based Surveillance Hospitalization Encounter Profile</a></p></div><p><b>status</b>: unknown</p><p><b>class</b>: inpatient encounter (Details: http://terminology.hl7.org/CodeSystem/v3-ActCode code IMP = 'inpatient encounter', stated as 'null')</p><p><b>subject</b>: <a href=\"Patient-STD-TC-Patient.html\">Patient/STD-TC-Patient: STD-TC Example Patient</a> \" WWWWW\"</p><p><b>period</b>: 2014-01-18 --&gt; 2014-01-27</p><h3>Diagnoses</h3><table class=\"grid\"><tr><td>-</td><td><b>Condition</b></td></tr><tr><td>*</td><td><a href=\"Condition-STD-TC-Condition.html\">Condition/STD-TC-Condition: STD-TC Condition of Interest</a></td></tr></table></div>"
  },
  "status": "unknown",
  "class": {
    "system": "http://terminology.hl7.org/CodeSystem/v3-ActCode",
    "code": "IMP"
  },
  "subject": {
    "reference": "Patient/STD-TC-Patient",
    "display": "STD-TC Example Patient"
  },
  "period": {
    "start": "2014-01-18",
    "end": "2014-01-27"
  },
  "length": {
    "value": 9,
    "unit": "days",
    "system": "http://unitsofmeasure.org",
    "code": "d"
  },
  "diagnosis": [
    {
      "condition": {
        "reference": "Condition/STD-TC-Condition",
        "display": "STD-TC Condition of Interest"
      }
    }
  ]
}