{
  "resourceType": "Encounter",
  "id": "HAICA-TC-Hospitalization",
  "meta": {
    "profile": [
      "http://cbsig.chai.gatech.edu/StructureDefinition/cbs-hospitalization"
    ]
  },
  "text": {
    "status": "generated",
    "div": "<div xmlns=\"http://www.w3.org/1999/xhtml\"><p><b>Generated Narrative</b></p><p><b>status</b>: unknown</p><p><b>class</b>: <span title=\"{http://terminology.hl7.org/CodeSystem/v3-ActCode IMP}\">inpatient encounter</span></p><p><b>subject</b>: <a href=\"Patient-HAICA-TC-Patient.html\">HAI-CA TC Example Patient. Generated Summary: Local Record ID: C_auris_02, Local Subject ID: C_auris_PAT_02; gender: female; birthDate: 1940-01-01</a></p><p><b>period</b>: 2018-11-24 --&gt; (ongoing)</p><h3>Diagnoses</h3><table class=\"grid\"><tr><td>-</td><td><b>Condition</b></td></tr><tr><td>*</td><td><a href=\"Condition-HAICA-TC-Condition.html\">HAI-CA TC Condition of Interest. Generated Summary: <span title=\"Codes: {urn:oid:2.16.840.1.114222.4.5.277 50263}\">Candida auris, clinical</span>; onset: 2018-11-22</a></td></tr></table></div>"
  },
  "status": "unknown",
  "class": {
    "system": "http://terminology.hl7.org/CodeSystem/v3-ActCode",
    "code": "IMP"
  },
  "subject": {
    "reference": "Patient/HAICA-TC-Patient",
    "display": "HAI-CA TC Example Patient"
  },
  "period": {
    "start": "2018-11-24"
  },
  "diagnosis": [
    {
      "condition": {
        "reference": "Condition/HAICA-TC-Condition",
        "display": "HAI-CA TC Condition of Interest"
      }
    }
  ]
}