{
  "resourceType": "Encounter",
  "id": "HAICA-TC-Hospitalization",
  "meta": {
    "profile": [
      "http://cbsig.chai.gatech.edu/StructureDefinition/cbs-hospitalization"
    ]
  },
  "text": {
    "status": "generated",
    "div": "<div xmlns=\"http://www.w3.org/1999/xhtml\"><p><b>Generated Narrative</b></p><div style=\"display: inline-block; background-color: #d9e0e7; padding: 6px; margin: 4px; border: 1px solid #8da1b4; border-radius: 5px; line-height: 60%\"><p style=\"margin-bottom: 0px\">Resource \"HAICA-TC-Hospitalization\" </p><p style=\"margin-bottom: 0px\">Profile: <a href=\"StructureDefinition-cbs-hospitalization.html\">Case Based Surveillance Hospitalization Encounter Profile</a></p></div><p><b>status</b>: unknown</p><p><b>class</b>: inpatient encounter (Details: http://terminology.hl7.org/CodeSystem/v3-ActCode code IMP = 'inpatient encounter', stated as 'null')</p><p><b>subject</b>: <a href=\"Patient-HAICA-TC-Patient.html\">Patient/HAICA-TC-Patient: HAI-CA TC Example Patient</a> \" YYYYY\"</p><p><b>period</b>: 2018-11-24 --&gt; (ongoing)</p><h3>Diagnoses</h3><table class=\"grid\"><tr><td>-</td><td><b>Condition</b></td></tr><tr><td>*</td><td><a href=\"Condition-HAICA-TC-Condition.html\">Condition/HAICA-TC-Condition: HAI-CA TC Condition of Interest</a></td></tr></table></div>"
  },
  "status": "unknown",
  "class": {
    "system": "http://terminology.hl7.org/CodeSystem/v3-ActCode",
    "code": "IMP"
  },
  "subject": {
    "reference": "Patient/HAICA-TC-Patient",
    "display": "HAI-CA TC Example Patient"
  },
  "period": {
    "start": "2018-11-24"
  },
  "diagnosis": [
    {
      "condition": {
        "reference": "Condition/HAICA-TC-Condition",
        "display": "HAI-CA TC Condition of Interest"
      }
    }
  ]
}