{
  "resourceType": "MedicationStatement",
  "id": "Lyme-TC-Medication-Statement",
  "text": {
    "status": "generated",
    "div": "<div xmlns=\"http://www.w3.org/1999/xhtml\"><p><b>Generated Narrative</b></p><div style=\"display: inline-block; background-color: #d9e0e7; padding: 6px; margin: 4px; border: 1px solid #8da1b4; border-radius: 5px; line-height: 60%\"><p style=\"margin-bottom: 0px\">Resource \"Lyme-TC-Medication-Statement\" </p></div><p><b>status</b>: completed</p><p><b>medication</b>: doxycycline <span style=\"background: LightGoldenRodYellow; margin: 4px; border: 1px solid khaki\"> (<a href=\"http://terminology.hl7.org/3.0.0/CodeSystem-v3-rxNorm.html\">RxNorm</a>#3640)</span></p><p><b>subject</b>: <a href=\"Patient-Lyme-TC-Patient.html\">Patient/Lyme-TC-Patient: Lyme-TC Example Patient</a> \"\"</p><p><b>effective</b>: 2018-07-05 --&gt; 2018-07-15</p></div>"
  },
  "status": "completed",
  "medicationCodeableConcept": {
    "coding": [
      {
        "system": "http://www.nlm.nih.gov/research/umls/rxnorm",
        "code": "3640"
      }
    ]
  },
  "subject": {
    "reference": "Patient/Lyme-TC-Patient",
    "display": "Lyme-TC Example Patient"
  },
  "effectivePeriod": {
    "start": "2018-07-05",
    "end": "2018-07-15"
  }
}