{
  "resourceType": "Observation",
  "id": "HAICA-TC-Lab-Observation",
  "meta": {
    "profile": [
      "http://cbsig.chai.gatech.edu/StructureDefinition/cbs-lab-observation"
    ]
  },
  "text": {
    "status": "generated",
    "div": "<div xmlns=\"http://www.w3.org/1999/xhtml\"><p><b>Generated Narrative</b></p><p></p><p><b>category</b>: <span title=\"Codes: {http://terminology.hl7.org/CodeSystem/observation-category laboratory}\">Laboratory</span></p><p><b>code</b>: <span title=\"Codes: {urn:oid:2.16.840.1.114222.4.5.232 LAB723}\">DNA Sequencing</span></p><p><b>subject</b>: <a href=\"Patient-HAICA-TC-Patient.html\">HAICA-TC Example Patient. Generated Summary: Local Record ID: C_auris_02, Local Subject ID: C_auris_PAT_02; gender: female; birthDate: 1940-01-01</a></p><p><b>value</b>: <span title=\"Codes: {http://snomed.info/sct 10828004}\">Positive</span></p><p><b>method</b>: <span title=\"Codes: \">D1/D2</span></p></div>"
  },
  "status": "final",
  "category": [
    {
      "coding": [
        {
          "system": "http://terminology.hl7.org/CodeSystem/observation-category",
          "code": "laboratory"
        }
      ]
    }
  ],
  "code": {
    "coding": [
      {
        "system": "urn:oid:2.16.840.1.114222.4.5.232",
        "code": "LAB723",
        "display": "DNA Sequencing"
      }
    ]
  },
  "subject": {
    "reference": "Patient/HAICA-TC-Patient",
    "display": "HAICA-TC Example Patient"
  },
  "valueCodeableConcept": {
    "coding": [
      {
        "system": "http://snomed.info/sct",
        "code": "10828004",
        "display": "Positive"
      }
    ]
  },
  "method": {
    "coding": [
      {
        "code": "D1D2",
        "display": "D1/D2"
      }
    ]
  }
}