{
  "resourceType": "Observation",
  "id": "Lyme-TC-CNP",
  "meta": {
    "profile": [
      "http://cbsig.chai.gatech.edu/StructureDefinition/cbs-case-notification-panel"
    ]
  },
  "text": {
    "status": "generated",
    "div": "<div xmlns=\"http://www.w3.org/1999/xhtml\"><p><b>Generated Narrative</b></p><p></p><p><b>category</b>: <span title=\"Codes: {http://loinc.org 78000-7}\">Case notification panel [CDC.PHIN]</span></p><p><b>code</b>: <span title=\"Codes: {http://loinc.org 78000-7}\">Case notification panel [CDC.PHIN]</span></p><p><b>subject</b>: <a href=\"Patient-Lyme-TC-Patient.html\">Lyme-TC Example Patient. Generated Summary: Local Record ID: TickborneLyme_TC01, Local Subject ID: TickborneLyme_TC01, Legacy Case Identifier: 34022747S012018, State Case Identifier: 340227; Xxxxx, Ccccc; gender: male; birthDate: 1993-06-01</a></p><p><b>hasMember</b>: </p><ul><li><a href=\"Observation-Lyme-TC-MMWR.html\">Generated Summary: <span title=\"Codes: {http://loinc.org 78000-7}\">Case notification panel [CDC.PHIN]</span>; <span title=\"Codes: {http://cbsig.chai.gatech.edu/CodeSystem/cbs-temp-code-system MMWR}\">MMWR Week/Year</span></a></li><li><a href=\"Observation-Lyme-TC-Exposure.html\">Generated Summary: <span title=\"Codes: {http://loinc.org 78000-7}\">Case notification panel [CDC.PHIN]</span>; <span title=\"Codes: {http://cbsig.chai.gatech.edu/CodeSystem/cbs-temp-code-system Location-of-Exposure}\">Location of Exposure</span></a></li><li><a href=\"Observation-Lyme-TC-CNP-Member1.html\">Generated Summary: <span title=\"Codes: {http://loinc.org 78000-7}\">Case notification panel [CDC.PHIN]</span>; <span title=\"Codes: {http://loinc.org 77965-2}\">Immediate national notifiable condition</span>; <span title=\"Codes: {http://terminology.hl7.org/CodeSystem/v2-0005 N}\">No</span></a></li><li><a href=\"Observation-Lyme-TC-CNP-Member2.html\">Generated Summary: <span title=\"Codes: {http://loinc.org 78000-7}\">Case notification panel [CDC.PHIN]</span>; <span title=\"Codes: {http://loinc.org 77966-0}\">Reporting state</span>; <span title=\"Codes: {urn:oid:2.16.840.1.113883.6.92 47}\">Tennessee</span></a></li><li><a href=\"Observation-Lyme-TC-CNP-Member3.html\">Generated Summary: <span title=\"Codes: {http://loinc.org 78000-7}\">Case notification panel [CDC.PHIN]</span>; <span title=\"Codes: {http://loinc.org 77967-8}\">Reporting county</span>; <span title=\"Codes: {urn:oid:2.16.840.1.113883.6.93 47037}\">Davidson</span></a></li><li><a href=\"Observation-Lyme-TC-CNP-Member4.html\">Generated Summary: <span title=\"Codes: {http://loinc.org 78000-7}\">Case notification panel [CDC.PHIN]</span>; <span title=\"Codes: {http://loinc.org 77968-6}\">National reporting jurisdiction</span>; <span title=\"Codes: {urn:oid:2.16.840.1.113883.6.92 47}\">Tennessee</span></a></li><li><a href=\"Observation-Lyme-TC-CNP-Member5.html\">Generated Summary: <span title=\"Codes: {http://loinc.org 78000-7}\">Case notification panel [CDC.PHIN]</span>; <span title=\"Codes: {http://loinc.org 77969-4}\">Jurisdiction code</span>; value: S01</a></li><li><a href=\"Observation-Lyme-TC-CNP-Member6.html\">Generated Summary: <span title=\"Codes: {http://loinc.org 78000-7}\">Case notification panel [CDC.PHIN]</span>; <span title=\"Codes: {http://loinc.org 77970-2}\">Date of initial report</span>; value: 2018-09-12</a></li><li><a href=\"Observation-Lyme-TC-CNP-Member7.html\">Generated Summary: <span title=\"Codes: {http://loinc.org 78000-7}\">Case notification panel [CDC.PHIN]</span>; <span title=\"Codes: {http://loinc.org 77972-8}\">Earliest date reported to county</span>; value: 2018-09-12</a></li><li><a href=\"Observation-Lyme-TC-CNP-Member8.html\">Generated Summary: <span title=\"Codes: {http://loinc.org 78000-7}\">Case notification panel [CDC.PHIN]</span>; <span title=\"Codes: {http://loinc.org 77973-6}\">Earliest date reported to state</span>; value: 2018-09-12</a></li><li><a href=\"Observation-Lyme-TC-CNP-Member9.html\">Generated Summary: <span title=\"Codes: {http://loinc.org 78000-7}\">Case notification panel [CDC.PHIN]</span>; <span title=\"Codes: {http://loinc.org 77979-3}\">Case investigation start date</span>; value: 2018-06-28</a></li><li><a href=\"Observation-Lyme-TC-CNP-Member10.html\">Generated Summary: <span title=\"Codes: {http://loinc.org 78000-7}\">Case notification panel [CDC.PHIN]</span>; <span title=\"Codes: {http://cbsig.chai.gatech.edu/CodeSystem/cbs-temp-code-system case-outbreak}\">Case Outbreak Name and Indicator</span></a></li><li><a href=\"Observation-Lyme-TC-CNP-Member11.html\">Generated Summary: <span title=\"Codes: {http://loinc.org 78000-7}\">Case notification panel [CDC.PHIN]</span>; <span title=\"Codes: {http://loinc.org 77989-2}\">Disease transmission mode</span>; <span title=\"Codes: {http://snomed.info/sct 418427004}\">Vector-borne transmission</span></a></li><li><a href=\"Observation-Lyme-TC-CNP-Member12.html\">Generated Summary: <span title=\"Codes: {http://loinc.org 78000-7}\">Case notification panel [CDC.PHIN]</span>; <span title=\"Codes: {http://loinc.org 77995-9}\">Date of first report to public health department</span>; value: 2018-09-12</a></li><li><a href=\"Observation-Lyme-TC-CNP-Member13.html\">Generated Summary: <span title=\"Codes: {http://loinc.org 78000-7}\">Case notification panel [CDC.PHIN]</span>; <span title=\"Codes: {http://loinc.org 77998-3}\">Age at time of case investigation</span>; 25</a></li></ul></div>"
  },
  "status": "final",
  "category": [
    {
      "coding": [
        {
          "system": "http://loinc.org",
          "code": "78000-7",
          "display": "Case notification panel [CDC.PHIN]"
        }
      ]
    }
  ],
  "code": {
    "coding": [
      {
        "system": "http://loinc.org",
        "code": "78000-7",
        "display": "Case notification panel [CDC.PHIN]"
      }
    ]
  },
  "subject": {
    "reference": "Patient/Lyme-TC-Patient",
    "display": "Lyme-TC Example Patient"
  },
  "hasMember": [
    {
      "reference": "Observation/Lyme-TC-MMWR"
    },
    {
      "reference": "Observation/Lyme-TC-Exposure"
    },
    {
      "reference": "Observation/Lyme-TC-CNP-Member1"
    },
    {
      "reference": "Observation/Lyme-TC-CNP-Member2"
    },
    {
      "reference": "Observation/Lyme-TC-CNP-Member3"
    },
    {
      "reference": "Observation/Lyme-TC-CNP-Member4"
    },
    {
      "reference": "Observation/Lyme-TC-CNP-Member5"
    },
    {
      "reference": "Observation/Lyme-TC-CNP-Member6"
    },
    {
      "reference": "Observation/Lyme-TC-CNP-Member7"
    },
    {
      "reference": "Observation/Lyme-TC-CNP-Member8"
    },
    {
      "reference": "Observation/Lyme-TC-CNP-Member9"
    },
    {
      "reference": "Observation/Lyme-TC-CNP-Member10"
    },
    {
      "reference": "Observation/Lyme-TC-CNP-Member11"
    },
    {
      "reference": "Observation/Lyme-TC-CNP-Member12"
    },
    {
      "reference": "Observation/Lyme-TC-CNP-Member13"
    }
  ]
}