{
  "resourceType": "Observation",
  "id": "GenV2-TC-CauseOfDeath",
  "meta": {
    "profile": [
      "http://cbsig.chai.gatech.edu/StructureDefinition/cbs-cause-of-death"
    ]
  },
  "text": {
    "status": "generated",
    "div": "<div xmlns=\"http://www.w3.org/1999/xhtml\"><p><b>Generated Narrative</b></p><div style=\"display: inline-block; background-color: #d9e0e7; padding: 6px; margin: 4px; border: 1px solid #8da1b4; border-radius: 5px; line-height: 60%\"><p style=\"margin-bottom: 0px\">Resource \"GenV2-TC-CauseOfDeath\" </p><p style=\"margin-bottom: 0px\">Profile: <a href=\"StructureDefinition-cbs-cause-of-death.html\">Case Based Surveillance Cause of Death Profile</a></p></div><p><b>status</b>: final</p><p><b>code</b>: Cause of death <span style=\"background: LightGoldenRodYellow; margin: 4px; border: 1px solid khaki\"> (<a href=\"https://loinc.org/\">LOINC</a>#79378-6)</span></p><p><b>subject</b>: <a href=\"Patient-GenV2-TC-Patient.html\">Patient/GenV2-TC-Patient: GenV2-TC Example Patient</a> \" ZZZZZ\"</p><p><b>focus</b>: <a href=\"Condition-GenV2-TC-Condition.html\">Condition/GenV2-TC-Condition: GenV2-TC Example Condition of Interest</a></p></div>"
  },
  "status": "final",
  "code": {
    "coding": [
      {
        "system": "http://loinc.org",
        "code": "79378-6"
      }
    ]
  },
  "subject": {
    "reference": "Patient/GenV2-TC-Patient",
    "display": "GenV2-TC Example Patient"
  },
  "focus": [
    {
      "reference": "Condition/GenV2-TC-Condition",
      "display": "GenV2-TC Example Condition of Interest"
    }
  ]
}