{
  "resourceType": "Observation",
  "id": "Varicella-TC-ACIP-Recommendation",
  "meta": {
    "profile": [
      "http://cbsig.chai.gatech.edu/StructureDefinition/cbs-vaccination-ACIP-Recommendation"
    ]
  },
  "text": {
    "status": "generated",
    "div": "<div xmlns=\"http://www.w3.org/1999/xhtml\"><p><b>Generated Narrative</b></p><div style=\"display: inline-block; background-color: #d9e0e7; padding: 6px; margin: 4px; border: 1px solid #8da1b4; border-radius: 5px; line-height: 60%\"><p style=\"margin-bottom: 0px\">Resource \"Varicella-TC-ACIP-Recommendation\" </p><p style=\"margin-bottom: 0px\">Profile: <a href=\"StructureDefinition-cbs-vaccination-ACIP-Recommendation.html\">Case Based Surveillance Subject Vaccinated per ACIP Recommendations Profile</a></p></div><p><b>status</b>: final</p><p><b>code</b>: Vaccinated per ACIP Recommendations <span style=\"background: LightGoldenRodYellow; margin: 4px; border: 1px solid khaki\"> (unknown#vac148)</span></p><p><b>subject</b>: <a href=\"Patient-Varicella-TC-Patient.html\">Patient/Varicella-TC-Patient: Varicella-TC-Patient</a> \"\"</p><p><b>focus</b>: </p><ul><li><a href=\"Immunization-Varicella-TC-Immunization.html\">Immunization/Varicella-TC-Immunization: Varicella-TC-Immunization</a></li><li><a href=\"Condition-Varicella-TC-Condition.html\">Condition/Varicella-TC-Condition: Varicella-TC-Condition</a></li></ul><p><b>value</b>: No <span style=\"background: LightGoldenRodYellow; margin: 4px; border: 1px solid khaki\"> (<a href=\"http://terminology.hl7.org/3.0.0/CodeSystem-v2-0532.html\">expandedYes-NoIndicator</a>#N)</span></p><h3>Components</h3><table class=\"grid\"><tr><td>-</td><td><b>Code</b></td><td><b>Value[x]</b></td></tr><tr><td>*</td><td>Reason Not Vaccinated per ACIP Recommendations <span style=\"background: LightGoldenRodYellow; margin: 4px; border: 1px solid khaki\"> (unknown#vac149)</span></td><td>Parent/Patient unaware of recommendation <span style=\"background: LightGoldenRodYellow; margin: 4px; border: 1px solid khaki\"> (unknown#PHC1314)</span></td></tr></table></div>"
  },
  "status": "final",
  "code": {
    "coding": [
      {
        "system": "urn:oid:2.16.840.1.114222.4.5.232",
        "code": "vac148",
        "display": "Vaccinated per ACIP Recommendations"
      }
    ]
  },
  "subject": {
    "reference": "Patient/Varicella-TC-Patient",
    "display": "Varicella-TC-Patient"
  },
  "focus": [
    {
      "reference": "Immunization/Varicella-TC-Immunization",
      "display": "Varicella-TC-Immunization"
    },
    {
      "reference": "Condition/Varicella-TC-Condition",
      "display": "Varicella-TC-Condition"
    }
  ],
  "valueCodeableConcept": {
    "coding": [
      {
        "system": "http://terminology.hl7.org/CodeSystem/v2-0532",
        "code": "N",
        "display": "No"
      }
    ]
  },
  "component": [
    {
      "code": {
        "coding": [
          {
            "system": "urn:oid:2.16.840.1.114222.4.5.232",
            "code": "vac149",
            "display": "Reason Not Vaccinated per ACIP Recommendations"
          }
        ]
      },
      "valueCodeableConcept": {
        "coding": [
          {
            "system": "urn:oid:2.16.840.1.114222.4.5.274",
            "code": "PHC1314",
            "display": "Parent/Patient unaware of recommendation"
          }
        ]
      }
    }
  ]
}