{
  "resourceType": "Observation",
  "id": "Lyme-TC-CNP-Member12",
  "meta": {
    "profile": [
      "http://cbsig.chai.gatech.edu/StructureDefinition/cbs-date-reported-to-phd"
    ]
  },
  "text": {
    "status": "generated",
    "div": "<div xmlns=\"http://www.w3.org/1999/xhtml\"><p><b>Generated Narrative</b></p><div style=\"display: inline-block; background-color: #d9e0e7; padding: 6px; margin: 4px; border: 1px solid #8da1b4; border-radius: 5px; line-height: 60%\"><p style=\"margin-bottom: 0px\">Resource \"Lyme-TC-CNP-Member12\" </p><p style=\"margin-bottom: 0px\">Profile: <a href=\"StructureDefinition-cbs-date-reported-to-phd.html\">Case Based Surveillance Date of First Report to Public Health Department</a></p></div><p><b>status</b>: final</p><p><b>category</b>: Case notification panel [CDC.PHIN] <span style=\"background: LightGoldenRodYellow; margin: 4px; border: 1px solid khaki\"> (<a href=\"https://loinc.org/\">LOINC</a>#78000-7)</span></p><p><b>code</b>: Date of first report to public health department <span style=\"background: LightGoldenRodYellow; margin: 4px; border: 1px solid khaki\"> (<a href=\"https://loinc.org/\">LOINC</a>#77995-9)</span></p><p><b>subject</b>: <a href=\"Patient-Lyme-TC-Patient.html\">Patient/Lyme-TC-Patient: Lyme-TC Example Patient</a> \"\"</p><p><b>value</b>: 2018-09-12</p></div>"
  },
  "status": "final",
  "category": [
    {
      "coding": [
        {
          "system": "http://loinc.org",
          "code": "78000-7",
          "display": "Case notification panel [CDC.PHIN]"
        }
      ]
    }
  ],
  "code": {
    "coding": [
      {
        "system": "http://loinc.org",
        "code": "77995-9",
        "display": "Date of first report to public health department"
      }
    ]
  },
  "subject": {
    "reference": "Patient/Lyme-TC-Patient",
    "display": "Lyme-TC Example Patient"
  },
  "valueDateTime": "2018-09-12"
}