{
  "resourceType": "Observation",
  "id": "STD-TC-Lab-Observation-AST",
  "meta": {
    "profile": [
      "http://cbsig.chai.gatech.edu/StructureDefinition/cbs-lab-observation"
    ]
  },
  "text": {
    "status": "generated",
    "div": "<div xmlns=\"http://www.w3.org/1999/xhtml\"><p><b>Generated Narrative</b></p><p></p><p><b>category</b>: <span title=\"Codes: {http://terminology.hl7.org/CodeSystem/observation-category laboratory}\">Laboratory</span></p><p><b>code</b>: <span title=\"Codes: {http://loinc.org 18866-4}\">Azithromycin [Susceptibility]</span></p><p><b>subject</b>: <a href=\"Patient-STD-TC-Patient.html\">STD-TC Example Patient. Generated Summary: Local Record ID: STD_TC05, Local Subject ID: STD_TC05; Wwwww, Ddddd; gender: female; birthDate: 1994-03-02</a></p><p><b>value</b>: 64 mcg/mL</p><p><b>interpretation</b>: <span title=\"Codes: {http://snomed.info/sct 30714006}\">Resistant</span></p><p><b>method</b>: <span title=\"Codes: {http://snomed.info/sct 104234003}\">Gradient strip susceptibility test</span></p><p><b>specimen</b>: <a href=\"Specimen-STD-TC-Specimen-AST.html\">Generated Summary: id: SLT-12466; <span title=\"Codes: {http://snomed.info/sct 119394009}\">Specimen from vagina</span></a></p></div>"
  },
  "status": "final",
  "category": [
    {
      "coding": [
        {
          "system": "http://terminology.hl7.org/CodeSystem/observation-category",
          "code": "laboratory"
        }
      ]
    }
  ],
  "code": {
    "coding": [
      {
        "system": "http://loinc.org",
        "code": "18866-4",
        "display": "Azithromycin [Susceptibility]"
      }
    ]
  },
  "subject": {
    "reference": "Patient/STD-TC-Patient",
    "display": "STD-TC Example Patient"
  },
  "valueQuantity": {
    "value": 64,
    "unit": "mcg/mL",
    "system": "http://unitsofmeasure.org",
    "code": "ug/ML"
  },
  "interpretation": [
    {
      "coding": [
        {
          "system": "http://snomed.info/sct",
          "code": "30714006",
          "display": "Resistant"
        }
      ]
    }
  ],
  "method": {
    "coding": [
      {
        "system": "http://snomed.info/sct",
        "code": "104234003",
        "display": "Gradient strip susceptibility test"
      }
    ]
  },
  "specimen": {
    "reference": "Specimen/STD-TC-Specimen-AST"
  }
}