{
  "resourceType": "Observation",
  "id": "HAICA-TC-CNP",
  "meta": {
    "profile": [
      "http://cbsig.chai.gatech.edu/StructureDefinition/cbs-case-notification-panel"
    ]
  },
  "text": {
    "status": "generated",
    "div": "<div xmlns=\"http://www.w3.org/1999/xhtml\"><p><b>Generated Narrative</b></p><p></p><p><b>category</b>: <span title=\"Codes: {http://loinc.org 78000-7}\">Case notification panel [CDC.PHIN]</span></p><p><b>code</b>: <span title=\"Codes: {http://loinc.org 78000-7}\">Case notification panel [CDC.PHIN]</span></p><p><b>subject</b>: <a href=\"Patient-HAICA-TC-Patient.html\">HAICA-TC Example Patient. Generated Summary: Local Record ID: C_auris_02, Local Subject ID: C_auris_PAT_02; gender: female; birthDate: 1940-01-01</a></p><p><b>hasMember</b>: </p><ul><li><a href=\"Observation-HAICA-TC-MMWR.html\">Generated Summary: <span title=\"Codes: {http://loinc.org 78000-7}\">Case notification panel [CDC.PHIN]</span>; <span title=\"Codes: {http://cbsig.chai.gatech.edu/CodeSystem/cbs-temp-code-system MMWR}\">MMWR Week/Year</span></a></li><li><a href=\"Observation-HAICA-TC-CNP-Member1.html\">Generated Summary: <span title=\"Codes: {http://loinc.org 78000-7}\">Case notification panel [CDC.PHIN]</span>; <span title=\"Codes: {http://loinc.org 77966-0}\">Reporting state</span>; <span title=\"Codes: {urn:oid:2.16.840.1.113883.6.92 13}\">Georgia</span></a></li><li><a href=\"Observation-HAICA-TC-CNP-Member2.html\">Generated Summary: <span title=\"Codes: {http://loinc.org 78000-7}\">Case notification panel [CDC.PHIN]</span>; <span title=\"Codes: {http://loinc.org 77967-8}\">Reporting county</span>; <span title=\"Codes: {urn:oid:2.16.840.1.113883.6.93 13067}\">Cobb</span></a></li><li><a href=\"Observation-HAICA-TC-CNP-Member3.html\">Generated Summary: <span title=\"Codes: {http://loinc.org 78000-7}\">Case notification panel [CDC.PHIN]</span>; <span title=\"Codes: {http://loinc.org 77968-6}\">National reporting jurisdiction</span>; <span title=\"Codes: {urn:oid:2.16.840.1.113883.6.92 13}\">Georgia</span></a></li><li><a href=\"Observation-HAICA-TC-CNP-Member4.html\">Generated Summary: <span title=\"Codes: {http://loinc.org 78000-7}\">Case notification panel [CDC.PHIN]</span>; <span title=\"Codes: {http://loinc.org 77989-2}\">Disease transmission mode</span>; <span title=\"Codes: {http://snomed.info/sct 418375005}\">Indeterminate disease transmission mode</span></a></li><li><a href=\"Observation-HAICA-TC-CNP-Member5.html\">Generated Summary: <span title=\"Codes: {http://loinc.org 78000-7}\">Case notification panel [CDC.PHIN]</span>; <span title=\"Codes: {http://loinc.org 77996-7}\">Pregnancy status at time of illness or condition</span>; <span title=\"Codes: {http://terminology.hl7.org/CodeSystem/v2-0532 N}\">No</span></a></li><li><a href=\"Observation-HAICA-TC-CNP-Member6.html\">Generated Summary: <span title=\"Codes: {http://loinc.org 78000-7}\">Case notification panel [CDC.PHIN]</span>; <span title=\"Codes: {http://loinc.org 77998-3}\">Age at time of case investigation</span>; 78 year</a></li></ul></div>"
  },
  "status": "final",
  "category": [
    {
      "coding": [
        {
          "system": "http://loinc.org",
          "code": "78000-7",
          "display": "Case notification panel [CDC.PHIN]"
        }
      ]
    }
  ],
  "code": {
    "coding": [
      {
        "system": "http://loinc.org",
        "code": "78000-7",
        "display": "Case notification panel [CDC.PHIN]"
      }
    ]
  },
  "subject": {
    "reference": "Patient/HAICA-TC-Patient",
    "display": "HAICA-TC Example Patient"
  },
  "hasMember": [
    {
      "reference": "Observation/HAICA-TC-MMWR"
    },
    {
      "reference": "Observation/HAICA-TC-CNP-Member1"
    },
    {
      "reference": "Observation/HAICA-TC-CNP-Member2"
    },
    {
      "reference": "Observation/HAICA-TC-CNP-Member3"
    },
    {
      "reference": "Observation/HAICA-TC-CNP-Member4"
    },
    {
      "reference": "Observation/HAICA-TC-CNP-Member5"
    },
    {
      "reference": "Observation/HAICA-TC-CNP-Member6"
    }
  ]
}