{
  "resourceType": "Observation",
  "id": "HAICA-TC-MMWR",
  "meta": {
    "profile": [
      "http://cbsig.chai.gatech.edu/StructureDefinition/cbs-mmwr"
    ]
  },
  "text": {
    "status": "generated",
    "div": "<div xmlns=\"http://www.w3.org/1999/xhtml\"><p><b>Generated Narrative</b></p><div style=\"display: inline-block; background-color: #d9e0e7; padding: 6px; margin: 4px; border: 1px solid #8da1b4; border-radius: 5px; line-height: 60%\"><p style=\"margin-bottom: 0px\">Resource \"HAICA-TC-MMWR\" </p><p style=\"margin-bottom: 0px\">Profile: <a href=\"StructureDefinition-cbs-mmwr.html\">Case Based Surveillance Morbidity and Mortality Weekly Report (MMWR) Elements</a></p></div><p><b>status</b>: final</p><p><b>category</b>: Case notification panel [CDC.PHIN] <span style=\"background: LightGoldenRodYellow; margin: 4px; border: 1px solid khaki\"> (<a href=\"https://loinc.org/\">LOINC</a>#78000-7)</span></p><p><b>code</b>: MMWR Week/Year <span style=\"background: LightGoldenRodYellow; margin: 4px; border: 1px solid khaki\"> (<a href=\"CodeSystem-cbs-temp-code-system.html\">Case Based Surveillance temporary/placeholder code system.</a>#MMWR)</span></p><p><b>subject</b>: <a href=\"Patient-HAICA-TC-Patient.html\">Patient/HAICA-TC-Patient: HAI-CA TC Example Patient</a> \" YYYYY\"</p><blockquote><p><b>component</b></p><p><b>code</b>: MMWR Week [CDC.PHIN] <span style=\"background: LightGoldenRodYellow; margin: 4px; border: 1px solid khaki\"> (<a href=\"https://loinc.org/\">LOINC</a>#77991-8)</span></p><p><b>value</b>: 48</p></blockquote><blockquote><p><b>component</b></p><p><b>code</b>: MMWR Year [CDC.PHIN] <span style=\"background: LightGoldenRodYellow; margin: 4px; border: 1px solid khaki\"> (<a href=\"https://loinc.org/\">LOINC</a>#77992-6)</span></p><p><b>value</b>: 2018</p></blockquote></div>"
  },
  "status": "final",
  "category": [
    {
      "coding": [
        {
          "system": "http://loinc.org",
          "code": "78000-7",
          "display": "Case notification panel [CDC.PHIN]"
        }
      ]
    }
  ],
  "code": {
    "coding": [
      {
        "system": "http://cbsig.chai.gatech.edu/CodeSystem/cbs-temp-code-system",
        "code": "MMWR"
      }
    ]
  },
  "subject": {
    "reference": "Patient/HAICA-TC-Patient",
    "display": "HAI-CA TC Example Patient"
  },
  "component": [
    {
      "code": {
        "coding": [
          {
            "system": "http://loinc.org",
            "code": "77991-8"
          }
        ]
      },
      "valueInteger": 48
    },
    {
      "code": {
        "coding": [
          {
            "system": "http://loinc.org",
            "code": "77992-6"
          }
        ]
      },
      "valueInteger": 2018
    }
  ]
}