{
  "resourceType": "Observation",
  "id": "STD-TC-EQ3",
  "meta": {
    "profile": [
      "http://cbsig.chai.gatech.edu/StructureDefinition/cbs-epi-questionnaire-panel"
    ]
  },
  "text": {
    "status": "generated",
    "div": "<div xmlns=\"http://www.w3.org/1999/xhtml\"><p><b>Generated Narrative</b></p><div style=\"display: inline-block; background-color: #d9e0e7; padding: 6px; margin: 4px; border: 1px solid #8da1b4; border-radius: 5px; line-height: 60%\"><p style=\"margin-bottom: 0px\">Resource \"STD-TC-EQ3\" </p><p style=\"margin-bottom: 0px\">Profile: <a href=\"StructureDefinition-cbs-epi-questionnaire-panel.html\">Case Based Surveillance Epi Questionnaire Panel</a></p></div><p><b>status</b>: final</p><p><b>category</b>: Case Based Surveillance Epi Questionnaire Panel <span style=\"background: LightGoldenRodYellow; margin: 4px; border: 1px solid khaki\"> (<a href=\"CodeSystem-cbs-temp-code-system.html\">Case Based Surveillance temporary/placeholder code system.</a>#epi-questionnaire)</span></p><p><b>code</b>: Had Sex with an Anonymous Partner within the Past 12 Months <span style=\"background: LightGoldenRodYellow; margin: 4px; border: 1px solid khaki\"> (unknown#STD109)</span></p><p><b>subject</b>: <a href=\"Patient-STD-TC-Patient.html\">Patient/STD-TC-Patient: STD-TC Example Patient</a> \" WWWWW\"</p><p><b>value</b>: Yes <span style=\"background: LightGoldenRodYellow; margin: 4px; border: 1px solid khaki\"> (<a href=\"http://terminology.hl7.org/3.0.0/CodeSystem-v2-0532.html\">expandedYes-NoIndicator</a>#Y)</span></p></div>"
  },
  "status": "final",
  "category": [
    {
      "coding": [
        {
          "system": "http://cbsig.chai.gatech.edu/CodeSystem/cbs-temp-code-system",
          "code": "epi-questionnaire"
        }
      ]
    }
  ],
  "code": {
    "coding": [
      {
        "system": "urn:oid:2.16.840.1.114222.4.5.232",
        "code": "STD109",
        "display": "Had Sex with an Anonymous Partner within the Past 12 Months"
      }
    ]
  },
  "subject": {
    "reference": "Patient/STD-TC-Patient",
    "display": "STD-TC Example Patient"
  },
  "valueCodeableConcept": {
    "coding": [
      {
        "system": "http://terminology.hl7.org/CodeSystem/v2-0532",
        "code": "Y",
        "display": "Yes"
      }
    ]
  }
}