{
  "resourceType": "Observation",
  "id": "Lyme-TC-CNP-Member2",
  "meta": {
    "profile": [
      "http://cbsig.chai.gatech.edu/StructureDefinition/cbs-reporting-state"
    ]
  },
  "text": {
    "status": "generated",
    "div": "<div xmlns=\"http://www.w3.org/1999/xhtml\"><p><b>Generated Narrative</b></p><div style=\"display: inline-block; background-color: #d9e0e7; padding: 6px; margin: 4px; border: 1px solid #8da1b4; border-radius: 5px; line-height: 60%\"><p style=\"margin-bottom: 0px\">Resource \"Lyme-TC-CNP-Member2\" </p><p style=\"margin-bottom: 0px\">Profile: <a href=\"StructureDefinition-cbs-reporting-state.html\">Case Based Surveillance Reporting State</a></p></div><p><b>status</b>: final</p><p><b>category</b>: Case notification panel [CDC.PHIN] <span style=\"background: LightGoldenRodYellow; margin: 4px; border: 1px solid khaki\"> (<a href=\"https://loinc.org/\">LOINC</a>#78000-7)</span></p><p><b>code</b>: Reporting State <span style=\"background: LightGoldenRodYellow; margin: 4px; border: 1px solid khaki\"> (<a href=\"https://loinc.org/\">LOINC</a>#77966-0)</span></p><p><b>subject</b>: <a href=\"Patient-Lyme-TC-Patient.html\">Patient/Lyme-TC-Patient: Lyme-TC Example Patient</a> \"\"</p><p><b>value</b>: Tennessee <span style=\"background: LightGoldenRodYellow; margin: 4px; border: 1px solid khaki\"> (unknown#47)</span></p></div>"
  },
  "status": "final",
  "category": [
    {
      "coding": [
        {
          "system": "http://loinc.org",
          "code": "78000-7",
          "display": "Case notification panel [CDC.PHIN]"
        }
      ]
    }
  ],
  "code": {
    "coding": [
      {
        "system": "http://loinc.org",
        "code": "77966-0",
        "display": "Reporting State"
      }
    ]
  },
  "subject": {
    "reference": "Patient/Lyme-TC-Patient",
    "display": "Lyme-TC Example Patient"
  },
  "valueCodeableConcept": {
    "coding": [
      {
        "system": "urn:oid:2.16.840.1.113883.6.92",
        "code": "47",
        "display": "Tennessee"
      }
    ]
  }
}