{
  "resourceType": "Observation",
  "id": "STD-TC-InitialHealthExam",
  "text": {
    "status": "generated",
    "div": "<div xmlns=\"http://www.w3.org/1999/xhtml\"><p><b>Generated Narrative</b></p><div style=\"display: inline-block; background-color: #d9e0e7; padding: 6px; margin: 4px; border: 1px solid #8da1b4; border-radius: 5px; line-height: 60%\"><p style=\"margin-bottom: 0px\">Resource \"STD-TC-InitialHealthExam\" </p></div><p><b>status</b>: final</p><p><b>code</b>: Date of Initial Health Exam Associated with Case Report Health Event <span style=\"background: LightGoldenRodYellow; margin: 4px; border: 1px solid khaki\"> (unknown#STD099)</span></p><p><b>subject</b>: <a href=\"Patient-STD-TC-Patient.html\">Patient/STD-TC-Patient: STD-TC Example Patient</a> \"\"</p><p><b>value</b>: 2014-01-17</p></div>"
  },
  "status": "final",
  "code": {
    "coding": [
      {
        "system": "urn:oid:2.16.840.1.114222.4.5.232",
        "code": "STD099",
        "display": "Date of Initial Health Exam Associated with Case Report Health Event"
      }
    ]
  },
  "subject": {
    "reference": "Patient/STD-TC-Patient",
    "display": "STD-TC Example Patient"
  },
  "valueDateTime": "2014-01-17"
}