{
  "resourceType": "Observation",
  "id": "STD-TC-EpiQuestionnaire",
  "meta": {
    "profile": [
      "http://cbsig.chai.gatech.edu/StructureDefinition/cbs-epi-questionnaire-panel"
    ]
  },
  "text": {
    "status": "generated",
    "div": "<div xmlns=\"http://www.w3.org/1999/xhtml\"><p><b>Generated Narrative</b></p><div style=\"display: inline-block; background-color: #d9e0e7; padding: 6px; margin: 4px; border: 1px solid #8da1b4; border-radius: 5px; line-height: 60%\"><p style=\"margin-bottom: 0px\">Resource \"STD-TC-EpiQuestionnaire\" </p><p style=\"margin-bottom: 0px\">Profile: <a href=\"StructureDefinition-cbs-epi-questionnaire-panel.html\">Case Based Surveillance Epi Questionnaire Panel</a></p></div><p><b>status</b>: final</p><p><b>category</b>: Case Based Surveillance Epi Questionnaire Panel <span style=\"background: LightGoldenRodYellow; margin: 4px; border: 1px solid khaki\"> (<a href=\"CodeSystem-cbs-temp-code-system.html\">Case Based Surveillance temporary/placeholder code system.</a>#epi-questionnaire)</span></p><p><b>code</b>: STD Program Questionnaire Panel <span style=\"background: LightGoldenRodYellow; margin: 4px; border: 1px solid khaki\"> (<a href=\"CodeSystem-cbs-temp-code-system.html\">Case Based Surveillance temporary/placeholder code system.</a>#std-program-questionnaire-panel)</span></p><p><b>subject</b>: <a href=\"Patient-STD-TC-Patient.html\">Patient/STD-TC-Patient: STD-TC Example Patient</a> \" WWWWW\"</p><p><b>hasMember</b>: </p><ul><li><a href=\"Observation-STD-TC-EQ1.html\">Observation/STD-TC-EQ1</a></li><li><a href=\"Observation-STD-TC-EQ2.html\">Observation/STD-TC-EQ2</a></li><li><a href=\"Observation-STD-TC-EQ3.html\">Observation/STD-TC-EQ3</a></li><li><a href=\"Observation-STD-TC-EQ4.html\">Observation/STD-TC-EQ4</a></li><li><a href=\"Observation-STD-TC-EQ5.html\">Observation/STD-TC-EQ5</a></li><li><a href=\"Observation-STD-TC-EQ6.html\">Observation/STD-TC-EQ6</a></li><li><a href=\"Observation-STD-TC-EQ7.html\">Observation/STD-TC-EQ7</a></li><li><a href=\"Observation-STD-TC-EQ8.html\">Observation/STD-TC-EQ8</a></li><li><a href=\"Observation-STD-TC-EQ9.html\">Observation/STD-TC-EQ9</a></li><li><a href=\"Observation-STD-TC-EQ10.html\">Observation/STD-TC-EQ10</a></li><li><a href=\"Observation-STD-TC-EQ11.html\">Observation/STD-TC-EQ11</a></li><li><a href=\"Observation-STD-TC-EQ12.html\">Observation/STD-TC-EQ12</a></li><li><a href=\"Observation-STD-TC-EQ13.html\">Observation/STD-TC-EQ13</a></li></ul></div>"
  },
  "status": "final",
  "category": [
    {
      "coding": [
        {
          "system": "http://cbsig.chai.gatech.edu/CodeSystem/cbs-temp-code-system",
          "code": "epi-questionnaire"
        }
      ]
    }
  ],
  "code": {
    "coding": [
      {
        "system": "http://cbsig.chai.gatech.edu/CodeSystem/cbs-temp-code-system",
        "code": "std-program-questionnaire-panel"
      }
    ]
  },
  "subject": {
    "reference": "Patient/STD-TC-Patient",
    "display": "STD-TC Example Patient"
  },
  "hasMember": [
    {
      "reference": "Observation/STD-TC-EQ1"
    },
    {
      "reference": "Observation/STD-TC-EQ2"
    },
    {
      "reference": "Observation/STD-TC-EQ3"
    },
    {
      "reference": "Observation/STD-TC-EQ4"
    },
    {
      "reference": "Observation/STD-TC-EQ5"
    },
    {
      "reference": "Observation/STD-TC-EQ6"
    },
    {
      "reference": "Observation/STD-TC-EQ7"
    },
    {
      "reference": "Observation/STD-TC-EQ8"
    },
    {
      "reference": "Observation/STD-TC-EQ9"
    },
    {
      "reference": "Observation/STD-TC-EQ10"
    },
    {
      "reference": "Observation/STD-TC-EQ11"
    },
    {
      "reference": "Observation/STD-TC-EQ12"
    },
    {
      "reference": "Observation/STD-TC-EQ13"
    }
  ]
}