{
  "resourceType": "Observation",
  "id": "Lyme-TC-CNP-Member10",
  "meta": {
    "profile": [
      "http://cbsig.chai.gatech.edu/StructureDefinition/cbs-cnp-member"
    ]
  },
  "text": {
    "status": "generated",
    "div": "<div xmlns=\"http://www.w3.org/1999/xhtml\"><p><b>Generated Narrative</b></p><p></p><p><b>category</b>: <span title=\"Codes: {http://loinc.org 78000-7}\">Case notification panel [CDC.PHIN]</span></p><p><b>code</b>: <span title=\"Codes: {http://cbsig.chai.gatech.edu/CodeSystem/cbs-temp-code-system case-outbreak}\">Case Outbreak Name and Indicator</span></p><p><b>subject</b>: <a href=\"Patient-Lyme-TC-Patient.html\">Lyme-TC Example Patient. Generated Summary: Local Record ID: TickborneLyme_TC01, Local Subject ID: TickborneLyme_TC01, Legacy Case Identifier: 34022747S012018, State Case Identifier: 340227; Xxxxx, Ccccc; gender: male; birthDate: 1993-06-01</a></p><h3>Components</h3><table class=\"grid\"><tr><td>-</td><td><b>Code</b></td><td><b>Value[x]</b></td></tr><tr><td>*</td><td><span title=\"Codes: {http://loinc.org 77980-1}\">Case is associated with a known outbreak</span></td><td><span title=\"Codes: {http://terminology.hl7.org/CodeSystem/v2-0005 N}\">No</span></td></tr></table></div>"
  },
  "status": "final",
  "category": [
    {
      "coding": [
        {
          "system": "http://loinc.org",
          "code": "78000-7",
          "display": "Case notification panel [CDC.PHIN]"
        }
      ]
    }
  ],
  "code": {
    "coding": [
      {
        "system": "http://cbsig.chai.gatech.edu/CodeSystem/cbs-temp-code-system",
        "code": "case-outbreak",
        "display": "Case Outbreak Name and Indicator"
      }
    ]
  },
  "subject": {
    "reference": "Patient/Lyme-TC-Patient",
    "display": "Lyme-TC Example Patient"
  },
  "component": [
    {
      "code": {
        "coding": [
          {
            "system": "http://loinc.org",
            "code": "77980-1"
          }
        ]
      },
      "valueCodeableConcept": {
        "coding": [
          {
            "system": "http://terminology.hl7.org/CodeSystem/v2-0005",
            "code": "N",
            "display": "No"
          }
        ]
      }
    }
  ]
}