{
  "resourceType": "Observation",
  "id": "GenV2-TC-CNP-Member15",
  "meta": {
    "profile": [
      "http://cbsig.chai.gatech.edu/StructureDefinition/cbs-cnp-member"
    ]
  },
  "text": {
    "status": "generated",
    "div": "<div xmlns=\"http://www.w3.org/1999/xhtml\"><p><b>Generated Narrative</b></p><div style=\"display: inline-block; background-color: #d9e0e7; padding: 6px; margin: 4px; border: 1px solid #8da1b4; border-radius: 5px; line-height: 60%\"><p style=\"margin-bottom: 0px\">Resource \"GenV2-TC-CNP-Member15\" </p><p style=\"margin-bottom: 0px\">Profile: <a href=\"StructureDefinition-cbs-cnp-member.html\">Case Based Surveillance Case Notification Panel Member</a></p></div><p><b>status</b>: final</p><p><b>category</b>: Case notification panel [CDC.PHIN] <span style=\"background: LightGoldenRodYellow; margin: 4px; border: 1px solid khaki\"> (<a href=\"https://loinc.org/\">LOINC</a>#78000-7)</span></p><p><b>code</b>: Age at time of case investigation <span style=\"background: LightGoldenRodYellow; margin: 4px; border: 1px solid khaki\"> (<a href=\"https://loinc.org/\">LOINC</a>#77998-3)</span></p><p><b>subject</b>: <a href=\"Patient-GenV2-TC-Patient.html\">Patient/GenV2-TC-Patient: GenV2-TC Example Patient</a> \" ZZZZZ\"</p><p><b>value</b>: 49</p></div>"
  },
  "status": "final",
  "category": [
    {
      "coding": [
        {
          "system": "http://loinc.org",
          "code": "78000-7",
          "display": "Case notification panel [CDC.PHIN]"
        }
      ]
    }
  ],
  "code": {
    "coding": [
      {
        "system": "http://loinc.org",
        "code": "77998-3",
        "display": "Age at time of case investigation"
      }
    ]
  },
  "subject": {
    "reference": "Patient/GenV2-TC-Patient",
    "display": "GenV2-TC Example Patient"
  },
  "valueInteger": 49
}