{
  "resourceType": "Observation",
  "id": "STD-TC-CNP",
  "meta": {
    "profile": [
      "http://cbsig.chai.gatech.edu/StructureDefinition/cbs-case-notification-panel"
    ]
  },
  "text": {
    "status": "generated",
    "div": "<div xmlns=\"http://www.w3.org/1999/xhtml\"><p><b>Generated Narrative</b></p><div style=\"display: inline-block; background-color: #d9e0e7; padding: 6px; margin: 4px; border: 1px solid #8da1b4; border-radius: 5px; line-height: 60%\"><p style=\"margin-bottom: 0px\">Resource \"STD-TC-CNP\" </p><p style=\"margin-bottom: 0px\">Profile: <a href=\"StructureDefinition-cbs-case-notification-panel.html\">Case Based Surveillance Case Notification Panel Profile</a></p></div><p><b>status</b>: final</p><p><b>category</b>: Case notification panel [CDC.PHIN] <span style=\"background: LightGoldenRodYellow; margin: 4px; border: 1px solid khaki\"> (<a href=\"https://loinc.org/\">LOINC</a>#78000-7)</span></p><p><b>code</b>: Case notification panel [CDC.PHIN] <span style=\"background: LightGoldenRodYellow; margin: 4px; border: 1px solid khaki\"> (<a href=\"https://loinc.org/\">LOINC</a>#78000-7)</span></p><p><b>subject</b>: <a href=\"Patient-STD-TC-Patient.html\">Patient/STD-TC-Patient: STD-TC Example Patient</a> \"\"</p><p><b>hasMember</b>: </p><ul><li><a href=\"Observation-STD-TC-MMWR.html\">Observation/STD-TC-MMWR</a></li><li><a href=\"Observation-STD-TC-Exposure.html\">Observation/STD-TC-Exposure</a></li><li><a href=\"Observation-STD-TC-CNP-Member1.html\">Observation/STD-TC-CNP-Member1</a></li><li><a href=\"Observation-STD-TC-CNP-Member2.html\">Observation/STD-TC-CNP-Member2</a></li><li><a href=\"Observation-STD-TC-CNP-Member3.html\">Observation/STD-TC-CNP-Member3</a></li><li><a href=\"Observation-STD-TC-CNP-Member4.html\">Observation/STD-TC-CNP-Member4</a></li><li><a href=\"Observation-STD-TC-CNP-Member5.html\">Observation/STD-TC-CNP-Member5</a></li><li><a href=\"Observation-STD-TC-CNP-Member6.html\">Observation/STD-TC-CNP-Member6</a></li><li><a href=\"Observation-STD-TC-CNP-Member7.html\">Observation/STD-TC-CNP-Member7</a></li><li><a href=\"Observation-STD-TC-CNP-Member8.html\">Observation/STD-TC-CNP-Member8</a></li><li><a href=\"Observation-STD-TC-CNP-Member9.html\">Observation/STD-TC-CNP-Member9</a></li><li><a href=\"Observation-STD-TC-CNP-Member10.html\">Observation/STD-TC-CNP-Member10</a></li><li><a href=\"Observation-STD-TC-CNP-Member11.html\">Observation/STD-TC-CNP-Member11</a></li><li><a href=\"Observation-STD-TC-CNP-Member12.html\">Observation/STD-TC-CNP-Member12</a></li><li><a href=\"Observation-STD-TC-CNP-Member13.html\">Observation/STD-TC-CNP-Member13</a></li><li><a href=\"Observation-STD-TC-CNP-Member14.html\">Observation/STD-TC-CNP-Member14</a></li><li><a href=\"Observation-STD-TC-CNP-Member15.html\">Observation/STD-TC-CNP-Member15</a></li></ul></div>"
  },
  "status": "final",
  "category": [
    {
      "coding": [
        {
          "system": "http://loinc.org",
          "code": "78000-7",
          "display": "Case notification panel [CDC.PHIN]"
        }
      ]
    }
  ],
  "code": {
    "coding": [
      {
        "system": "http://loinc.org",
        "code": "78000-7",
        "display": "Case notification panel [CDC.PHIN]"
      }
    ]
  },
  "subject": {
    "reference": "Patient/STD-TC-Patient",
    "display": "STD-TC Example Patient"
  },
  "hasMember": [
    {
      "reference": "Observation/STD-TC-MMWR"
    },
    {
      "reference": "Observation/STD-TC-Exposure"
    },
    {
      "reference": "Observation/STD-TC-CNP-Member1"
    },
    {
      "reference": "Observation/STD-TC-CNP-Member2"
    },
    {
      "reference": "Observation/STD-TC-CNP-Member3"
    },
    {
      "reference": "Observation/STD-TC-CNP-Member4"
    },
    {
      "reference": "Observation/STD-TC-CNP-Member5"
    },
    {
      "reference": "Observation/STD-TC-CNP-Member6"
    },
    {
      "reference": "Observation/STD-TC-CNP-Member7"
    },
    {
      "reference": "Observation/STD-TC-CNP-Member8"
    },
    {
      "reference": "Observation/STD-TC-CNP-Member9"
    },
    {
      "reference": "Observation/STD-TC-CNP-Member10"
    },
    {
      "reference": "Observation/STD-TC-CNP-Member11"
    },
    {
      "reference": "Observation/STD-TC-CNP-Member12"
    },
    {
      "reference": "Observation/STD-TC-CNP-Member13"
    },
    {
      "reference": "Observation/STD-TC-CNP-Member14"
    },
    {
      "reference": "Observation/STD-TC-CNP-Member15"
    }
  ]
}