{
  "resourceType": "Observation",
  "id": "STD-TC-Lab-Observation-AST",
  "meta": {
    "profile": [
      "http://cbsig.chai.gatech.edu/StructureDefinition/cbs-lab-observation"
    ]
  },
  "text": {
    "status": "generated",
    "div": "<div xmlns=\"http://www.w3.org/1999/xhtml\"><p><b>Generated Narrative</b></p><div style=\"display: inline-block; background-color: #d9e0e7; padding: 6px; margin: 4px; border: 1px solid #8da1b4; border-radius: 5px; line-height: 60%\"><p style=\"margin-bottom: 0px\">Resource \"STD-TC-Lab-Observation-AST\" </p><p style=\"margin-bottom: 0px\">Profile: <a href=\"StructureDefinition-cbs-lab-observation.html\">Case Based Surveillance Lab Observation</a></p></div><p><b>status</b>: final</p><p><b>category</b>: Laboratory <span style=\"background: LightGoldenRodYellow; margin: 4px; border: 1px solid khaki\"> (<a href=\"http://terminology.hl7.org/3.0.0/CodeSystem-observation-category.html\">Observation Category Codes</a>#laboratory)</span></p><p><b>code</b>: Azithromycin [Susceptibility] <span style=\"background: LightGoldenRodYellow; margin: 4px; border: 1px solid khaki\"> (<a href=\"https://loinc.org/\">LOINC</a>#18866-4)</span></p><p><b>subject</b>: <a href=\"Patient-STD-TC-Patient.html\">Patient/STD-TC-Patient: STD-TC Example Patient</a> \" WWWWW\"</p><p><b>value</b>: 64 mcg/mL<span style=\"background: LightGoldenRodYellow\"> (Details: UCUM code ug/ML = 'ug/ML')</span></p><p><b>interpretation</b>: Resistant <span style=\"background: LightGoldenRodYellow; margin: 4px; border: 1px solid khaki\"> (<a href=\"https://browser.ihtsdotools.org/\">SNOMED CT</a>#30714006)</span></p><p><b>method</b>: Gradient strip susceptibility test <span style=\"background: LightGoldenRodYellow; margin: 4px; border: 1px solid khaki\"> (<a href=\"https://browser.ihtsdotools.org/\">SNOMED CT</a>#104234003)</span></p><p><b>specimen</b>: <a href=\"Specimen-STD-TC-Specimen-AST.html\">Specimen/STD-TC-Specimen-AST</a></p></div>"
  },
  "status": "final",
  "category": [
    {
      "coding": [
        {
          "system": "http://terminology.hl7.org/CodeSystem/observation-category",
          "code": "laboratory"
        }
      ]
    }
  ],
  "code": {
    "coding": [
      {
        "system": "http://loinc.org",
        "code": "18866-4",
        "display": "Azithromycin [Susceptibility]"
      }
    ]
  },
  "subject": {
    "reference": "Patient/STD-TC-Patient",
    "display": "STD-TC Example Patient"
  },
  "valueQuantity": {
    "value": 64,
    "unit": "mcg/mL",
    "system": "http://unitsofmeasure.org",
    "code": "ug/ML"
  },
  "interpretation": [
    {
      "coding": [
        {
          "system": "http://snomed.info/sct",
          "code": "30714006",
          "display": "Resistant"
        }
      ]
    }
  ],
  "method": {
    "coding": [
      {
        "system": "http://snomed.info/sct",
        "code": "104234003",
        "display": "Gradient strip susceptibility test"
      }
    ]
  },
  "specimen": {
    "reference": "Specimen/STD-TC-Specimen-AST"
  }
}