{
  "resourceType": "Observation",
  "id": "STD-TC-CNP-Member10",
  "meta": {
    "profile": [
      "http://cbsig.chai.gatech.edu/StructureDefinition/cbs-cnp-member"
    ]
  },
  "text": {
    "status": "generated",
    "div": "<div xmlns=\"http://www.w3.org/1999/xhtml\"><p><b>Generated Narrative</b></p><div style=\"display: inline-block; background-color: #d9e0e7; padding: 6px; margin: 4px; border: 1px solid #8da1b4; border-radius: 5px; line-height: 60%\"><p style=\"margin-bottom: 0px\">Resource \"STD-TC-CNP-Member10\" </p><p style=\"margin-bottom: 0px\">Profile: <a href=\"StructureDefinition-cbs-cnp-member.html\">Case Based Surveillance Case Notification Panel Member</a></p></div><p><b>status</b>: final</p><p><b>category</b>: Case notification panel [CDC.PHIN] <span style=\"background: LightGoldenRodYellow; margin: 4px; border: 1px solid khaki\"> (<a href=\"https://loinc.org/\">LOINC</a>#78000-7)</span></p><p><b>code</b>: Case Outbreak Name and Indicator <span style=\"background: LightGoldenRodYellow; margin: 4px; border: 1px solid khaki\"> (<a href=\"CodeSystem-cbs-temp-code-system.html\">Case Based Surveillance temporary/placeholder code system.</a>#case-outbreak)</span></p><p><b>subject</b>: <a href=\"Patient-STD-TC-Patient.html\">Patient/STD-TC-Patient: STD-TC Example Patient</a> \" WWWWW\"</p><h3>Components</h3><table class=\"grid\"><tr><td>-</td><td><b>Code</b></td><td><b>Value[x]</b></td></tr><tr><td>*</td><td>Case is associated with a known outbreak <span style=\"background: LightGoldenRodYellow; margin: 4px; border: 1px solid khaki\"> (<a href=\"https://loinc.org/\">LOINC</a>#77980-1)</span></td><td>No <span style=\"background: LightGoldenRodYellow; margin: 4px; border: 1px solid khaki\"> (<a href=\"http://terminology.hl7.org/3.0.0/CodeSystem-v2-0005.html\">PH_RaceAndEthnicity_CDC</a>#N)</span></td></tr></table></div>"
  },
  "status": "final",
  "category": [
    {
      "coding": [
        {
          "system": "http://loinc.org",
          "code": "78000-7",
          "display": "Case notification panel [CDC.PHIN]"
        }
      ]
    }
  ],
  "code": {
    "coding": [
      {
        "system": "http://cbsig.chai.gatech.edu/CodeSystem/cbs-temp-code-system",
        "code": "case-outbreak",
        "display": "Case Outbreak Name and Indicator"
      }
    ]
  },
  "subject": {
    "reference": "Patient/STD-TC-Patient",
    "display": "STD-TC Example Patient"
  },
  "component": [
    {
      "code": {
        "coding": [
          {
            "system": "http://loinc.org",
            "code": "77980-1"
          }
        ]
      },
      "valueCodeableConcept": {
        "coding": [
          {
            "system": "http://terminology.hl7.org/CodeSystem/v2-0005",
            "code": "N",
            "display": "No"
          }
        ]
      }
    }
  ]
}