{
  "resourceType": "Observation",
  "id": "STD-TC-HIVStatusDocumented",
  "text": {
    "status": "generated",
    "div": "<div xmlns=\"http://www.w3.org/1999/xhtml\"><p><b>Generated Narrative</b></p><p></p><p><b>code</b>: <span title=\"Codes: {urn:oid:2.16.840.1.114222.4.5.232 INV892}\">HIV Status Documented Through eHARS Record Search</span></p><p><b>subject</b>: <a href=\"Patient-STD-TC-Patient.html\">STD-TC Example Patient. Generated Summary: Local Record ID: STD_TC05, Local Subject ID: STD_TC05; Wwwww, Ddddd; gender: female; birthDate: 1994-03-02</a></p><p><b>value</b>: <span title=\"Codes: {http://terminology.hl7.org/CodeSystem/v3-NullFlavor UNK}\">Unknown</span></p></div>"
  },
  "status": "final",
  "code": {
    "coding": [
      {
        "system": "urn:oid:2.16.840.1.114222.4.5.232",
        "code": "INV892",
        "display": "HIV Status Documented Through eHARS Record Search"
      }
    ]
  },
  "subject": {
    "reference": "Patient/STD-TC-Patient",
    "display": "STD-TC Example Patient"
  },
  "valueCodeableConcept": {
    "coding": [
      {
        "system": "http://terminology.hl7.org/CodeSystem/v3-NullFlavor",
        "code": "UNK",
        "display": "Unknown"
      }
    ]
  }
}