{
  "resourceType": "Patient",
  "id": "GenV2-TC-Patient",
  "meta": {
    "profile": [
      "http://cbsig.chai.gatech.edu/StructureDefinition/cbs-patient"
    ]
  },
  "text": {
    "status": "extensions",
    "div": "<div xmlns=\"http://www.w3.org/1999/xhtml\"><p><b>Generated Narrative</b></p><blockquote><p><b>Case Based Surveillance Race Extension</b></p><p><b>value</b>: <span title=\"{urn:oid:2.16.840.1.113883.6.238 2106-3}\">White</span></p><p><b>value</b>: <span title=\"{urn:oid:2.16.840.1.113883.6.238 1010-8}\">Apache</span></p><p><b>value</b>: Apache</p><p><b>value</b>: Mixed</p></blockquote><blockquote><p><b>Case Based Surveillance Ethnicity Extension</b></p><p><b>value</b>: Not Hispanic or Latino</p><p><b>value</b>: <span title=\"{urn:oid:2.16.840.1.113883.6.238 2186-5}\">Not Hispanic or Latino</span></p></blockquote><p><b>Case Based Surveillance Sex Assigned at Birth Extension</b>: <span title=\"Codes: {http://terminology.hl7.org/CodeSystem/v2-0001 F}\">Female</span></p><p><b>Birth Place</b>: USA </p><p><b>genderIdentity</b>: <span title=\"Codes: {http://snomed.info/sct 12271241000119109}\">Transgender identity</span></p><p><b>identifier</b>: Local Record ID: GenV2_TC01_Record, Local Subject ID: GenV2_TC01_Subject, Legacy Case Identifier: 48432148S012014, State Case Identifier: TX4321</p><p><b>gender</b>: female</p><p><b>birthDate</b>: 1964-05-02</p><p><b>deceased</b>: 2014-03-02</p><p><b>address</b>: </p><ul><li></li></ul><p><b style=\"color: maroon\">Exception generating Narrative: Unknown AddressUse code 'Address-at-Diagnosis'</b></p></div>"
  },
  "extension": [
    {
      "extension": [
        {
          "url": "ombCategory",
          "valueCoding": {
            "system": "urn:oid:2.16.840.1.113883.6.238",
            "code": "2106-3",
            "display": "White"
          }
        },
        {
          "url": "detailed",
          "valueCoding": {
            "system": "urn:oid:2.16.840.1.113883.6.238",
            "code": "1010-8",
            "display": "Apache"
          }
        },
        {
          "url": "otherRace",
          "valueString": "Apache"
        },
        {
          "url": "text",
          "valueString": "Mixed"
        }
      ],
      "url": "http://cbsig.chai.gatech.edu/StructureDefinition/cbs-race"
    },
    {
      "extension": [
        {
          "url": "text",
          "valueString": "Not Hispanic or Latino"
        },
        {
          "url": "ombCategory",
          "valueCoding": {
            "system": "urn:oid:2.16.840.1.113883.6.238",
            "code": "2186-5"
          }
        }
      ],
      "url": "http://cbsig.chai.gatech.edu/StructureDefinition/cbs-ethnicity"
    },
    {
      "url": "http://cbsig.chai.gatech.edu/StructureDefinition/cbs-birthsex",
      "valueCodeableConcept": {
        "coding": [
          {
            "system": "http://terminology.hl7.org/CodeSystem/v2-0001",
            "code": "F"
          }
        ]
      }
    },
    {
      "url": "http://hl7.org/fhir/StructureDefinition/patient-birthPlace",
      "valueAddress": {
        "country": "USA"
      }
    },
    {
      "url": "http://hl7.org/fhir/StructureDefinition/patient-genderIdentity",
      "valueCodeableConcept": {
        "coding": [
          {
            "system": "http://snomed.info/sct",
            "code": "12271241000119109"
          }
        ]
      }
    }
  ],
  "identifier": [
    {
      "type": {
        "coding": [
          {
            "system": "http://cbsig.chai.gatech.edu/CodeSystem/cbs-temp-code-system",
            "code": "Local-Record-ID",
            "display": "Local Record ID"
          }
        ],
        "text": "Local Record ID"
      },
      "system": "urn:temp:national-reporting-jurisdiction:48",
      "value": "GenV2_TC01_Record"
    },
    {
      "type": {
        "coding": [
          {
            "system": "http://cbsig.chai.gatech.edu/CodeSystem/cbs-temp-code-system",
            "code": "Local-Subject-ID",
            "display": "Local Subject ID"
          }
        ],
        "text": "Local Subject ID"
      },
      "system": "urn:temp:national-reporting-jurisdiction:48",
      "value": "GenV2_TC01_Subject"
    },
    {
      "type": {
        "coding": [
          {
            "system": "http://loinc.org",
            "code": "77997-5",
            "display": "Legacy case identifier [CDC.PHIN]"
          }
        ],
        "text": "Legacy Case Identifier"
      },
      "system": "urn:temp:national-reporting-jurisdiction:48",
      "value": "48432148S012014"
    },
    {
      "type": {
        "coding": [
          {
            "system": "http://loinc.org",
            "code": "77993-4",
            "display": "State notifiable condition case identifier"
          }
        ],
        "text": "State Case Identifier"
      },
      "system": "urn:temp:national-reporting-jurisdiction:48",
      "value": "TX4321"
    }
  ],
  "gender": "female",
  "birthDate": "1964-05-02",
  "deceasedDateTime": "2014-03-02",
  "address": [
    {
      "use": "Address-at-Diagnosis",
      "district": "Harris",
      "state": "Texas",
      "postalCode": "77018"
    },
    {
      "use": "Usual-Residence",
      "country": "USA"
    }
  ]
}