{
  "resourceType": "Patient",
  "id": "Lyme-TC-Patient",
  "meta": {
    "profile": [
      "http://cbsig.chai.gatech.edu/StructureDefinition/cbs-patient"
    ]
  },
  "text": {
    "status": "extensions",
    "div": "<div xmlns=\"http://www.w3.org/1999/xhtml\"><p><b>Generated Narrative</b></p><div style=\"display: inline-block; background-color: #d9e0e7; padding: 6px; margin: 4px; border: 1px solid #8da1b4; border-radius: 5px; line-height: 60%\"><p style=\"margin-bottom: 0px\">Resource \"Lyme-TC-Patient\" </p><p style=\"margin-bottom: 0px\">Profile: <a href=\"StructureDefinition-cbs-patient.html\">Case Based Surveillance Patient Profile</a></p></div><blockquote><p><b>Case Based Surveillance Ethnicity Extension</b></p><p><b>value</b>: Hispanic or Latino (Details: http://terminology.hl7.org/CodeSystem/v2-0005 code 2135-2 = '2135-2', stated as 'Hispanic or Latino')</p><p><b>value</b>: Hispanic or Latino</p></blockquote><p><b>Birth Place</b>: USA </p><p><b>identifier</b>: Local Record ID: TickborneLyme_TC01, Local Subject ID: TickborneLyme_TC01, Legacy Case Identifier: 34022747S012018, State Case Identifier: 340227</p><p><b>name</b>: Xxxxx, Ccccc</p><p><b>gender</b>: male</p><p><b>birthDate</b>: 1993-06-01</p><p><b>address</b>: </p><ul><li>Tennessee 37209 (HOME)</li><li>USA </li></ul></div>"
  },
  "extension": [
    {
      "extension": [
        {
          "url": "ombCategory",
          "valueCoding": {
            "system": "http://terminology.hl7.org/CodeSystem/v2-0005",
            "code": "2135-2",
            "display": "Hispanic or Latino"
          }
        },
        {
          "url": "text",
          "valueString": "Hispanic or Latino"
        }
      ],
      "url": "http://cbsig.chai.gatech.edu/StructureDefinition/cbs-ethnicity"
    },
    {
      "url": "http://hl7.org/fhir/StructureDefinition/patient-birthPlace",
      "valueAddress": {
        "country": "USA"
      }
    }
  ],
  "identifier": [
    {
      "type": {
        "coding": [
          {
            "system": "http://cbsig.chai.gatech.edu/CodeSystem/cbs-temp-code-system",
            "code": "Local-Record-ID",
            "display": "Local Record ID"
          }
        ],
        "text": "Local Record ID"
      },
      "system": "urn:temp:national-reporting-jurisdiction:48",
      "value": "TickborneLyme_TC01"
    },
    {
      "type": {
        "coding": [
          {
            "system": "http://cbsig.chai.gatech.edu/CodeSystem/cbs-temp-code-system",
            "code": "Local-Subject-ID",
            "display": "Local Subject ID"
          }
        ],
        "text": "Local Subject ID"
      },
      "system": "urn:temp:national-reporting-jurisdiction:48",
      "value": "TickborneLyme_TC01"
    },
    {
      "type": {
        "coding": [
          {
            "system": "http://loinc.org",
            "code": "77997-5",
            "display": "Legacy case identifier [CDC.PHIN]"
          }
        ],
        "text": "Legacy Case Identifier"
      },
      "system": "urn:temp:national-reporting-jurisdiction:48",
      "value": "34022747S012018"
    },
    {
      "type": {
        "coding": [
          {
            "system": "http://loinc.org",
            "code": "77993-4",
            "display": "State notifiable condition case identifier"
          }
        ],
        "text": "State Case Identifier"
      },
      "system": "urn:temp:national-reporting-jurisdiction:48",
      "value": "340227"
    }
  ],
  "name": [
    {
      "text": "Xxxxx, Ccccc",
      "family": "Xxxxx",
      "given": [
        "Ccccc"
      ]
    }
  ],
  "gender": "male",
  "birthDate": "1993-06-01",
  "address": [
    {
      "use": "home",
      "district": "Davidson",
      "state": "Tennessee",
      "postalCode": "37209"
    },
    {
      "extension": [
        {
          "url": "http://cbsig.chai.gatech.edu/StructureDefinition/cbs-cdc-address-use",
          "valueCoding": {
            "system": "http://cbsig.chai.gatech.edu/CodeSystem/cbs-temp-code-system",
            "code": "Usual-Residence"
          }
        }
      ],
      "country": "USA"
    }
  ]
}