{
  "resourceType": "Patient",
  "id": "GenV2-TC-Patient",
  "meta": {
    "profile": [
      "http://cbsig.chai.gatech.edu/StructureDefinition/cbs-patient"
    ]
  },
  "text": {
    "status": "extensions",
    "div": "<div xmlns=\"http://www.w3.org/1999/xhtml\"><p><b>Generated Narrative</b></p><div style=\"display: inline-block; background-color: #d9e0e7; padding: 6px; margin: 4px; border: 1px solid #8da1b4; border-radius: 5px; line-height: 60%\"><p style=\"margin-bottom: 0px\">Resource \"GenV2-TC-Patient\" </p><p style=\"margin-bottom: 0px\">Profile: <a href=\"StructureDefinition-cbs-patient.html\">Case Based Surveillance Patient Profile</a></p></div><blockquote><p><b>Case Based Surveillance Race Extension</b></p><p><b>value</b>: White (Details: http://terminology.hl7.org/CodeSystem/v2-0005 code 2106-3 = '2106-3', stated as 'White')</p><p><b>value</b>: Apache (Details: urn:oid:2.16.840.1.113883.6.238 code 1010-8 = 'Apache', stated as 'Apache')</p><p><b>value</b>: Apache</p><p><b>value</b>: Mixed</p></blockquote><blockquote><p><b>Case Based Surveillance Ethnicity Extension</b></p><p><b>value</b>: Not Hispanic or Latino (Details: http://terminology.hl7.org/CodeSystem/v2-0005 code 2186-5 = '2186-5', stated as 'Not Hispanic or Latino')</p><p><b>value</b>: Not Hispanic or Latino</p></blockquote><p><b>Case Based Surveillance Sex Assigned at Birth Extension</b>: F</p><p><b>Birth Place</b>: USA </p><p><b>identifier</b>: Local Record ID: GenV2_TC01_Record, Local Subject ID: GenV2_TC01_Subject, Legacy Case Identifier: 48432148S012014, State Case Identifier: TX4321</p><p><b>name</b>: Zzzzz, Aaaaa</p><p><b>gender</b>: female</p><p><b>birthDate</b>: 1964-05-02</p><p><b>deceased</b>: 2014-03-02</p><p><b>address</b>: </p><ul><li>Texas 77018 (HOME)</li><li>USA </li></ul></div>"
  },
  "extension": [
    {
      "extension": [
        {
          "url": "ombCategory",
          "valueCoding": {
            "system": "http://terminology.hl7.org/CodeSystem/v2-0005",
            "code": "2106-3",
            "display": "White"
          }
        },
        {
          "url": "detailed",
          "valueCoding": {
            "system": "urn:oid:2.16.840.1.113883.6.238",
            "code": "1010-8",
            "display": "Apache"
          }
        },
        {
          "url": "otherRace",
          "valueString": "Apache"
        },
        {
          "url": "text",
          "valueString": "Mixed"
        }
      ],
      "url": "http://cbsig.chai.gatech.edu/StructureDefinition/cbs-race"
    },
    {
      "extension": [
        {
          "url": "ombCategory",
          "valueCoding": {
            "system": "http://terminology.hl7.org/CodeSystem/v2-0005",
            "code": "2186-5",
            "display": "Not Hispanic or Latino"
          }
        },
        {
          "url": "text",
          "valueString": "Not Hispanic or Latino"
        }
      ],
      "url": "http://cbsig.chai.gatech.edu/StructureDefinition/cbs-ethnicity"
    },
    {
      "url": "http://cbsig.chai.gatech.edu/StructureDefinition/cbs-birthsex",
      "valueCode": "F"
    },
    {
      "url": "http://hl7.org/fhir/StructureDefinition/patient-birthPlace",
      "valueAddress": {
        "country": "USA"
      }
    }
  ],
  "identifier": [
    {
      "type": {
        "coding": [
          {
            "system": "http://cbsig.chai.gatech.edu/CodeSystem/cbs-temp-code-system",
            "code": "Local-Record-ID",
            "display": "Local Record ID"
          }
        ],
        "text": "Local Record ID"
      },
      "system": "urn:temp:national-reporting-jurisdiction:48",
      "value": "GenV2_TC01_Record"
    },
    {
      "type": {
        "coding": [
          {
            "system": "http://cbsig.chai.gatech.edu/CodeSystem/cbs-temp-code-system",
            "code": "Local-Subject-ID",
            "display": "Local Subject ID"
          }
        ],
        "text": "Local Subject ID"
      },
      "system": "urn:temp:national-reporting-jurisdiction:48",
      "value": "GenV2_TC01_Subject"
    },
    {
      "type": {
        "coding": [
          {
            "system": "http://loinc.org",
            "code": "77997-5",
            "display": "Legacy case identifier [CDC.PHIN]"
          }
        ],
        "text": "Legacy Case Identifier"
      },
      "system": "urn:temp:national-reporting-jurisdiction:48",
      "value": "48432148S012014"
    },
    {
      "type": {
        "coding": [
          {
            "system": "http://loinc.org",
            "code": "77993-4",
            "display": "State notifiable condition case identifier"
          }
        ],
        "text": "State Case Identifier"
      },
      "system": "urn:temp:national-reporting-jurisdiction:48",
      "value": "TX4321"
    }
  ],
  "name": [
    {
      "text": "Zzzzz, Aaaaa",
      "family": "Zzzzz",
      "given": [
        "Aaaaa"
      ]
    }
  ],
  "gender": "female",
  "birthDate": "1964-05-02",
  "deceasedDateTime": "2014-03-02",
  "address": [
    {
      "use": "home",
      "district": "Harris",
      "state": "Texas",
      "postalCode": "77018"
    },
    {
      "extension": [
        {
          "url": "http://cbsig.chai.gatech.edu/StructureDefinition/cbs-cdc-address-use",
          "valueCoding": {
            "system": "http://cbsig.chai.gatech.edu/CodeSystem/cbs-temp-code-system",
            "code": "Usual-Residence"
          }
        }
      ],
      "country": "USA"
    }
  ]
}