{
  "resourceType": "Patient",
  "id": "GenV2-TC-Patient",
  "meta": {
    "profile": [
      "http://cbsig.chai.gatech.edu/StructureDefinition/us-cbs-patient"
    ]
  },
  "text": {
    "status": "extensions",
    "div": "<div xmlns=\"http://www.w3.org/1999/xhtml\"><p><b>Generated Narrative</b></p><div style=\"display: inline-block; background-color: #d9e0e7; padding: 6px; margin: 4px; border: 1px solid #8da1b4; border-radius: 5px; line-height: 60%\"><p style=\"margin-bottom: 0px\">Resource \"GenV2-TC-Patient\" </p><p style=\"margin-bottom: 0px\">Profile: <a href=\"StructureDefinition-us-cbs-patient.html\">US Case Based Surveillance Patient Profile</a></p></div><blockquote><p><b>US Core Race Extension</b></p><p><b>value</b>: White (Details: urn:oid:2.16.840.1.113883.6.238 code 2106-3 = 'White', stated as 'White')</p><p><b>value</b>: Apache (Details: urn:oid:2.16.840.1.113883.6.238 code 1010-8 = 'Apache', stated as 'Apache')</p><p><b>value</b>: Mixed</p></blockquote><blockquote><p><b>US Core Ethnicity Extension</b></p><p><b>value</b>: Not Hispanic or Latino (Details: urn:oid:2.16.840.1.113883.6.238 code 2186-5 = 'Not Hispanic or Latino', stated as 'Not Hispanic or Latino')</p><p><b>value</b>: Not Hispanic or Latino</p></blockquote><p><b>US Core Birth Sex Extension</b>: F</p><p><b>Birth Place</b>: USA </p><p><b>identifier</b>: Local Record ID: GenV2_TC01_Record, Local Subject ID: GenV2_TC01_Subject, Legacy Case Identifier: 48432148S012014, State Case Identifier: TX4321</p><p><b>name</b>: </p><p><b>telecom</b>: </p><p><b style=\"color: maroon\">Exception generating Narrative: Cannot invoke \"String.startsWith(String)\" because the return value of \"org.hl7.fhir.r5.model.ContactPoint.getValue()\" is null</b></p></div>"
  },
  "extension": [
    {
      "extension": [
        {
          "url": "ombCategory",
          "valueCoding": {
            "system": "urn:oid:2.16.840.1.113883.6.238",
            "code": "2106-3",
            "display": "White"
          }
        },
        {
          "url": "detailed",
          "valueCoding": {
            "system": "urn:oid:2.16.840.1.113883.6.238",
            "code": "1010-8",
            "display": "Apache"
          }
        },
        {
          "url": "text",
          "valueString": "Mixed"
        }
      ],
      "url": "http://hl7.org/fhir/us/core/StructureDefinition/us-core-race"
    },
    {
      "extension": [
        {
          "url": "ombCategory",
          "valueCoding": {
            "system": "urn:oid:2.16.840.1.113883.6.238",
            "code": "2186-5",
            "display": "Not Hispanic or Latino"
          }
        },
        {
          "url": "text",
          "valueString": "Not Hispanic or Latino"
        }
      ],
      "url": "http://hl7.org/fhir/us/core/StructureDefinition/us-core-ethnicity"
    },
    {
      "url": "http://hl7.org/fhir/us/core/StructureDefinition/us-core-birthsex",
      "valueCode": "F"
    },
    {
      "url": "http://hl7.org/fhir/StructureDefinition/patient-birthPlace",
      "valueAddress": {
        "country": "USA"
      }
    }
  ],
  "identifier": [
    {
      "type": {
        "coding": [
          {
            "system": "http://cbsig.chai.gatech.edu/CodeSystem/cbs-temp-code-system",
            "code": "Local-Record-ID",
            "display": "Local Record ID"
          }
        ],
        "text": "Local Record ID"
      },
      "system": "urn:temp:national-reporting-jurisdiction:48",
      "value": "GenV2_TC01_Record"
    },
    {
      "type": {
        "coding": [
          {
            "system": "http://cbsig.chai.gatech.edu/CodeSystem/cbs-temp-code-system",
            "code": "Local-Subject-ID",
            "display": "Local Subject ID"
          }
        ],
        "text": "Local Subject ID"
      },
      "system": "urn:temp:national-reporting-jurisdiction:48",
      "value": "GenV2_TC01_Subject"
    },
    {
      "type": {
        "coding": [
          {
            "system": "http://loinc.org",
            "code": "77997-5",
            "display": "Legacy case identifier [CDC.PHIN]"
          }
        ],
        "text": "Legacy Case Identifier"
      },
      "system": "urn:temp:national-reporting-jurisdiction:48",
      "value": "48432148S012014"
    },
    {
      "type": {
        "coding": [
          {
            "system": "http://loinc.org",
            "code": "77993-4",
            "display": "State notifiable condition case identifier"
          }
        ],
        "text": "State Case Identifier"
      },
      "system": "urn:temp:national-reporting-jurisdiction:48",
      "value": "TX4321"
    }
  ],
  "name": [
    {
      "extension": [
        {
          "url": "http://hl7.org/fhir/StructureDefinition/data-absent-reason",
          "valueCode": "masked"
        }
      ]
    }
  ],
  "telecom": [
    {
      "system": "phone",
      "_value": {
        "extension": [
          {
            "url": "http://hl7.org/fhir/StructureDefinition/data-absent-reason",
            "valueCode": "masked"
          }
        ]
      }
    },
    {
      "system": "email",
      "_value": {
        "extension": [
          {
            "url": "http://hl7.org/fhir/StructureDefinition/data-absent-reason",
            "valueCode": "masked"
          }
        ]
      }
    }
  ],
  "gender": "female",
  "birthDate": "1964-05-02",
  "deceasedDateTime": "2014-03-02",
  "address": [
    {
      "use": "home",
      "district": "Harris",
      "state": "Texas",
      "postalCode": "77018"
    },
    {
      "extension": [
        {
          "url": "http://cbsig.chai.gatech.edu/StructureDefinition/cbs-cdc-address-use",
          "valueCoding": {
            "system": "http://cbsig.chai.gatech.edu/CodeSystem/cbs-temp-code-system",
            "code": "Usual-Residence"
          }
        }
      ],
      "country": "USA"
    }
  ]
}