{
  "resourceType": "Practitioner",
  "id": "Lyme-TC-Person-Reporting",
  "meta": {
    "profile": [
      "http://cbsig.chai.gatech.edu/StructureDefinition/cbs-person-reporting-to-cdc"
    ]
  },
  "text": {
    "status": "generated",
    "div": "<div xmlns=\"http://www.w3.org/1999/xhtml\"><p><b>Generated Narrative</b></p><p><b>name</b>: Doe, John</p><p><b>telecom</b>: ph: 456-987-8888, <a href=\"mailto:john.doe@email.com\">john.doe@email.com</a></p></div>"
  },
  "name": [
    {
      "text": "Doe, John",
      "family": "Doe",
      "given": [
        "John"
      ]
    }
  ],
  "telecom": [
    {
      "system": "phone",
      "value": "456-987-8888"
    },
    {
      "system": "email",
      "value": "john.doe@email.com"
    }
  ]
}