{
  "resourceType": "Practitioner",
  "id": "HAICA-TC-Person-Reporting",
  "meta": {
    "profile": [
      "http://cbsig.chai.gatech.edu/StructureDefinition/cbs-person-reporting-to-cdc"
    ]
  },
  "text": {
    "status": "generated",
    "div": "<div xmlns=\"http://www.w3.org/1999/xhtml\"><p><b>Generated Narrative</b></p><p><b>name</b>: von Count, Count</p><p><b>telecom</b>: <a href=\"mailto:count_voncount@gadph.gov\">count_voncount@gadph.gov</a></p></div>"
  },
  "name": [
    {
      "text": "von Count, Count",
      "family": "von Count",
      "given": [
        "Count"
      ]
    }
  ],
  "telecom": [
    {
      "system": "email",
      "value": "count_voncount@gadph.gov"
    }
  ]
}