{
  "resourceType": "Practitioner",
  "id": "STD-TC-Person-Reporting",
  "meta": {
    "profile": [
      "http://cbsig.chai.gatech.edu/StructureDefinition/cbs-person-reporting-to-cdc"
    ]
  },
  "text": {
    "status": "generated",
    "div": "<div xmlns=\"http://www.w3.org/1999/xhtml\"><p><b>Generated Narrative</b></p><div style=\"display: inline-block; background-color: #d9e0e7; padding: 6px; margin: 4px; border: 1px solid #8da1b4; border-radius: 5px; line-height: 60%\"><p style=\"margin-bottom: 0px\">Resource \"STD-TC-Person-Reporting\" </p><p style=\"margin-bottom: 0px\">Profile: <a href=\"StructureDefinition-cbs-person-reporting-to-cdc.html\">Case Based Surveillance Person Reporting To CDC Profile</a></p></div><p><b>name</b>: Green, Marta</p><p><b>telecom</b>: ph: 877-721-7725, <a href=\"mailto:Green@you.org\">Green@you.org</a></p></div>"
  },
  "name": [
    {
      "text": "Green, Marta",
      "family": "Green",
      "given": [
        "Marta"
      ]
    }
  ],
  "telecom": [
    {
      "system": "phone",
      "value": "877-721-7725"
    },
    {
      "system": "email",
      "value": "Green@you.org"
    }
  ]
}