{
  "resourceType": "Questionnaire",
  "id": "FoodNet-Demo-Questionnaire",
  "meta": {
    "profile": [
      "http://cbsig.chai.gatech.edu/StructureDefinition/cbs-questionnaire"
    ]
  },
  "text": {
    "status": "generated",
    "div": "<div xmlns=\"http://www.w3.org/1999/xhtml\"><table border=\"1\" cellpadding=\"0\" cellspacing=\"0\" style=\"border: 1px #F0F0F0 solid; font-size: 11px; font-family: verdana; vertical-align: top;\"><tr style=\"border: 2px #F0F0F0 solid; font-size: 11px; font-family: verdana; vertical-align: top\"><th style=\"vertical-align: top; text-align : left; background-color: white; border: 1px #F0F0F0 solid; padding:0px 4px 0px 4px\" class=\"hierarchy\"><a href=\"http://hl7.org/fhir/R4/formats.html#table\" title=\"The linkId for the item\">LinkId</a></th><th style=\"vertical-align: top; text-align : left; background-color: white; border: 1px #F0F0F0 solid; padding:0px 4px 0px 4px\" class=\"hierarchy\"><a href=\"http://hl7.org/fhir/R4/formats.html#table\" title=\"Text for the item\">Text</a></th><th style=\"vertical-align: top; text-align : left; background-color: white; border: 1px #F0F0F0 solid; padding:0px 4px 0px 4px\" class=\"hierarchy\"><a href=\"http://hl7.org/fhir/R4/formats.html#table\" title=\"Minimum and Maximum # of times the the itemcan appear in the instance\">Cardinality</a></th><th style=\"vertical-align: top; text-align : left; background-color: white; border: 1px #F0F0F0 solid; padding:0px 4px 0px 4px\" class=\"hierarchy\"><a href=\"http://hl7.org/fhir/R4/formats.html#table\" title=\"The type of the item\">Type</a></th><th style=\"vertical-align: top; text-align : left; background-color: white; border: 1px #F0F0F0 solid; padding:0px 4px 0px 4px\" class=\"hierarchy\"><a href=\"http://hl7.org/fhir/R4/formats.html#table\" title=\"Additional information about the item\">Description &amp; Constraints</a><span style=\"float: right\"><a href=\"http://hl7.org/fhir/R4/formats.html#table\" title=\"Legend for this format\"><img src=\"http://hl7.org/fhir/R4/help16.png\" alt=\"doco\" style=\"background-color: inherit\"/></a></span></th></tr><tr style=\"border: 1px #F0F0F0 solid; padding:0px; vertical-align: top; background-color: white\"><td style=\"vertical-align: top; text-align : left; background-color: white; border: 1px #F0F0F0 solid; padding:0px 4px 0px 4px; white-space: nowrap; background-image: url(tbl_bck1.png)\" class=\"hierarchy\"><img src=\"tbl_spacer.png\" alt=\".\" style=\"background-color: inherit\" class=\"hierarchy\"/><img src=\"icon_q_root.gif\" alt=\".\" style=\"background-color: white; background-color: inherit\" title=\"QuestionnaireRoot\" class=\"hierarchy\"/> FoodNetDemoQuestionnaire</td><td style=\"vertical-align: top; text-align : left; background-color: white; border: 1px #F0F0F0 solid; padding:0px 4px 0px 4px\" class=\"hierarchy\"></td><td style=\"vertical-align: top; text-align : left; background-color: white; border: 1px #F0F0F0 solid; padding:0px 4px 0px 4px\" class=\"hierarchy\"></td><td style=\"vertical-align: top; text-align : left; background-color: white; border: 1px #F0F0F0 solid; padding:0px 4px 0px 4px\" class=\"hierarchy\">Questionnaire</td><td style=\"vertical-align: top; text-align : left; background-color: white; border: 1px #F0F0F0 solid; padding:0px 4px 0px 4px\" class=\"hierarchy\">Demo questionnaire with a subset of foodnet questionnaire items.</td></tr>\r\n<tr style=\"border: 1px #F0F0F0 solid; padding:0px; vertical-align: top; background-color: #F7F7F7\"><td style=\"vertical-align: top; text-align : left; background-color: #F7F7F7; border: 1px #F0F0F0 solid; padding:0px 4px 0px 4px; white-space: nowrap; background-image: url(tbl_bck10.png)\" class=\"hierarchy\"><img src=\"tbl_spacer.png\" alt=\".\" style=\"background-color: inherit\" class=\"hierarchy\"/><img src=\"tbl_vjoin.png\" alt=\".\" style=\"background-color: inherit\" class=\"hierarchy\"/><img src=\"icon-q-coding.png\" alt=\".\" style=\"background-color: #F7F7F7; background-color: inherit\" title=\"Coding\" class=\"hierarchy\"/> FDD_Q_969</td><td style=\"vertical-align: top; text-align : left; background-color: #F7F7F7; border: 1px #F0F0F0 solid; padding:0px 4px 0px 4px\" class=\"hierarchy\">Eat Beef, Within 7 Days Before Illness</td><td style=\"vertical-align: top; text-align : left; background-color: #F7F7F7; border: 1px #F0F0F0 solid; padding:0px 4px 0px 4px\" class=\"hierarchy\">0..1</td><td style=\"vertical-align: top; text-align : left; background-color: #F7F7F7; border: 1px #F0F0F0 solid; padding:0px 4px 0px 4px\" class=\"hierarchy\"><a href=\"http://hl7.org/fhir/R4/codesystem-item-type.html#item-type-choice\">choice</a></td><td style=\"vertical-align: top; text-align : left; background-color: #F7F7F7; border: 1px #F0F0F0 solid; padding:0px 4px 0px 4px\" class=\"hierarchy\">Value Set: <a href=\"http://hl7.org/fhir/R4/valueset-example-yesnodontknow.html\">Yes/No/Don't Know</a></td></tr>\r\n<tr style=\"border: 1px #F0F0F0 solid; padding:0px; vertical-align: top; background-color: white\"><td style=\"vertical-align: top; text-align : left; background-color: white; border: 1px #F0F0F0 solid; padding:0px 4px 0px 4px; white-space: nowrap; background-image: url(tbl_bck10.png)\" class=\"hierarchy\"><img src=\"tbl_spacer.png\" alt=\".\" style=\"background-color: inherit\" class=\"hierarchy\"/><img src=\"tbl_vjoin.png\" alt=\".\" style=\"background-color: inherit\" class=\"hierarchy\"/><img src=\"icon-q-coding.png\" alt=\".\" style=\"background-color: white; background-color: inherit\" title=\"Coding\" class=\"hierarchy\"/> FDD_Q_970</td><td style=\"vertical-align: top; text-align : left; background-color: white; border: 1px #F0F0F0 solid; padding:0px 4px 0px 4px\" class=\"hierarchy\">Eat Ground Beef, Within 7 Days Before Illness</td><td style=\"vertical-align: top; text-align : left; background-color: white; border: 1px #F0F0F0 solid; padding:0px 4px 0px 4px\" class=\"hierarchy\">0..1</td><td style=\"vertical-align: top; text-align : left; background-color: white; border: 1px #F0F0F0 solid; padding:0px 4px 0px 4px\" class=\"hierarchy\"><a href=\"http://hl7.org/fhir/R4/codesystem-item-type.html#item-type-choice\">choice</a></td><td style=\"vertical-align: top; text-align : left; background-color: white; border: 1px #F0F0F0 solid; padding:0px 4px 0px 4px\" class=\"hierarchy\">Value Set: <a href=\"http://hl7.org/fhir/R4/valueset-example-yesnodontknow.html\">Yes/No/Don't Know</a></td></tr>\r\n<tr style=\"border: 1px #F0F0F0 solid; padding:0px; vertical-align: top; background-color: #F7F7F7\"><td style=\"vertical-align: top; text-align : left; background-color: #F7F7F7; border: 1px #F0F0F0 solid; padding:0px 4px 0px 4px; white-space: nowrap; background-image: url(tbl_bck10.png)\" class=\"hierarchy\"><img src=\"tbl_spacer.png\" alt=\".\" style=\"background-color: inherit\" class=\"hierarchy\"/><img src=\"tbl_vjoin.png\" alt=\".\" style=\"background-color: inherit\" class=\"hierarchy\"/><img src=\"icon-q-coding.png\" alt=\".\" style=\"background-color: #F7F7F7; background-color: inherit\" title=\"Coding\" class=\"hierarchy\"/> FDD_Q_971</td><td style=\"vertical-align: top; text-align : left; background-color: #F7F7F7; border: 1px #F0F0F0 solid; padding:0px 4px 0px 4px\" class=\"hierarchy\">Eat Beef Made Outside Of Home, Within 7 Days Before Illness</td><td style=\"vertical-align: top; text-align : left; background-color: #F7F7F7; border: 1px #F0F0F0 solid; padding:0px 4px 0px 4px\" class=\"hierarchy\">0..1</td><td style=\"vertical-align: top; text-align : left; background-color: #F7F7F7; border: 1px #F0F0F0 solid; padding:0px 4px 0px 4px\" class=\"hierarchy\"><a href=\"http://hl7.org/fhir/R4/codesystem-item-type.html#item-type-choice\">choice</a></td><td style=\"vertical-align: top; text-align : left; background-color: #F7F7F7; border: 1px #F0F0F0 solid; padding:0px 4px 0px 4px\" class=\"hierarchy\">Value Set: <a href=\"http://hl7.org/fhir/R4/valueset-example-yesnodontknow.html\">Yes/No/Don't Know</a></td></tr>\r\n<tr style=\"border: 1px #F0F0F0 solid; padding:0px; vertical-align: top; background-color: white\"><td style=\"vertical-align: top; text-align : left; background-color: white; border: 1px #F0F0F0 solid; padding:0px 4px 0px 4px; white-space: nowrap; background-image: url(tbl_bck10.png)\" class=\"hierarchy\"><img src=\"tbl_spacer.png\" alt=\".\" style=\"background-color: inherit\" class=\"hierarchy\"/><img src=\"tbl_vjoin.png\" alt=\".\" style=\"background-color: inherit\" class=\"hierarchy\"/><img src=\"icon-q-coding.png\" alt=\".\" style=\"background-color: white; background-color: inherit\" title=\"Coding\" class=\"hierarchy\"/> FDD_Q_972</td><td style=\"vertical-align: top; text-align : left; background-color: white; border: 1px #F0F0F0 solid; padding:0px 4px 0px 4px\" class=\"hierarchy\">Eat Uncooked Ground Beef, Within 7 Days Before Illness</td><td style=\"vertical-align: top; text-align : left; background-color: white; border: 1px #F0F0F0 solid; padding:0px 4px 0px 4px\" class=\"hierarchy\">0..1</td><td style=\"vertical-align: top; text-align : left; background-color: white; border: 1px #F0F0F0 solid; padding:0px 4px 0px 4px\" class=\"hierarchy\"><a href=\"http://hl7.org/fhir/R4/codesystem-item-type.html#item-type-choice\">choice</a></td><td style=\"vertical-align: top; text-align : left; background-color: white; border: 1px #F0F0F0 solid; padding:0px 4px 0px 4px\" class=\"hierarchy\">Value Set: <a href=\"http://hl7.org/fhir/R4/valueset-example-yesnodontknow.html\">Yes/No/Don't Know</a></td></tr>\r\n<tr style=\"border: 1px #F0F0F0 solid; padding:0px; vertical-align: top; background-color: #F7F7F7\"><td style=\"vertical-align: top; text-align : left; background-color: #F7F7F7; border: 1px #F0F0F0 solid; padding:0px 4px 0px 4px; white-space: nowrap; background-image: url(tbl_bck10.png)\" class=\"hierarchy\"><img src=\"tbl_spacer.png\" alt=\".\" style=\"background-color: inherit\" class=\"hierarchy\"/><img src=\"tbl_vjoin.png\" alt=\".\" style=\"background-color: inherit\" class=\"hierarchy\"/><img src=\"icon-q-coding.png\" alt=\".\" style=\"background-color: #F7F7F7; background-color: inherit\" title=\"Coding\" class=\"hierarchy\"/> FDD_Q_973</td><td style=\"vertical-align: top; text-align : left; background-color: #F7F7F7; border: 1px #F0F0F0 solid; padding:0px 4px 0px 4px\" class=\"hierarchy\">Eat Fresh Berries, Within 7 Days Before Illness</td><td style=\"vertical-align: top; text-align : left; background-color: #F7F7F7; border: 1px #F0F0F0 solid; padding:0px 4px 0px 4px\" class=\"hierarchy\">0..1</td><td style=\"vertical-align: top; text-align : left; background-color: #F7F7F7; border: 1px #F0F0F0 solid; padding:0px 4px 0px 4px\" class=\"hierarchy\"><a href=\"http://hl7.org/fhir/R4/codesystem-item-type.html#item-type-choice\">choice</a></td><td style=\"vertical-align: top; text-align : left; background-color: #F7F7F7; border: 1px #F0F0F0 solid; padding:0px 4px 0px 4px\" class=\"hierarchy\">Value Set: <a href=\"http://hl7.org/fhir/R4/valueset-example-yesnodontknow.html\">Yes/No/Don't Know</a></td></tr>\r\n<tr style=\"border: 1px #F0F0F0 solid; padding:0px; vertical-align: top; background-color: white\"><td style=\"vertical-align: top; text-align : left; background-color: white; border: 1px #F0F0F0 solid; padding:0px 4px 0px 4px; white-space: nowrap; background-image: url(tbl_bck10.png)\" class=\"hierarchy\"><img src=\"tbl_spacer.png\" alt=\".\" style=\"background-color: inherit\" class=\"hierarchy\"/><img src=\"tbl_vjoin.png\" alt=\".\" style=\"background-color: inherit\" class=\"hierarchy\"/><img src=\"icon-q-coding.png\" alt=\".\" style=\"background-color: white; background-color: inherit\" title=\"Coding\" class=\"hierarchy\"/> FDD_Q_974</td><td style=\"vertical-align: top; text-align : left; background-color: white; border: 1px #F0F0F0 solid; padding:0px 4px 0px 4px\" class=\"hierarchy\">Bird Contact, Within 7 Days Before Illness</td><td style=\"vertical-align: top; text-align : left; background-color: white; border: 1px #F0F0F0 solid; padding:0px 4px 0px 4px\" class=\"hierarchy\">0..1</td><td style=\"vertical-align: top; text-align : left; background-color: white; border: 1px #F0F0F0 solid; padding:0px 4px 0px 4px\" class=\"hierarchy\"><a href=\"http://hl7.org/fhir/R4/codesystem-item-type.html#item-type-choice\">choice</a></td><td style=\"vertical-align: top; text-align : left; background-color: white; border: 1px #F0F0F0 solid; padding:0px 4px 0px 4px\" class=\"hierarchy\">Value Set: <a href=\"http://hl7.org/fhir/R4/valueset-example-yesnodontknow.html\">Yes/No/Don't Know</a></td></tr>\r\n<tr style=\"border: 1px #F0F0F0 solid; padding:0px; vertical-align: top; background-color: #F7F7F7\"><td style=\"vertical-align: top; text-align : left; background-color: #F7F7F7; border: 1px #F0F0F0 solid; padding:0px 4px 0px 4px; white-space: nowrap; background-image: url(tbl_bck10.png)\" class=\"hierarchy\"><img src=\"tbl_spacer.png\" alt=\".\" style=\"background-color: inherit\" class=\"hierarchy\"/><img src=\"tbl_vjoin.png\" alt=\".\" style=\"background-color: inherit\" class=\"hierarchy\"/><img src=\"icon-q-coding.png\" alt=\".\" style=\"background-color: #F7F7F7; background-color: inherit\" title=\"Coding\" class=\"hierarchy\"/> FDD_Q_975</td><td style=\"vertical-align: top; text-align : left; background-color: #F7F7F7; border: 1px #F0F0F0 solid; padding:0px 4px 0px 4px\" class=\"hierarchy\">Eat Cantaloupe, Within 7 Days Before Illness</td><td style=\"vertical-align: top; text-align : left; background-color: #F7F7F7; border: 1px #F0F0F0 solid; padding:0px 4px 0px 4px\" class=\"hierarchy\">0..1</td><td style=\"vertical-align: top; text-align : left; background-color: #F7F7F7; border: 1px #F0F0F0 solid; padding:0px 4px 0px 4px\" class=\"hierarchy\"><a href=\"http://hl7.org/fhir/R4/codesystem-item-type.html#item-type-choice\">choice</a></td><td style=\"vertical-align: top; text-align : left; background-color: #F7F7F7; border: 1px #F0F0F0 solid; padding:0px 4px 0px 4px\" class=\"hierarchy\">Value Set: <a href=\"http://hl7.org/fhir/R4/valueset-example-yesnodontknow.html\">Yes/No/Don't Know</a></td></tr>\r\n<tr style=\"border: 1px #F0F0F0 solid; padding:0px; vertical-align: top; background-color: white\"><td style=\"vertical-align: top; text-align : left; background-color: white; border: 1px #F0F0F0 solid; padding:0px 4px 0px 4px; white-space: nowrap; background-image: url(tbl_bck10.png)\" class=\"hierarchy\"><img src=\"tbl_spacer.png\" alt=\".\" style=\"background-color: inherit\" class=\"hierarchy\"/><img src=\"tbl_vjoin.png\" alt=\".\" style=\"background-color: inherit\" class=\"hierarchy\"/><img src=\"icon-q-coding.png\" alt=\".\" style=\"background-color: white; background-color: inherit\" title=\"Coding\" class=\"hierarchy\"/> FDD_Q_976</td><td style=\"vertical-align: top; text-align : left; background-color: white; border: 1px #F0F0F0 solid; padding:0px 4px 0px 4px\" class=\"hierarchy\">Cat Contact, Within 7 Days Before Illness</td><td style=\"vertical-align: top; text-align : left; background-color: white; border: 1px #F0F0F0 solid; padding:0px 4px 0px 4px\" class=\"hierarchy\">0..1</td><td style=\"vertical-align: top; text-align : left; background-color: white; border: 1px #F0F0F0 solid; padding:0px 4px 0px 4px\" class=\"hierarchy\"><a href=\"http://hl7.org/fhir/R4/codesystem-item-type.html#item-type-choice\">choice</a></td><td style=\"vertical-align: top; text-align : left; background-color: white; border: 1px #F0F0F0 solid; padding:0px 4px 0px 4px\" class=\"hierarchy\">Value Set: <a href=\"http://hl7.org/fhir/R4/valueset-example-yesnodontknow.html\">Yes/No/Don't Know</a></td></tr>\r\n<tr style=\"border: 1px #F0F0F0 solid; padding:0px; vertical-align: top; background-color: #F7F7F7\"><td style=\"vertical-align: top; text-align : left; background-color: #F7F7F7; border: 1px #F0F0F0 solid; padding:0px 4px 0px 4px; white-space: nowrap; background-image: url(tbl_bck10.png)\" class=\"hierarchy\"><img src=\"tbl_spacer.png\" alt=\".\" style=\"background-color: inherit\" class=\"hierarchy\"/><img src=\"tbl_vjoin.png\" alt=\".\" style=\"background-color: inherit\" class=\"hierarchy\"/><img src=\"icon-q-coding.png\" alt=\".\" style=\"background-color: #F7F7F7; background-color: inherit\" title=\"Coding\" class=\"hierarchy\"/> FDD_Q_977</td><td style=\"vertical-align: top; text-align : left; background-color: #F7F7F7; border: 1px #F0F0F0 solid; padding:0px 4px 0px 4px\" class=\"hierarchy\">Eat Chicken, Within 7 Days Before Illness</td><td style=\"vertical-align: top; text-align : left; background-color: #F7F7F7; border: 1px #F0F0F0 solid; padding:0px 4px 0px 4px\" class=\"hierarchy\">0..1</td><td style=\"vertical-align: top; text-align : left; background-color: #F7F7F7; border: 1px #F0F0F0 solid; padding:0px 4px 0px 4px\" class=\"hierarchy\"><a href=\"http://hl7.org/fhir/R4/codesystem-item-type.html#item-type-choice\">choice</a></td><td style=\"vertical-align: top; text-align : left; background-color: #F7F7F7; border: 1px #F0F0F0 solid; padding:0px 4px 0px 4px\" class=\"hierarchy\">Value Set: <a href=\"http://hl7.org/fhir/R4/valueset-example-yesnodontknow.html\">Yes/No/Don't Know</a></td></tr>\r\n<tr style=\"border: 1px #F0F0F0 solid; padding:0px; vertical-align: top; background-color: white\"><td style=\"vertical-align: top; text-align : left; background-color: white; border: 1px #F0F0F0 solid; padding:0px 4px 0px 4px; white-space: nowrap; background-image: url(tbl_bck00.png)\" class=\"hierarchy\"><img src=\"tbl_spacer.png\" alt=\".\" style=\"background-color: inherit\" class=\"hierarchy\"/><img src=\"tbl_vjoin_end.png\" alt=\".\" style=\"background-color: inherit\" class=\"hierarchy\"/><img src=\"icon-q-coding.png\" alt=\".\" style=\"background-color: white; background-color: inherit\" title=\"Coding\" class=\"hierarchy\"/> FDD_Q_978</td><td style=\"vertical-align: top; text-align : left; background-color: white; border: 1px #F0F0F0 solid; padding:0px 4px 0px 4px\" class=\"hierarchy\">Eat Fresh Chicken, Within 7 Days Before Illness</td><td style=\"vertical-align: top; text-align : left; background-color: white; border: 1px #F0F0F0 solid; padding:0px 4px 0px 4px\" class=\"hierarchy\">0..1</td><td style=\"vertical-align: top; text-align : left; background-color: white; border: 1px #F0F0F0 solid; padding:0px 4px 0px 4px\" class=\"hierarchy\"><a href=\"http://hl7.org/fhir/R4/codesystem-item-type.html#item-type-choice\">choice</a></td><td style=\"vertical-align: top; text-align : left; background-color: white; border: 1px #F0F0F0 solid; padding:0px 4px 0px 4px\" class=\"hierarchy\">Value Set: <a href=\"http://hl7.org/fhir/R4/valueset-example-yesnodontknow.html\">Yes/No/Don't Know</a></td></tr>\r\n<tr><td colspan=\"5\" class=\"hierarchy\"><br/><a href=\"http://hl7.org/fhir/R4/formats.html#table\" title=\"Legend for this format\"><img src=\"http://hl7.org/fhir/R4/help16.png\" alt=\"doco\" style=\"background-color: inherit\"/> Documentation for this format</a></td></tr></table></div>"
  },
  "url": "http://cbsig.chai.gatech.edu/Questionnaire/FoodNet-Demo-Questionnaire",
  "version": "0.2.1",
  "name": "FoodNetDemoQuestionnaire",
  "status": "draft",
  "date": "2022-02-17T15:59:55-05:00",
  "publisher": "Georgia Tech Research Institute (GTRI)",
  "contact": [
    {
      "name": "Georgia Tech Research Institute (GTRI)",
      "telecom": [
        {
          "system": "url",
          "value": "http://gtri.gatech.edu/"
        }
      ]
    }
  ],
  "description": "Demo questionnaire with a subset of foodnet questionnaire items.",
  "item": [
    {
      "linkId": "FDD_Q_969",
      "code": [
        {
          "system": "urn:oid:2.16.840.1.114222.4.5.232",
          "code": "FDD_Q_969"
        }
      ],
      "text": "Eat Beef, Within 7 Days Before Illness",
      "type": "choice",
      "answerValueSet": "http://hl7.org/fhir/ValueSet/yesnodontknow"
    },
    {
      "linkId": "FDD_Q_970",
      "code": [
        {
          "system": "urn:oid:2.16.840.1.114222.4.5.232",
          "code": "FDD_Q_970"
        }
      ],
      "text": "Eat Ground Beef, Within 7 Days Before Illness",
      "type": "choice",
      "answerValueSet": "http://hl7.org/fhir/ValueSet/yesnodontknow"
    },
    {
      "linkId": "FDD_Q_971",
      "code": [
        {
          "system": "urn:oid:2.16.840.1.114222.4.5.232",
          "code": "FDD_Q_971"
        }
      ],
      "text": "Eat Beef Made Outside Of Home, Within 7 Days Before Illness",
      "type": "choice",
      "answerValueSet": "http://hl7.org/fhir/ValueSet/yesnodontknow"
    },
    {
      "linkId": "FDD_Q_972",
      "code": [
        {
          "system": "urn:oid:2.16.840.1.114222.4.5.232",
          "code": "FDD_Q_972"
        }
      ],
      "text": "Eat Uncooked Ground Beef, Within 7 Days Before Illness",
      "type": "choice",
      "answerValueSet": "http://hl7.org/fhir/ValueSet/yesnodontknow"
    },
    {
      "linkId": "FDD_Q_973",
      "code": [
        {
          "system": "urn:oid:2.16.840.1.114222.4.5.232",
          "code": "FDD_Q_973"
        }
      ],
      "text": "Eat Fresh Berries, Within 7 Days Before Illness",
      "type": "choice",
      "answerValueSet": "http://hl7.org/fhir/ValueSet/yesnodontknow"
    },
    {
      "linkId": "FDD_Q_974",
      "code": [
        {
          "system": "urn:oid:2.16.840.1.114222.4.5.232",
          "code": "FDD_Q_974"
        }
      ],
      "text": "Bird Contact, Within 7 Days Before Illness",
      "type": "choice",
      "answerValueSet": "http://hl7.org/fhir/ValueSet/yesnodontknow"
    },
    {
      "linkId": "FDD_Q_975",
      "code": [
        {
          "system": "urn:oid:2.16.840.1.114222.4.5.232",
          "code": "FDD_Q_975"
        }
      ],
      "text": "Eat Cantaloupe, Within 7 Days Before Illness",
      "type": "choice",
      "answerValueSet": "http://hl7.org/fhir/ValueSet/yesnodontknow"
    },
    {
      "linkId": "FDD_Q_976",
      "code": [
        {
          "system": "urn:oid:2.16.840.1.114222.4.5.232",
          "code": "FDD_Q_976"
        }
      ],
      "text": "Cat Contact, Within 7 Days Before Illness",
      "type": "choice",
      "answerValueSet": "http://hl7.org/fhir/ValueSet/yesnodontknow"
    },
    {
      "linkId": "FDD_Q_977",
      "code": [
        {
          "system": "urn:oid:2.16.840.1.114222.4.5.232",
          "code": "FDD_Q_977"
        }
      ],
      "text": "Eat Chicken, Within 7 Days Before Illness",
      "type": "choice",
      "answerValueSet": "http://hl7.org/fhir/ValueSet/yesnodontknow"
    },
    {
      "linkId": "FDD_Q_978",
      "code": [
        {
          "system": "urn:oid:2.16.840.1.114222.4.5.232",
          "code": "FDD_Q_978"
        }
      ],
      "text": "Eat Fresh Chicken, Within 7 Days Before Illness",
      "type": "choice",
      "answerValueSet": "http://hl7.org/fhir/ValueSet/yesnodontknow"
    }
  ]
}