{
  "resourceType": "ValueSet",
  "id": "CBSSTDSexualHistoryDrugUseVS",
  "text": {
    "status": "generated",
    "div": "<div xmlns=\"http://www.w3.org/1999/xhtml\"><ul><li>Include these codes as defined in <code>https://phinvads.cdc.gov/vads/ViewCodeSystem.action?id=2.16.840.1.114222.4.5.232</code><table class=\"none\"><tr><td style=\"white-space:nowrap\"><b>Code</b></td><td><b>Display</b></td></tr><tr><td>STD107</td><td/></tr><tr><td>STD108</td><td/></tr><tr><td>STD109</td><td/></tr><tr><td>STD110</td><td/></tr><tr><td>STD111</td><td/></tr><tr><td>STD112</td><td/></tr><tr><td>STD113</td><td/></tr><tr><td>STD114</td><td/></tr></table></li></ul></div>"
  },
  "url": "http://cbsig.chai.gatech.edu/ValueSet/CBSSTDSexualHistoryDrugUseVS",
  "version": "0.1.0",
  "name": "CBSSTDSexualHistoryDrugUseVS",
  "title": "STD Sexual History and Drug Use Questionnaire Panel",
  "status": "active",
  "date": "2021-07-06T18:48:07-04:00",
  "description": "This is an example valueset for how to setup coding for an Epi Questionnaire Panel using a selection of codes from the STD MMG.",
  "compose": {
    "include": [
      {
        "system": "https://phinvads.cdc.gov/vads/ViewCodeSystem.action?id=2.16.840.1.114222.4.5.232",
        "concept": [
          {
            "code": "STD107"
          },
          {
            "code": "STD108"
          },
          {
            "code": "STD109"
          },
          {
            "code": "STD110"
          },
          {
            "code": "STD111"
          },
          {
            "code": "STD112"
          },
          {
            "code": "STD113"
          },
          {
            "code": "STD114"
          }
        ]
      }
    ]
  }
}